Class,730nm,760nm,810nm,860nm,900nm,940nm,Brix (%),Sample No.
Not Sweet,223.09518432617188,153.2470703125,308.1921691894531,1929.09423828125,88.59254455566406,43.44676208496094,6.4,1
Not Sweet,225.5289459228516,155.78707885742188,315.2974853515625,1996.374755859375,90.66893005371094,43.44676208496094,6.4,1
Not Sweet,213.3601226806641,154.94041442871094,306.4158630371094,2071.775390625,86.51615905761719,43.44676208496094,6.4,1
Not Sweet,197.9462738037109,147.3203887939453,278.8828430175781,2032.3349609375,81.67124938964844,38.50962829589844,6.4,1
Not Sweet,247.432846069336,177.80047607421875,350.8239440917969,2400.0576171875,90.66893005371094,40.48448181152344,6.4,1
Not Sweet,272.5817565917969,194.7338409423828,395.2320556640625,2572.89892578125,100.3587417602539,44.43418884277344,6.4,1
Not Sweet,271.7705078125,187.11383056640625,360.5937194824219,2417.457763671875,88.59254455566406,38.50962829589844,6.4,1
Not Sweet,274.2042541503906,199.81385803222656,415.6597595214844,2612.33935546875,99.66661071777344,45.42161560058594,6.4,1
Not Sweet,276.6380310058594,193.0405120849609,396.1202087402344,2581.01904296875,104.5115203857422,45.42161560058594,6.4,1
Not Sweet,319.6345520019531,214.2072296142578,436.0874938964844,2536.938720703125,114.20132446289062,47.39646911621094,6.4,1
Not Sweet,255.5453948974609,181.1871490478516,378.3569641113281,2359.457275390625,110.74068450927734,53.32102584838867,6.4,1
Not Sweet,288.8068542480469,198.1205291748047,414.7716064453125,2574.05908203125,104.5115203857422,42.45933532714844,6.4,1
Not Sweet,273.3930053710937,190.50050354003903,394.3438720703125,2430.218017578125,110.04855346679688,53.32102584838867,6.4,1
Not Sweet,267.7142333984375,190.50050354003903,388.1267395019531,2447.617919921875,100.3587417602539,47.39646911621094,6.4,1
Not Sweet,275.0155334472656,191.34716796875,384.5740966796875,2409.337646484375,107.28003692626952,49.37131881713867,6.4,1
Not Sweet,270.1479797363281,187.11383056640625,382.79779052734375,2455.738037109375,103.81938934326172,47.39646911621094,6.4,1
Not Sweet,265.28045654296875,182.88047790527344,384.5740966796875,2379.177490234375,108.66429138183594,49.37131881713867,6.4,1
Not Sweet,279.883056640625,193.0405120849609,389.903076171875,2346.697265625,115.58558654785156,50.35874557495117,6.4,1
Not Sweet,275.8267822265625,191.34716796875,400.5610046386719,2423.2578125,112.12493896484376,50.35874557495117,6.4,1
Not Sweet,238.509033203125,170.18045043945312,361.4819030761719,2419.77783203125,103.81938934326172,48.38389205932617,6.4,1
Not Sweet,263.657958984375,184.5738220214844,369.475341796875,2264.336669921875,107.28003692626952,50.35874557495117,6.4,1
Not Sweet,255.5453948974609,182.0338134765625,385.4622497558594,2333.937255859375,121.81475067138672,58.25815582275391,6.4,1
Not Sweet,267.7142333984375,186.26715087890625,391.6793823242188,2666.859619140625,116.27771759033205,52.33359909057617,6.4,1
Not Sweet,252.3003692626953,171.873779296875,373.9161682128906,2216.7763671875,113.50920104980467,52.33359909057617,6.4,1
Not Sweet,250.6778564453125,171.02711486816406,363.2582092285156,2191.256103515625,109.3564224243164,50.35874557495117,6.4,1
Not Sweet,249.8666076660156,171.873779296875,383.6859436035156,2384.9775390625,113.50920104980467,54.30845260620117,6.4,1
Not Sweet,249.05535888671875,177.80047607421875,379.2451171875,2468.498291015625,104.5115203857422,51.34617233276367,6.4,1
Not Sweet,272.5817565917969,184.5738220214844,380.13330078125,2420.937744140625,107.28003692626952,45.42161560058594,6.4,1
Not Sweet,292.0518798828125,209.9738922119141,437.8638305664063,2706.300048828125,109.3564224243164,50.35874557495117,6.4,1
Not Sweet,295.2969055175781,206.5872039794922,436.97564697265625,2757.34033203125,116.96984100341795,50.35874557495117,6.4,1
Not Sweet,338.2934265136719,242.14730834960932,500.03515625,3370.98486328125,122.5068817138672,46.40904235839844,6.4,1
Not Sweet,257.9791564941406,173.56712341308594,387.2385864257813,2112.37548828125,116.27771759033205,54.30845260620117,6.4,1
Sweet,324.5020751953125,216.7472381591797,469.837646484375,2961.501708984375,146.7313995361328,56.28330612182617,8.0,2
Sweet,309.0882263183594,215.90057373046875,428.9822082519531,2840.86083984375,130.8124237060547,51.34617233276367,8.0,2
Sweet,314.7670288085937,209.9738922119141,412.1071166992188,2793.300537109375,127.3517837524414,50.35874557495117,8.0,2
Sweet,296.9194030761719,206.5872039794922,425.4295349121094,2636.699462890625,116.96984100341795,45.42161560058594,8.0,2
Sweet,309.0882263183594,209.9738922119141,425.4295349121094,2666.859619140625,112.12493896484376,45.42161560058594,8.0,2
Sweet,302.59820556640625,209.9738922119141,424.5413818359375,2749.22021484375,107.97216033935548,44.43418884277344,8.0,2
Sweet,287.99560546875,205.74053955078125,417.4360961914063,2606.539306640625,103.81938934326172,39.49705505371094,8.0,2
Sweet,293.67437744140625,210.820556640625,437.8638305664063,2712.10009765625,122.5068817138672,49.37131881713867,8.0,2
Sweet,296.9194030761719,214.2072296142578,450.298095703125,2816.500732421875,128.7360382080078,54.30845260620117,8.0,2
Sweet,321.257080078125,230.2939453125,460.06787109375,3061.262451171875,131.5045623779297,52.33359909057617,8.0,2
Sweet,267.7142333984375,183.72715759277344,382.79779052734375,2410.497802734375,120.43048858642578,51.34617233276367,8.0,2
Sweet,284.7505798339844,197.2738494873047,405.8899841308594,2618.139404296875,119.04623413085938,49.37131881713867,8.0,2
Sweet,223.90643310546875,150.70706176757812,366.8108520507813,2553.1787109375,121.81475067138672,50.35874557495117,8.0,2
Sweet,276.6380310058594,185.4204864501953,381.0214538574219,2558.978759765625,121.12261962890624,49.37131881713867,8.0,2
Sweet,279.0718078613281,187.9604949951172,373.0279846191406,2585.658935546875,128.04391479492188,51.34617233276367,8.0,2
Sweet,279.0718078613281,191.34716796875,369.475341796875,2401.2177734375,108.66429138183594,44.43418884277344,8.0,2
Sweet,291.2406311035156,198.1205291748047,403.2254943847656,2440.657958984375,121.81475067138672,53.32102584838867,8.0,2
Sweet,287.99560546875,193.0405120849609,382.79779052734375,2394.257568359375,122.5068817138672,47.39646911621094,8.0,2
Sweet,262.8466796875,173.56712341308594,366.8108520507813,2275.936767578125,114.20132446289062,51.34617233276367,8.0,2
Sweet,266.0917053222656,184.5738220214844,381.0214538574219,2215.6162109375,114.20132446289062,45.42161560058594,8.0,2
Sweet,279.0718078613281,191.34716796875,391.6793823242188,2477.7783203125,112.12493896484376,50.35874557495117,8.0,2
Sweet,315.5782775878906,218.44058227539065,452.0744018554688,2858.260986328125,124.58326721191406,50.35874557495117,8.0,2
Sweet,305.0319519042969,213.36056518554688,421.87689208984375,3058.942626953125,121.12261962890624,52.33359909057617,8.0,2
Sweet,346.4059753417969,238.76063537597656,524.0155029296875,3220.183837890625,135.65733337402344,51.34617233276367,8.0,2
Sweet,309.0882263183594,213.36056518554688,443.1927795410156,2694.699951171875,126.65965270996094,52.33359909057617,8.0,2
Sweet,330.1808776855469,231.1406097412109,477.83111572265625,2939.461669921875,130.8124237060547,49.37131881713867,8.0,2
Sweet,349.6510009765625,244.68731689453125,519.57470703125,3308.344482421875,141.19436645507812,56.28330612182617,8.0,2
Sweet,364.2536010742188,266.7007141113281,595.9566040039062,3745.667724609375,141.88648986816406,51.34617233276367,8.0,2
Sweet,321.257080078125,225.21392822265625,489.377197265625,2949.90185546875,143.270751953125,58.25815582275391,8.0,2
Sweet,304.220703125,214.2072296142578,463.6205139160156,3036.90234375,134.9652099609375,56.28330612182617,8.0,2
Sweet,339.10467529296875,237.91395568847656,515.1339111328125,3054.302490234375,131.5045623779297,48.38389205932617,8.0,2
Sweet,315.5782775878906,226.0605926513672,482.27191162109375,2788.66064453125,121.81475067138672,48.38389205932617,8.0,2
Not Sweet,282.3168029785156,192.19384765625,400.5610046386719,2618.139404296875,134.2730712890625,52.33359909057617,7.2,3
Not Sweet,294.48565673828125,196.4271850585937,410.330810546875,2657.57958984375,123.8911361694336,52.33359909057617,7.2,3
Not Sweet,268.5254821777344,188.80715942382807,363.2582092285156,2330.457275390625,110.74068450927734,48.38389205932617,7.2,3
Not Sweet,273.3930053710937,191.34716796875,381.90960693359375,2470.818115234375,125.96752166748048,51.34617233276367,7.2,3
Not Sweet,302.59820556640625,208.28054809570312,420.9887390136719,2415.1376953125,125.96752166748048,47.39646911621094,7.2,3
Not Sweet,322.0683288574219,213.36056518554688,442.30462646484375,2504.45849609375,131.5045623779297,54.30845260620117,7.2,3
Not Sweet,307.4657287597656,218.44058227539065,445.8572692871094,2862.901123046875,141.19436645507812,57.27073287963867,7.2,3
Not Sweet,326.93585205078125,227.75393676757807,472.5021362304688,2930.181640625,148.11566162109375,59.245582580566406,7.2,3
Not Sweet,382.1011962890625,256.5406799316406,516.0220336914062,2926.70166015625,136.34945678710938,53.32102584838867,7.2,3
Not Sweet,288.8068542480469,202.35386657714844,431.6466674804688,2583.339111328125,138.4258575439453,57.27073287963867,7.2,3
Not Sweet,283.1280822753906,192.19384765625,409.442626953125,2444.137939453125,121.81475067138672,47.39646911621094,7.2,3
Not Sweet,275.8267822265625,192.19384765625,380.13330078125,2475.458251953125,114.20132446289062,50.35874557495117,7.2,3
Not Sweet,254.734130859375,176.1071319580078,341.0541687011719,2090.33544921875,100.3587417602539,43.44676208496094,7.2,3
Not Sweet,289.6181030273437,198.1205291748047,413.8834533691406,2604.21923828125,114.8934555053711,48.38389205932617,7.2,3
Not Sweet,287.99560546875,202.35386657714844,428.0940246582031,2444.137939453125,119.73835754394533,47.39646911621094,7.2,3
Not Sweet,292.0518798828125,201.5072021484375,410.330810546875,2685.419677734375,114.8934555053711,48.38389205932617,7.2,3
Not Sweet,264.4692077636719,176.1071319580078,361.4819030761719,2155.2958984375,117.66197204589844,47.39646911621094,7.2,3
Not Sweet,227.9627227783203,166.7937774658203,333.9488830566406,2365.25732421875,125.27539825439452,46.40904235839844,7.2,3
Not Sweet,265.28045654296875,184.5738220214844,392.5675659179688,2309.576904296875,125.27539825439452,52.33359909057617,7.2,3
Not Sweet,276.6380310058594,189.65383911132807,398.7846984863281,2272.456787109375,111.43280792236328,46.40904235839844,7.2,3
Not Sweet,270.959228515625,197.2738494873047,402.33734130859375,2447.617919921875,121.12261962890624,51.34617233276367,7.2,3
Not Sweet,292.0518798828125,199.81385803222656,393.4557189941406,2462.6982421875,132.88882446289062,56.28330612182617,7.2,3
Not Sweet,326.1246032714844,216.7472381591797,467.1731567382813,3038.0625,137.04159545898438,56.28330612182617,7.2,3
Not Sweet,283.9393310546875,198.1205291748047,419.21240234375,2425.577880859375,112.81707000732422,47.39646911621094,7.2,3
Not Sweet,278.2605285644531,199.81385803222656,412.9952697753906,2787.50048828125,129.4281768798828,55.29587936401367,7.2,3
Not Sweet,340.7272033691406,229.447265625,475.1666259765625,3034.582275390625,128.7360382080078,43.44676208496094,7.2,3
Not Sweet,271.7705078125,205.74053955078125,461.84417724609375,3321.1044921875,131.5045623779297,53.32102584838867,7.2,3
Not Sweet,292.0518798828125,209.9738922119141,446.7454223632813,2830.4208984375,130.12030029296875,53.32102584838867,7.2,3
Not Sweet,304.220703125,219.2872467041016,461.84417724609375,2880.30126953125,118.3541030883789,50.35874557495117,7.2,3
Not Sweet,278.2605285644531,189.65383911132807,384.5740966796875,2201.6962890625,127.3517837524414,57.27073287963867,7.2,3
Not Sweet,284.7505798339844,195.5805206298828,429.870361328125,2373.37744140625,116.27771759033205,43.44676208496094,7.2,3
Not Sweet,273.3930053710937,185.4204864501953,386.3504333496094,2310.737060546875,112.81707000732422,46.40904235839844,7.2,3
Sweet,246.62158203125,173.56712341308594,361.4819030761719,2396.57763671875,105.20364379882812,47.39646911621094,8.6,4
Sweet,279.883056640625,186.26715087890625,357.04107666015625,2375.697509765625,98.28235626220705,41.47190856933594,8.6,4
Sweet,265.28045654296875,186.26715087890625,361.4819030761719,2289.85693359375,101.05087280273438,45.42161560058594,8.6,4
Sweet,289.6181030273437,204.04721069335932,394.3438720703125,2473.13818359375,105.8957748413086,42.45933532714844,8.6,4
Sweet,255.5453948974609,178.6471405029297,328.6199035644531,2155.2958984375,87.20828247070312,36.5347785949707,8.6,4
Sweet,317.2007751464844,224.3672637939453,460.9560241699219,2716.739990234375,128.7360382080078,50.35874557495117,8.6,4
Sweet,270.959228515625,190.50050354003903,377.46881103515625,2252.736572265625,106.58790588378906,46.40904235839844,8.6,4
Sweet,268.5254821777344,189.65383911132807,390.7912292480469,2459.218017578125,109.3564224243164,45.42161560058594,8.6,4
Sweet,258.7904052734375,178.6471405029297,368.5871887207031,2252.736572265625,115.58558654785156,49.37131881713867,8.6,4
Sweet,261.22418212890625,185.4204864501953,372.1398315429688,2373.37744140625,112.12493896484376,47.39646911621094,8.6,4
Sweet,281.50555419921875,194.7338409423828,405.0018310546875,2526.49853515625,121.12261962890624,53.32102584838867,8.6,4
Sweet,262.0354309082031,176.95379638671875,380.13330078125,2322.337158203125,113.50920104980467,49.37131881713867,8.6,4
Sweet,261.22418212890625,172.720458984375,365.9226989746094,2052.05517578125,114.20132446289062,48.38389205932617,8.6,4
Sweet,250.6778564453125,172.720458984375,354.3765869140625,2054.375244140625,114.20132446289062,50.35874557495117,8.6,4
Sweet,254.734130859375,174.41378784179688,365.0345458984375,2126.295654296875,116.27771759033205,52.33359909057617,8.6,4
Sweet,257.9791564941406,178.6471405029297,355.2647705078125,2184.296142578125,119.04623413085938,51.34617233276367,8.6,4
Sweet,238.509033203125,169.3337860107422,333.0606994628906,2155.2958984375,99.66661071777344,41.47190856933594,8.6,4
Sweet,276.6380310058594,196.4271850585937,389.903076171875,2315.376953125,110.04855346679688,45.42161560058594,8.6,4
Sweet,281.50555419921875,200.6605224609375,419.21240234375,2713.260009765625,123.8911361694336,48.38389205932617,8.6,4
Sweet,283.1280822753906,202.35386657714844,411.2189636230469,2565.93896484375,107.28003692626952,43.44676208496094,8.6,4
Sweet,266.9029541015625,178.6471405029297,387.2385864257813,2331.6171875,114.20132446289062,49.37131881713867,8.6,4
Sweet,277.44927978515625,186.26715087890625,386.3504333496094,2432.537841796875,127.3517837524414,54.30845260620117,8.6,4
Sweet,257.1679077148437,190.50050354003903,399.6728515625,2561.298828125,119.73835754394533,50.35874557495117,8.6,4
Sweet,251.48912048339844,178.6471405029297,387.2385864257813,2236.49658203125,118.3541030883789,52.33359909057617,8.6,4
Sweet,279.0718078613281,192.19384765625,392.5675659179688,2468.498291015625,120.43048858642578,50.35874557495117,8.6,4
Sweet,260.4129333496094,174.41378784179688,381.0214538574219,2408.177734375,117.66197204589844,51.34617233276367,8.6,4
Sweet,270.1479797363281,193.88717651367188,404.1136779785156,2309.576904296875,120.43048858642578,50.35874557495117,8.6,4
Sweet,275.8267822265625,188.80715942382807,390.7912292480469,2477.7783203125,130.12030029296875,52.33359909057617,8.6,4
Sweet,289.6181030273437,195.5805206298828,422.76507568359375,2381.49755859375,123.19900512695312,49.37131881713867,8.6,4
Sweet,256.3566589355469,176.1071319580078,368.5871887207031,2111.215576171875,121.81475067138672,51.34617233276367,8.6,4
Sweet,275.8267822265625,194.7338409423828,405.8899841308594,2500.978515625,132.88882446289062,56.28330612182617,8.6,4
Sweet,287.99560546875,206.5872039794922,432.5348510742188,2748.060302734375,120.43048858642578,49.37131881713867,8.6,4
Sweet,265.28045654296875,193.0405120849609,373.9161682128906,2394.257568359375,105.20364379882812,42.45933532714844,8.2,5
Sweet,302.59820556640625,204.8938751220703,440.5282897949219,2582.178955078125,125.27539825439452,46.40904235839844,8.2,5
Sweet,302.59820556640625,209.9738922119141,418.3242492675781,2541.57861328125,112.12493896484376,39.49705505371094,8.2,5
Sweet,278.2605285644531,201.5072021484375,422.76507568359375,2482.418212890625,119.04623413085938,50.35874557495117,8.2,5
Sweet,274.2042541503906,193.0405120849609,382.79779052734375,2630.8994140625,125.27539825439452,53.32102584838867,8.2,5
Sweet,334.2371520996094,226.0605926513672,434.3111572265625,2969.621826171875,120.43048858642578,47.39646911621094,8.2,5
Sweet,334.2371520996094,212.513900756836,457.40338134765625,2655.259521484375,136.34945678710938,51.34617233276367,8.2,5
Sweet,261.22418212890625,179.49380493164062,360.5937194824219,2658.739501953125,125.96752166748048,50.35874557495117,8.2,5
Sweet,256.3566589355469,178.6471405029297,349.0476379394531,2084.535400390625,98.28235626220705,40.48448181152344,8.2,5
Sweet,249.8666076660156,181.1871490478516,355.2647705078125,2398.897705078125,103.81938934326172,41.47190856933594,8.2,5
Sweet,236.0752716064453,162.5604248046875,311.74481201171875,1944.17431640625,112.12493896484376,46.40904235839844,8.2,5
Sweet,229.5852203369141,165.9470977783203,337.50152587890625,2050.89501953125,106.58790588378906,48.38389205932617,8.2,5
Sweet,223.09518432617188,159.1737518310547,332.17254638671875,2165.736083984375,116.27771759033205,51.34617233276367,8.2,5
Sweet,213.3601226806641,149.8603973388672,294.8697509765625,1881.5338134765625,81.67124938964844,35.5473518371582,8.2,5
Sweet,238.509033203125,159.1737518310547,288.6526184082031,1981.2945556640625,94.12957763671876,41.47190856933594,8.2,5
Sweet,223.09518432617188,161.71376037597656,317.9619445800781,1978.974609375,107.97216033935548,45.42161560058594,8.2,5
Sweet,259.6016845703125,180.3404693603516,377.46881103515625,2192.416259765625,103.81938934326172,35.5473518371582,8.2,5
Sweet,266.9029541015625,177.80047607421875,365.0345458984375,1959.25439453125,117.66197204589844,46.40904235839844,8.2,5
Sweet,219.03890991210932,157.48040771484375,333.9488830566406,2271.296630859375,112.12493896484376,48.38389205932617,8.2,5
Sweet,236.0752716064453,170.18045043945312,342.8305053710937,2067.13525390625,103.81938934326172,45.42161560058594,8.2,5
Sweet,247.432846069336,172.720458984375,350.8239440917969,2183.135986328125,112.81707000732422,49.37131881713867,8.2,5
Sweet,279.0718078613281,187.9604949951172,407.6663208007813,2333.937255859375,112.12493896484376,45.42161560058594,8.2,5
Sweet,254.734130859375,176.1071319580078,344.6068115234375,2368.737548828125,110.04855346679688,46.40904235839844,8.2,5
Sweet,249.05535888671875,168.4871063232422,338.3896789550781,2121.655517578125,98.97447967529295,37.52220153808594,8.2,5
Sweet,281.50555419921875,199.81385803222656,435.1993408203125,2672.65966796875,115.58558654785156,44.43418884277344,8.2,5
Sweet,286.3730773925781,202.35386657714844,409.442626953125,2664.53955078125,121.12261962890624,48.38389205932617,8.2,5
Sweet,241.75405883789065,186.26715087890625,411.2189636230469,2705.139892578125,132.19668579101562,51.34617233276367,8.2,5
Sweet,244.9990692138672,168.4871063232422,327.73175048828125,2064.815185546875,123.19900512695312,57.27073287963867,8.2,5
Sweet,284.7505798339844,202.35386657714844,415.6597595214844,2671.499755859375,121.12261962890624,53.32102584838867,8.2,5
Sweet,297.73065185546875,214.2072296142578,429.870361328125,2694.699951171875,116.96984100341795,52.33359909057617,8.2,5
Sweet,259.6016845703125,177.80047607421875,377.46881103515625,2518.378662109375,124.58326721191406,51.34617233276367,8.2,5
Sweet,277.44927978515625,197.2738494873047,385.4622497558594,2703.97998046875,120.43048858642578,50.35874557495117,8.2,5
Sweet,276.6380310058594,191.34716796875,399.6728515625,2477.7783203125,114.8934555053711,47.39646911621094,8.2,6
Sweet,258.7904052734375,173.56712341308594,355.2647705078125,2070.615234375,106.58790588378906,43.44676208496094,8.2,6
Sweet,249.8666076660156,177.80047607421875,344.6068115234375,2146.015869140625,106.58790588378906,44.43418884277344,8.2,6
Sweet,289.6181030273437,203.20053100585932,407.6663208007813,2361.77734375,117.66197204589844,49.37131881713867,8.2,6
Sweet,267.7142333984375,192.19384765625,393.4557189941406,2512.57861328125,110.74068450927734,42.45933532714844,8.2,6
Sweet,295.2969055175781,206.5872039794922,435.1993408203125,2659.899658203125,114.20132446289062,45.42161560058594,8.2,6
Sweet,244.1878204345703,174.41378784179688,343.7186584472656,2081.055419921875,89.976806640625,34.5599250793457,8.2,6
Sweet,206.87008666992188,150.70706176757812,288.6526184082031,1866.4537353515625,83.05551147460938,37.52220153808594,8.2,6
Sweet,208.4925842285156,148.16705322265625,290.428955078125,1830.4935302734373,80.9791259765625,36.5347785949707,8.2,6
Sweet,235.26400756835932,167.64044189453125,327.73175048828125,1977.8145751953125,95.51383972167967,42.45933532714844,8.2,6
Sweet,232.8302459716797,165.10043334960938,341.9423217773437,2105.41552734375,112.81707000732422,50.35874557495117,8.2,6
Sweet,220.6614227294922,156.6337432861328,311.74481201171875,1898.9339599609373,94.82170867919922,41.47190856933594,8.2,6
Sweet,250.6778564453125,173.56712341308594,341.0541687011719,2148.3359375,110.74068450927734,48.38389205932617,8.2,6
Sweet,265.28045654296875,189.65383911132807,388.1267395019531,2384.9775390625,116.27771759033205,48.38389205932617,8.2,6
Sweet,260.4129333496094,178.6471405029297,377.46881103515625,2134.415771484375,119.73835754394533,52.33359909057617,8.2,6
Sweet,232.8302459716797,159.1737518310547,339.27783203125,1988.254638671875,115.58558654785156,49.37131881713867,8.2,6
Sweet,249.8666076660156,175.26046752929688,366.8108520507813,2072.935302734375,106.58790588378906,46.40904235839844,8.2,6
Sweet,245.81033325195312,166.7937774658203,334.8370361328125,2086.85546875,105.20364379882812,43.44676208496094,8.2,6
Sweet,231.20773315429688,160.02041625976562,333.9488830566406,2055.53515625,115.58558654785156,49.37131881713867,8.2,6
Sweet,235.26400756835932,168.4871063232422,337.50152587890625,2025.3748779296875,102.43512725830078,44.43418884277344,8.2,6
Sweet,226.3402099609375,160.02041625976562,318.8501281738281,2006.8148193359373,97.59022521972656,43.44676208496094,8.2,6
Sweet,266.9029541015625,183.72715759277344,390.7912292480469,2263.1767578125,114.20132446289062,47.39646911621094,8.2,6
Sweet,227.9627227783203,154.94041442871094,341.9423217773437,1932.57421875,115.58558654785156,51.34617233276367,8.2,6
Sweet,259.6016845703125,181.1871490478516,366.8108520507813,2221.416259765625,110.04855346679688,46.40904235839844,8.2,6
Sweet,252.3003692626953,169.3337860107422,355.2647705078125,2003.334716796875,115.58558654785156,51.34617233276367,8.2,6
Sweet,274.2042541503906,189.65383911132807,391.6793823242188,2432.537841796875,116.96984100341795,50.35874557495117,8.2,6
Sweet,262.0354309082031,183.72715759277344,380.13330078125,2307.257080078125,115.58558654785156,49.37131881713867,8.2,6
Sweet,283.9393310546875,198.1205291748047,421.87689208984375,2601.899169921875,116.27771759033205,49.37131881713867,8.2,6
Sweet,299.3531799316406,206.5872039794922,409.442626953125,2691.2197265625,124.58326721191406,50.35874557495117,8.2,6
Sweet,283.1280822753906,197.2738494873047,411.2189636230469,2511.41845703125,130.8124237060547,55.29587936401367,8.2,6
Sweet,266.0917053222656,189.65383911132807,373.0279846191406,2388.45751953125,111.43280792236328,47.39646911621094,8.2,6
Sweet,265.28045654296875,182.0338134765625,381.90960693359375,2272.456787109375,116.27771759033205,49.37131881713867,8.2,6
Not Sweet,299.3531799316406,209.1272125244141,420.1005859375,2714.419921875,116.27771759033205,50.35874557495117,5.6,7
Not Sweet,291.2406311035156,203.20053100585932,420.9887390136719,2607.69921875,109.3564224243164,50.35874557495117,5.6,7
Not Sweet,277.44927978515625,187.9604949951172,396.1202087402344,2449.93798828125,119.73835754394533,51.34617233276367,5.6,7
Not Sweet,275.0155334472656,187.9604949951172,383.6859436035156,2381.49755859375,114.8934555053711,51.34617233276367,5.6,7
Not Sweet,261.22418212890625,183.72715759277344,375.6924743652344,2336.25732421875,103.12725830078124,46.40904235839844,5.6,7
Not Sweet,256.3566589355469,182.88047790527344,369.475341796875,2281.73681640625,107.28003692626952,48.38389205932617,5.6,7
Not Sweet,275.8267822265625,189.65383911132807,376.5806579589844,2564.77880859375,106.58790588378906,47.39646911621094,5.6,7
Not Sweet,305.8432312011719,216.7472381591797,436.0874938964844,2784.0205078125,120.43048858642578,50.35874557495117,5.6,7
Not Sweet,294.48565673828125,202.35386657714844,421.87689208984375,2553.1787109375,107.97216033935548,46.40904235839844,5.6,7
Not Sweet,300.1644287109375,210.820556640625,425.4295349121094,2993.982177734375,112.81707000732422,47.39646911621094,5.6,7
Not Sweet,270.1479797363281,189.65383911132807,383.6859436035156,2570.578857421875,115.58558654785156,47.39646911621094,5.6,7
Not Sweet,265.28045654296875,181.1871490478516,389.903076171875,2322.337158203125,114.8934555053711,52.33359909057617,5.6,7
Not Sweet,273.3930053710937,192.19384765625,395.2320556640625,2396.57763671875,105.8957748413086,46.40904235839844,5.6,7
Not Sweet,264.4692077636719,184.5738220214844,396.1202087402344,2300.296875,107.28003692626952,48.38389205932617,5.6,7
Not Sweet,261.22418212890625,176.1071319580078,370.363525390625,2317.697021484375,107.28003692626952,50.35874557495117,5.6,7
Not Sweet,249.05535888671875,176.1071319580078,367.6990356445313,2292.177001953125,108.66429138183594,48.38389205932617,5.6,7
Not Sweet,250.6778564453125,176.1071319580078,357.04107666015625,2170.3759765625,96.8980941772461,46.40904235839844,5.6,7
Not Sweet,279.0718078613281,192.19384765625,388.1267395019531,2576.37890625,107.97216033935548,49.37131881713867,5.6,7
Not Sweet,269.33673095703125,187.9604949951172,392.5675659179688,2314.217041015625,117.66197204589844,47.39646911621094,5.6,7
Not Sweet,303.4094543457031,206.5872039794922,432.5348510742188,2782.860595703125,115.58558654785156,48.38389205932617,5.6,7
Not Sweet,268.5254821777344,198.9671936035156,427.2058715820313,2688.89990234375,120.43048858642578,53.32102584838867,5.6,7
Not Sweet,298.5419311523437,201.5072021484375,418.3242492675781,2527.65869140625,125.27539825439452,52.33359909057617,5.6,7
Not Sweet,275.0155334472656,198.1205291748047,434.3111572265625,2758.500244140625,118.3541030883789,55.29587936401367,5.6,7
Not Sweet,283.1280822753906,198.9671936035156,419.21240234375,2376.857421875,116.96984100341795,53.32102584838867,5.6,7
Not Sweet,252.3003692626953,182.0338134765625,401.4491882324219,2543.898681640625,108.66429138183594,51.34617233276367,5.6,7
Not Sweet,283.9393310546875,193.0405120849609,385.4622497558594,2226.056396484375,108.66429138183594,48.38389205932617,5.6,7
Not Sweet,256.3566589355469,180.3404693603516,375.6924743652344,2213.29638671875,110.74068450927734,49.37131881713867,5.6,7
Not Sweet,266.0917053222656,186.26715087890625,399.6728515625,2453.41796875,121.12261962890624,52.33359909057617,5.6,7
Not Sweet,264.4692077636719,192.19384765625,413.8834533691406,2548.538818359375,120.43048858642578,54.30845260620117,5.6,7
Not Sweet,311.5220031738281,204.8938751220703,423.6532287597656,2683.099853515625,119.73835754394533,50.35874557495117,5.6,7
Not Sweet,332.6146240234375,231.1406097412109,470.7257995605469,2942.941650390625,127.3517837524414,51.34617233276367,5.6,7
Not Sweet,316.3895263671875,223.5205841064453,480.4955749511719,3076.3427734375,123.19900512695312,52.33359909057617,5.6,7
Not Sweet,241.75405883789065,170.18045043945312,357.04107666015625,2177.3359375,94.82170867919922,43.44676208496094,7.0,8
Not Sweet,261.22418212890625,187.11383056640625,354.3765869140625,2318.857177734375,103.81938934326172,48.38389205932617,7.0,8
Not Sweet,229.5852203369141,165.10043334960938,309.0803527832031,2094.975341796875,85.82402801513672,36.5347785949707,7.0,8
Not Sweet,257.9791564941406,185.4204864501953,346.3831481933594,2307.257080078125,94.12957763671876,40.48448181152344,7.0,8
Not Sweet,290.42938232421875,196.4271850585937,402.33734130859375,2477.7783203125,118.3541030883789,51.34617233276367,7.0,8
Not Sweet,271.7705078125,188.80715942382807,374.8043212890625,2504.45849609375,116.96984100341795,48.38389205932617,7.0,8
Not Sweet,272.5817565917969,192.19384765625,402.33734130859375,2471.978271484375,114.8934555053711,47.39646911621094,7.0,8
Not Sweet,257.9791564941406,184.5738220214844,370.363525390625,2381.49755859375,109.3564224243164,45.42161560058594,7.0,8
Not Sweet,279.0718078613281,197.2738494873047,381.0214538574219,2523.0185546875,108.66429138183594,44.43418884277344,7.0,8
Not Sweet,240.9427947998047,171.873779296875,347.27130126953125,2144.855712890625,93.43744659423828,41.47190856933594,7.0,8
Not Sweet,262.0354309082031,183.72715759277344,373.0279846191406,2344.377197265625,107.28003692626952,46.40904235839844,7.0,8
Not Sweet,268.5254821777344,183.72715759277344,378.3569641113281,2362.9375,112.81707000732422,51.34617233276367,7.0,8
Not Sweet,247.432846069336,171.02711486816406,357.04107666015625,2159.93603515625,106.58790588378906,48.38389205932617,7.0,8
Not Sweet,281.50555419921875,194.7338409423828,386.3504333496094,2353.6572265625,114.20132446289062,51.34617233276367,7.0,8
Not Sweet,256.3566589355469,174.41378784179688,370.363525390625,2278.2568359375,113.50920104980467,53.32102584838867,7.0,8
Not Sweet,251.48912048339844,174.41378784179688,361.4819030761719,2224.896484375,106.58790588378906,49.37131881713867,7.0,8
Not Sweet,253.92288208007807,173.56712341308594,341.9423217773437,2195.896240234375,100.3587417602539,41.47190856933594,7.0,8
Not Sweet,265.28045654296875,178.6471405029297,373.0279846191406,2294.496826171875,113.50920104980467,48.38389205932617,7.0,8
Not Sweet,253.92288208007807,179.49380493164062,379.2451171875,2210.976318359375,111.43280792236328,47.39646911621094,7.0,8
Not Sweet,239.32028198242188,166.7937774658203,339.27783203125,2067.13525390625,105.20364379882812,44.43418884277344,7.0,8
Not Sweet,249.05535888671875,173.56712341308594,352.60028076171875,2082.21533203125,110.04855346679688,47.39646911621094,7.0,8
Not Sweet,255.5453948974609,177.80047607421875,375.6924743652344,2275.936767578125,121.81475067138672,56.28330612182617,7.0,8
Not Sweet,243.37657165527344,164.25376892089844,338.3896789550781,2004.4947509765625,121.12261962890624,56.28330612182617,7.0,8
Not Sweet,255.5453948974609,176.1071319580078,365.0345458984375,2183.135986328125,112.12493896484376,47.39646911621094,7.0,8
Not Sweet,257.1679077148437,181.1871490478516,379.2451171875,2246.9365234375,116.96984100341795,50.35874557495117,7.0,8
Not Sweet,253.11163330078125,174.41378784179688,361.4819030761719,2324.6572265625,118.3541030883789,53.32102584838867,7.0,8
Not Sweet,257.9791564941406,179.49380493164062,362.37005615234375,2259.696533203125,106.58790588378906,43.44676208496094,7.0,8
Not Sweet,257.1679077148437,176.95379638671875,368.5871887207031,2078.7353515625,120.43048858642578,54.30845260620117,7.0,8
Not Sweet,280.6943054199219,195.5805206298828,405.0018310546875,2575.218994140625,112.12493896484376,48.38389205932617,7.0,8
Not Sweet,262.0354309082031,184.5738220214844,383.6859436035156,2434.85791015625,118.3541030883789,54.30845260620117,7.0,8
Not Sweet,293.67437744140625,209.1272125244141,436.0874938964844,2792.140625,120.43048858642578,47.39646911621094,7.0,8
Not Sweet,235.26400756835932,165.9470977783203,353.4884338378906,2093.8154296875,122.5068817138672,57.27073287963867,7.0,8
Not Sweet,273.3930053710937,187.11383056640625,384.5740966796875,2507.9384765625,121.81475067138672,51.34617233276367,7.6,9
Not Sweet,275.8267822265625,193.88717651367188,372.1398315429688,2424.41796875,110.74068450927734,42.45933532714844,7.6,9
Not Sweet,303.4094543457031,205.74053955078125,407.6663208007813,2517.218505859375,119.73835754394533,44.43418884277344,7.6,9
Not Sweet,300.1644287109375,206.5872039794922,436.0874938964844,2458.05810546875,129.4281768798828,49.37131881713867,7.6,9
Not Sweet,283.1280822753906,199.81385803222656,402.33734130859375,2502.138427734375,117.66197204589844,47.39646911621094,7.6,9
Not Sweet,284.7505798339844,198.9671936035156,387.2385864257813,2584.4990234375,112.81707000732422,39.49705505371094,7.6,9
Not Sweet,302.59820556640625,209.1272125244141,431.6466674804688,2649.45947265625,137.7337188720703,54.30845260620117,7.6,9
Not Sweet,269.33673095703125,188.80715942382807,395.2320556640625,2655.259521484375,130.12030029296875,51.34617233276367,7.6,9
Not Sweet,280.6943054199219,189.65383911132807,382.79779052734375,2379.177490234375,130.12030029296875,54.30845260620117,7.6,9
Not Sweet,263.657958984375,187.9604949951172,356.1529235839844,2592.619140625,126.65965270996094,52.33359909057617,7.6,9
Not Sweet,250.6778564453125,171.873779296875,361.4819030761719,2192.416259765625,110.04855346679688,46.40904235839844,7.6,9
Not Sweet,249.8666076660156,172.720458984375,341.0541687011719,1977.8145751953125,107.97216033935548,46.40904235839844,7.6,9
Not Sweet,257.9791564941406,176.95379638671875,367.6990356445313,2136.73583984375,113.50920104980467,47.39646911621094,7.6,9
Not Sweet,256.3566589355469,176.95379638671875,371.2516784667969,2117.015625,122.5068817138672,51.34617233276367,7.6,9
Not Sweet,252.3003692626953,180.3404693603516,359.70556640625,2231.8564453125,111.43280792236328,47.39646911621094,7.6,9
Not Sweet,255.5453948974609,174.41378784179688,364.1463928222656,2209.81640625,120.43048858642578,47.39646911621094,7.6,9
Not Sweet,249.05535888671875,176.1071319580078,351.71209716796875,2248.0966796875,102.43512725830078,41.47190856933594,7.6,9
Not Sweet,256.3566589355469,179.49380493164062,368.5871887207031,2246.9365234375,112.12493896484376,47.39646911621094,7.6,9
Not Sweet,257.1679077148437,175.26046752929688,337.50152587890625,2034.655029296875,103.81938934326172,40.48448181152344,7.6,9
Not Sweet,268.5254821777344,186.26715087890625,367.6990356445313,2313.05712890625,113.50920104980467,49.37131881713867,7.6,9
Not Sweet,254.734130859375,178.6471405029297,385.4622497558594,2349.017333984375,116.27771759033205,48.38389205932617,7.6,9
Not Sweet,274.2042541503906,189.65383911132807,372.1398315429688,2413.977783203125,110.74068450927734,42.45933532714844,7.6,9
Not Sweet,305.8432312011719,213.36056518554688,431.6466674804688,2641.33935546875,120.43048858642578,44.43418884277344,7.6,9
Not Sweet,306.65447998046875,212.513900756836,477.83111572265625,2962.661865234375,118.3541030883789,43.44676208496094,7.6,9
Not Sweet,250.6778564453125,181.1871490478516,370.363525390625,2452.258056640625,125.96752166748048,52.33359909057617,7.6,9
Not Sweet,265.28045654296875,182.0338134765625,371.2516784667969,2132.095703125,119.73835754394533,50.35874557495117,7.6,9
Not Sweet,263.657958984375,183.72715759277344,386.3504333496094,2287.536865234375,114.20132446289062,48.38389205932617,7.6,9
Not Sweet,262.8466796875,180.3404693603516,373.9161682128906,2306.096923828125,111.43280792236328,46.40904235839844,7.6,9
Not Sweet,258.7904052734375,181.1871490478516,370.363525390625,2245.776611328125,113.50920104980467,50.35874557495117,7.6,9
Not Sweet,279.883056640625,199.81385803222656,399.6728515625,2565.93896484375,105.8957748413086,46.40904235839844,7.6,9
Not Sweet,245.81033325195312,167.64044189453125,365.9226989746094,2168.055908203125,124.58326721191406,52.33359909057617,7.6,9
Not Sweet,290.42938232421875,199.81385803222656,406.7781372070313,2521.858642578125,114.20132446289062,46.40904235839844,7.6,9
Sweet,260.4129333496094,179.49380493164062,349.935791015625,2228.37646484375,134.9652099609375,57.27073287963867,8.0,10
Sweet,256.3566589355469,179.49380493164062,367.6990356445313,2260.856689453125,106.58790588378906,42.45933532714844,8.0,10
Sweet,241.75405883789065,167.64044189453125,334.8370361328125,2082.21533203125,119.04623413085938,54.30845260620117,8.0,10
Sweet,297.73065185546875,198.9671936035156,373.9161682128906,2272.456787109375,110.74068450927734,46.40904235839844,8.0,10
Sweet,275.0155334472656,189.65383911132807,372.1398315429688,2262.0166015625,128.7360382080078,51.34617233276367,8.0,10
Sweet,284.7505798339844,195.5805206298828,412.1071166992188,2398.897705078125,116.27771759033205,45.42161560058594,8.0,10
Sweet,264.4692077636719,189.65383911132807,378.3569641113281,2300.296875,116.27771759033205,46.40904235839844,8.0,10
Sweet,275.0155334472656,192.19384765625,400.5610046386719,2274.77685546875,110.04855346679688,39.49705505371094,8.0,10
Sweet,283.1280822753906,196.4271850585937,395.2320556640625,2354.8173828125,113.50920104980467,45.42161560058594,8.0,10
Sweet,289.6181030273437,207.4338836669922,433.4230041503906,2550.85888671875,111.43280792236328,44.43418884277344,8.0,10
Sweet,239.32028198242188,165.9470977783203,348.1594543457031,2245.776611328125,125.27539825439452,56.28330612182617,8.0,10
Sweet,262.0354309082031,176.95379638671875,365.9226989746094,2134.415771484375,119.73835754394533,50.35874557495117,8.0,10
Sweet,262.0354309082031,174.41378784179688,355.2647705078125,2221.416259765625,115.58558654785156,47.39646911621094,8.0,10
Sweet,243.37657165527344,165.9470977783203,333.9488830566406,2040.455078125,106.58790588378906,44.43418884277344,8.0,10
Sweet,275.8267822265625,184.5738220214844,367.6990356445313,2213.29638671875,110.04855346679688,45.42161560058594,8.0,10
Sweet,266.9029541015625,181.1871490478516,358.8174133300781,2301.45703125,125.27539825439452,50.35874557495117,8.0,10
Sweet,262.8466796875,175.26046752929688,367.6990356445313,2146.015869140625,113.50920104980467,46.40904235839844,8.0,10
Sweet,275.8267822265625,182.0338134765625,358.8174133300781,2286.376953125,113.50920104980467,44.43418884277344,8.0,10
Sweet,297.73065185546875,205.74053955078125,396.1202087402344,2516.05859375,106.58790588378906,42.45933532714844,8.0,10
Sweet,288.8068542480469,196.4271850585937,405.0018310546875,2552.018798828125,130.12030029296875,56.28330612182617,8.0,10
Sweet,271.7705078125,193.0405120849609,422.76507568359375,2622.779296875,114.20132446289062,48.38389205932617,8.0,10
Sweet,338.2934265136719,226.0605926513672,484.9364013671875,3026.46240234375,134.2730712890625,52.33359909057617,8.0,10
Sweet,284.7505798339844,204.8938751220703,448.5217590332031,2628.579345703125,129.4281768798828,56.28330612182617,8.0,10
Sweet,282.3168029785156,190.50050354003903,420.9887390136719,2447.617919921875,119.04623413085938,45.42161560058594,8.0,10
Sweet,249.8666076660156,177.80047607421875,372.1398315429688,2368.737548828125,101.05087280273438,37.52220153808594,8.0,10
Sweet,263.657958984375,185.4204864501953,364.1463928222656,2217.936279296875,113.50920104980467,49.37131881713867,8.0,10
Sweet,271.7705078125,182.0338134765625,393.4557189941406,2245.776611328125,122.5068817138672,54.30845260620117,8.0,10
Sweet,270.1479797363281,189.65383911132807,382.79779052734375,2473.13818359375,110.04855346679688,47.39646911621094,8.0,10
Sweet,305.8432312011719,205.74053955078125,404.1136779785156,2601.899169921875,114.20132446289062,45.42161560058594,8.0,10
Sweet,290.42938232421875,194.7338409423828,420.1005859375,2426.73779296875,123.8911361694336,53.32102584838867,8.0,10
Sweet,290.42938232421875,196.4271850585937,401.4491882324219,2453.41796875,131.5045623779297,54.30845260620117,8.0,10
Sweet,300.1644287109375,209.9738922119141,466.2850036621094,2670.339599609375,123.19900512695312,46.40904235839844,8.0,10
Sweet,258.7904052734375,178.6471405029297,368.5871887207031,2258.53662109375,128.04391479492188,54.30845260620117,8.2,11
Sweet,249.05535888671875,174.41378784179688,368.5871887207031,2265.49658203125,123.19900512695312,52.33359909057617,8.2,11
Sweet,245.81033325195312,173.56712341308594,341.0541687011719,2122.815673828125,115.58558654785156,50.35874557495117,8.2,11
Sweet,309.0882263183594,212.513900756836,424.5413818359375,2560.138916015625,130.8124237060547,50.35874557495117,8.2,11
Sweet,305.0319519042969,206.5872039794922,413.8834533691406,2483.578369140625,130.8124237060547,51.34617233276367,8.2,11
Sweet,308.2769775390625,210.820556640625,437.8638305664063,2720.219970703125,125.27539825439452,52.33359909057617,8.2,11
Sweet,275.8267822265625,181.1871490478516,357.9292297363281,2535.77880859375,120.43048858642578,47.39646911621094,8.2,11
Sweet,292.0518798828125,193.88717651367188,363.2582092285156,2591.458984375,115.58558654785156,43.44676208496094,8.2,11
Sweet,292.0518798828125,198.9671936035156,409.442626953125,2462.6982421875,123.19900512695312,47.39646911621094,8.2,11
Sweet,284.7505798339844,197.2738494873047,398.7846984863281,2761.98046875,134.2730712890625,58.25815582275391,8.2,11
Sweet,268.5254821777344,178.6471405029297,350.8239440917969,2277.0966796875,114.20132446289062,46.40904235839844,8.2,11
Sweet,266.9029541015625,185.4204864501953,383.6859436035156,2447.617919921875,118.3541030883789,50.35874557495117,8.2,11
Sweet,262.8466796875,180.3404693603516,376.5806579589844,2505.618408203125,110.74068450927734,48.38389205932617,8.2,11
Sweet,249.8666076660156,176.1071319580078,360.5937194824219,2237.656494140625,112.12493896484376,44.43418884277344,8.2,11
Sweet,244.1878204345703,167.64044189453125,333.9488830566406,1934.894287109375,110.04855346679688,46.40904235839844,8.2,11
Sweet,238.509033203125,165.10043334960938,334.8370361328125,1923.294189453125,106.58790588378906,44.43418884277344,8.2,11
Sweet,253.92288208007807,171.02711486816406,333.0606994628906,2101.935546875,113.50920104980467,47.39646911621094,8.2,11
Sweet,275.8267822265625,193.0405120849609,403.2254943847656,2423.2578125,123.19900512695312,49.37131881713867,8.2,11
Sweet,272.5817565917969,198.1205291748047,403.2254943847656,2534.61865234375,116.27771759033205,49.37131881713867,8.2,11
Sweet,254.734130859375,180.3404693603516,366.8108520507813,2112.37548828125,111.43280792236328,41.47190856933594,8.2,11
Sweet,254.734130859375,167.64044189453125,355.2647705078125,2186.6162109375,113.50920104980467,44.43418884277344,8.2,11
Sweet,289.6181030273437,208.28054809570312,401.4491882324219,2628.579345703125,116.27771759033205,44.43418884277344,8.2,11
Sweet,287.99560546875,205.74053955078125,416.5479431152344,2618.139404296875,126.65965270996094,52.33359909057617,8.2,11
Sweet,274.2042541503906,198.9671936035156,411.2189636230469,2613.499267578125,121.12261962890624,53.32102584838867,8.2,11
Sweet,273.3930053710937,185.4204864501953,393.4557189941406,2368.737548828125,127.3517837524414,57.27073287963867,8.2,11
Sweet,287.1843566894531,198.1205291748047,433.4230041503906,2585.658935546875,119.73835754394533,48.38389205932617,8.2,11
Sweet,234.4527587890625,164.25376892089844,348.1594543457031,2012.6148681640625,116.96984100341795,50.35874557495117,8.2,11
Sweet,236.0752716064453,161.71376037597656,341.9423217773437,1929.09423828125,112.81707000732422,50.35874557495117,8.2,11
Sweet,287.99560546875,195.5805206298828,396.1202087402344,2339.7373046875,124.58326721191406,48.38389205932617,8.2,11
Sweet,285.56182861328125,191.34716796875,409.442626953125,2378.017578125,138.4258575439453,59.245582580566406,8.2,11
Sweet,249.8666076660156,167.64044189453125,348.1594543457031,2162.255859375,125.96752166748048,47.39646911621094,8.2,11
Sweet,264.4692077636719,194.7338409423828,394.3438720703125,2678.459716796875,119.73835754394533,46.40904235839844,8.2,11
Sweet,228.7739715576172,163.4071044921875,319.73828125,2214.456298828125,94.12957763671876,36.5347785949707,8.6,12
Sweet,206.058822631836,147.3203887939453,306.4158630371094,1908.214111328125,83.74764251708984,41.47190856933594,8.6,12
Sweet,222.283935546875,150.70706176757812,314.4093017578125,2006.8148193359373,89.976806640625,41.47190856933594,8.6,12
Sweet,257.1679077148437,178.6471405029297,355.2647705078125,2604.21923828125,114.20132446289062,52.33359909057617,8.6,12
Sweet,224.7176971435547,157.48040771484375,310.8566589355469,2318.857177734375,96.20596313476562,44.43418884277344,8.6,12
Sweet,216.6051483154297,149.8603973388672,334.8370361328125,2098.45556640625,91.3610610961914,44.43418884277344,8.6,12
Sweet,183.3436737060547,131.23367309570312,258.4551086425781,2191.256103515625,86.51615905761719,34.5599250793457,8.6,12
Sweet,202.00254821777344,136.31369018554688,288.6526184082031,1978.974609375,83.74764251708984,37.52220153808594,8.6,12
Sweet,194.7012481689453,136.31369018554688,276.2183532714844,1845.5736083984373,76.13421630859375,36.5347785949707,8.6,12
Sweet,192.2674865722656,132.08035278320312,248.68533325195312,2007.974853515625,74.74996185302734,31.597644805908203,8.6,12
Sweet,226.3402099609375,142.24037170410156,322.4027709960937,2391.937744140625,121.12261962890624,57.27073287963867,8.6,12
Sweet,243.37657165527344,169.3337860107422,360.5937194824219,2238.81640625,107.28003692626952,53.32102584838867,8.6,12
Sweet,188.21121215820312,139.7003631591797,300.19873046875,2107.735595703125,92.74532318115234,40.48448181152344,8.6,12
Sweet,211.73760986328125,143.08705139160156,283.3236389160156,2048.5751953125,99.66661071777344,44.43418884277344,8.6,12
Sweet,208.4925842285156,139.7003631591797,288.6526184082031,2011.454833984375,107.97216033935548,53.32102584838867,8.6,12
Sweet,249.05535888671875,158.32708740234375,323.2909240722656,2471.978271484375,105.8957748413086,45.42161560058594,8.6,12
Sweet,224.7176971435547,165.9470977783203,348.1594543457031,2375.697509765625,109.3564224243164,46.40904235839844,8.6,12
Sweet,224.7176971435547,172.720458984375,357.04107666015625,2583.339111328125,103.12725830078124,42.45933532714844,8.6,12
Sweet,223.09518432617188,152.40040588378906,341.9423217773437,2613.499267578125,108.66429138183594,34.5599250793457,8.6,12
Sweet,258.7904052734375,179.49380493164062,357.9292297363281,2266.65673828125,113.50920104980467,51.34617233276367,8.6,12
Sweet,264.4692077636719,171.873779296875,341.0541687011719,2439.498046875,118.3541030883789,55.29587936401367,8.6,12
Sweet,278.2605285644531,177.80047607421875,365.9226989746094,2506.778564453125,101.74300384521484,37.52220153808594,8.6,12
Sweet,248.2440948486328,179.49380493164062,381.90960693359375,2170.3759765625,110.04855346679688,45.42161560058594,8.6,12
Sweet,244.9990692138672,168.4871063232422,340.166015625,2395.417724609375,106.58790588378906,51.34617233276367,8.6,12
Sweet,231.20773315429688,175.26046752929688,402.33734130859375,2310.737060546875,116.27771759033205,49.37131881713867,8.6,12
Sweet,219.03890991210932,150.70706176757812,310.8566589355469,2040.455078125,110.74068450927734,45.42161560058594,8.6,12
Sweet,253.11163330078125,173.56712341308594,373.9161682128906,2172.696044921875,111.43280792236328,51.34617233276367,8.6,12
Sweet,187.3999481201172,133.773681640625,284.2118225097656,2047.4150390625,114.8934555053711,54.30845260620117,8.6,12
Sweet,180.09866333007812,138.0070343017578,299.310546875,2147.17578125,104.5115203857422,39.49705505371094,8.6,12
Sweet,262.8466796875,184.5738220214844,409.442626953125,2569.4189453125,100.3587417602539,37.52220153808594,8.6,12
Sweet,280.6943054199219,187.11383056640625,387.2385864257813,2651.779541015625,101.74300384521484,41.47190856933594,8.6,12
Sweet,217.41639709472656,150.70706176757812,333.9488830566406,2117.015625,104.5115203857422,47.39646911621094,8.6,12
Sweet,269.33673095703125,182.0338134765625,383.6859436035156,2329.297119140625,121.81475067138672,52.33359909057617,9.4,13
Sweet,271.7705078125,185.4204864501953,387.2385864257813,2558.978759765625,125.27539825439452,54.30845260620117,9.4,13
Sweet,281.50555419921875,186.26715087890625,373.0279846191406,2574.05908203125,121.81475067138672,49.37131881713867,9.4,13
Sweet,291.2406311035156,194.7338409423828,412.1071166992188,2339.7373046875,124.58326721191406,54.30845260620117,9.4,13
Sweet,279.883056640625,186.26715087890625,391.6793823242188,2626.25927734375,119.04623413085938,55.29587936401367,9.4,13
Sweet,289.6181030273437,198.1205291748047,395.2320556640625,2484.73828125,119.04623413085938,48.38389205932617,9.4,13
Sweet,308.2769775390625,216.7472381591797,431.6466674804688,2627.41943359375,130.8124237060547,58.25815582275391,9.4,13
Sweet,288.8068542480469,197.2738494873047,422.76507568359375,2542.73876953125,121.81475067138672,56.28330612182617,9.4,13
Sweet,283.9393310546875,192.19384765625,389.903076171875,2433.697998046875,126.65965270996094,58.25815582275391,9.4,13
Sweet,267.7142333984375,188.80715942382807,392.5675659179688,2498.658447265625,124.58326721191406,54.30845260620117,9.4,13
Sweet,240.9427947998047,174.41378784179688,347.27130126953125,2393.09765625,117.66197204589844,49.37131881713867,9.4,13
Sweet,262.8466796875,180.3404693603516,368.5871887207031,2264.336669921875,116.27771759033205,49.37131881713867,9.4,13
Sweet,217.41639709472656,153.2470703125,352.60028076171875,2179.656005859375,114.8934555053711,53.32102584838867,9.4,13
Sweet,248.2440948486328,171.02711486816406,310.8566589355469,2178.49609375,114.20132446289062,48.38389205932617,9.4,13
Sweet,263.657958984375,187.11383056640625,387.2385864257813,2615.8193359375,116.27771759033205,49.37131881713867,9.4,13
Sweet,257.9791564941406,186.26715087890625,389.903076171875,2589.13916015625,113.50920104980467,44.43418884277344,9.4,13
Sweet,240.1315460205078,183.72715759277344,394.3438720703125,2455.738037109375,118.3541030883789,50.35874557495117,9.4,13
Sweet,269.33673095703125,187.9604949951172,387.2385864257813,2415.1376953125,119.04623413085938,54.30845260620117,9.4,13
Sweet,263.657958984375,191.34716796875,375.6924743652344,2382.657470703125,110.74068450927734,45.42161560058594,9.4,13
Sweet,267.7142333984375,187.9604949951172,372.1398315429688,2523.0185546875,114.20132446289062,47.39646911621094,9.4,13
Sweet,300.9756774902344,208.28054809570312,420.9887390136719,2723.7001953125,121.12261962890624,54.30845260620117,9.4,13
Sweet,235.26400756835932,166.7937774658203,341.0541687011719,2591.458984375,121.81475067138672,52.33359909057617,9.4,13
Sweet,248.2440948486328,167.64044189453125,363.2582092285156,2487.058349609375,128.7360382080078,61.220436096191406,9.4,13
Sweet,236.0752716064453,157.48040771484375,343.7186584472656,2528.818603515625,123.19900512695312,54.30845260620117,9.4,13
Sweet,249.05535888671875,182.0338134765625,374.8043212890625,2389.61767578125,116.27771759033205,51.34617233276367,9.4,13
Sweet,263.657958984375,190.50050354003903,401.4491882324219,2340.897216796875,110.04855346679688,42.45933532714844,9.4,13
Sweet,269.33673095703125,188.80715942382807,402.33734130859375,2538.0986328125,114.8934555053711,48.38389205932617,9.4,13
Sweet,286.3730773925781,197.2738494873047,392.5675659179688,2534.61865234375,115.58558654785156,51.34617233276367,9.4,13
Sweet,337.482177734375,226.0605926513672,449.409912109375,3109.98291015625,132.19668579101562,53.32102584838867,9.4,13
Sweet,336.6709289550781,227.75393676757807,458.2915344238281,3042.702392578125,124.58326721191406,52.33359909057617,9.4,13
Sweet,280.6943054199219,192.19384765625,405.8899841308594,2400.0576171875,126.65965270996094,50.35874557495117,9.4,13
Sweet,272.5817565917969,196.4271850585937,402.33734130859375,2470.818115234375,112.12493896484376,43.44676208496094,9.4,13
Sweet,236.0752716064453,161.71376037597656,344.6068115234375,2144.855712890625,114.8934555053711,54.30845260620117,8.0,14
Sweet,193.0787353515625,139.7003631591797,316.1856384277344,2016.0948486328125,110.04855346679688,50.35874557495117,8.0,14
Sweet,236.0752716064453,166.7937774658203,341.0541687011719,2301.45703125,119.73835754394533,55.29587936401367,8.0,14
Sweet,259.6016845703125,181.1871490478516,351.71209716796875,2431.3779296875,111.43280792236328,48.38389205932617,8.0,14
Sweet,246.62158203125,171.873779296875,358.8174133300781,2401.2177734375,114.20132446289062,49.37131881713867,8.0,14
Sweet,273.3930053710937,186.26715087890625,382.79779052734375,2313.05712890625,116.96984100341795,47.39646911621094,8.0,14
Sweet,222.283935546875,173.56712341308594,350.8239440917969,2531.138671875,112.12493896484376,39.49705505371094,8.0,14
Sweet,269.33673095703125,188.80715942382807,396.1202087402344,2398.897705078125,127.3517837524414,57.27073287963867,8.0,14
Sweet,275.0155334472656,187.11383056640625,379.2451171875,2451.09814453125,112.12493896484376,42.45933532714844,8.0,14
Sweet,265.28045654296875,185.4204864501953,374.8043212890625,2378.017578125,121.81475067138672,53.32102584838867,8.0,14
Sweet,241.75405883789065,165.9470977783203,329.508056640625,2069.455322265625,105.8957748413086,47.39646911621094,8.0,14
Sweet,235.26400756835932,160.02041625976562,350.8239440917969,1953.454345703125,107.97216033935548,48.38389205932617,8.0,14
Sweet,238.509033203125,163.4071044921875,325.0672607421875,2021.8948974609373,105.8957748413086,43.44676208496094,8.0,14
Sweet,262.0354309082031,182.88047790527344,357.9292297363281,2427.89794921875,110.74068450927734,45.42161560058594,8.0,14
Sweet,255.5453948974609,170.18045043945312,359.70556640625,2168.055908203125,116.96984100341795,45.42161560058594,8.0,14
Sweet,227.9627227783203,164.25376892089844,343.7186584472656,2380.337646484375,116.96984100341795,52.33359909057617,8.0,14
Sweet,207.68133544921875,161.71376037597656,358.8174133300781,2437.177978515625,120.43048858642578,54.30845260620117,8.0,14
Sweet,249.8666076660156,168.4871063232422,320.6264343261719,2112.37548828125,113.50920104980467,44.43418884277344,8.0,14
Sweet,253.92288208007807,169.3337860107422,340.166015625,2170.3759765625,110.74068450927734,44.43418884277344,8.0,14
Sweet,225.5289459228516,156.6337432861328,325.9554138183594,1987.0946044921875,104.5115203857422,47.39646911621094,8.0,14
Sweet,237.69778442382807,162.5604248046875,326.84356689453125,2113.53564453125,103.81938934326172,49.37131881713867,8.0,14
Sweet,261.22418212890625,184.5738220214844,368.5871887207031,2238.81640625,121.12261962890624,57.27073287963867,8.0,14
Sweet,257.9791564941406,176.95379638671875,370.363525390625,2336.25732421875,110.74068450927734,51.34617233276367,8.0,14
Sweet,261.22418212890625,178.6471405029297,337.50152587890625,2234.176513671875,112.81707000732422,47.39646911621094,8.0,14
Sweet,285.56182861328125,200.6605224609375,397.0083618164063,2487.058349609375,115.58558654785156,52.33359909057617,8.0,14
Sweet,292.0518798828125,196.4271850585937,403.2254943847656,2610.019287109375,117.66197204589844,50.35874557495117,8.0,14
Sweet,251.48912048339844,176.95379638671875,379.2451171875,2252.736572265625,120.43048858642578,54.30845260620117,8.0,14
Sweet,225.5289459228516,158.32708740234375,334.8370361328125,2262.0166015625,112.12493896484376,43.44676208496094,8.0,14
Sweet,267.7142333984375,182.0338134765625,384.5740966796875,2507.9384765625,111.43280792236328,43.44676208496094,8.0,14
Sweet,236.0752716064453,155.78707885742188,312.63299560546875,2424.41796875,113.50920104980467,46.40904235839844,8.0,14
Sweet,220.6614227294922,162.5604248046875,341.9423217773437,2372.217529296875,111.43280792236328,47.39646911621094,8.0,14
Sweet,265.28045654296875,187.9604949951172,385.4622497558594,2470.818115234375,110.74068450927734,48.38389205932617,8.0,14
Sweet,278.2605285644531,194.7338409423828,389.0149230957031,2703.97998046875,118.3541030883789,46.40904235839844,8.8,15
Sweet,311.5220031738281,220.98057556152344,455.6270446777344,2777.060546875,127.3517837524414,50.35874557495117,8.8,15
Sweet,248.2440948486328,176.95379638671875,387.2385864257813,2316.537109375,119.73835754394533,43.44676208496094,8.8,15
Sweet,218.22764587402344,163.4071044921875,356.1529235839844,2246.9365234375,119.73835754394533,38.50962829589844,8.8,15
Sweet,199.5687866210937,160.02041625976562,303.7513732910156,2461.5380859375,118.3541030883789,47.39646911621094,8.8,15
Sweet,283.9393310546875,188.80715942382807,399.6728515625,2221.416259765625,124.58326721191406,52.33359909057617,8.8,15
Sweet,281.50555419921875,187.11383056640625,389.0149230957031,2466.17822265625,120.43048858642578,50.35874557495117,8.8,15
Sweet,249.05535888671875,172.720458984375,310.8566589355469,2525.338623046875,122.5068817138672,51.34617233276367,8.8,15
Sweet,260.4129333496094,185.4204864501953,378.3569641113281,2317.697021484375,116.27771759033205,49.37131881713867,8.8,15
Sweet,296.108154296875,198.9671936035156,420.9887390136719,2490.538330078125,124.58326721191406,54.30845260620117,8.8,15
Sweet,232.0189971923828,154.94041442871094,313.5211486816406,2205.17626953125,119.04623413085938,54.30845260620117,8.8,15
Sweet,242.5653076171875,171.02711486816406,349.0476379394531,2223.736328125,112.12493896484376,52.33359909057617,8.8,15
Sweet,257.1679077148437,173.56712341308594,322.4027709960937,2278.2568359375,110.04855346679688,51.34617233276367,8.8,15
Sweet,262.8466796875,180.3404693603516,372.1398315429688,2177.3359375,116.27771759033205,39.49705505371094,8.8,15
Sweet,234.4527587890625,161.71376037597656,341.0541687011719,2277.0966796875,114.8934555053711,47.39646911621094,8.8,15
Sweet,247.432846069336,164.25376892089844,345.4949645996094,2115.855712890625,116.27771759033205,51.34617233276367,8.8,15
Sweet,261.22418212890625,182.0338134765625,365.0345458984375,2178.49609375,119.73835754394533,49.37131881713867,8.8,15
Sweet,263.657958984375,186.26715087890625,381.90960693359375,2277.0966796875,108.66429138183594,42.45933532714844,8.8,15
Sweet,251.48912048339844,179.49380493164062,394.3438720703125,2360.617431640625,116.27771759033205,52.33359909057617,8.8,15
Sweet,195.51251220703125,138.0070343017578,316.1856384277344,2070.615234375,98.28235626220705,38.50962829589844,8.8,15
Sweet,225.5289459228516,168.4871063232422,341.9423217773437,2177.3359375,110.04855346679688,45.42161560058594,8.8,15
Sweet,287.1843566894531,199.81385803222656,399.6728515625,2463.858154296875,119.04623413085938,42.45933532714844,8.8,15
Sweet,271.7705078125,181.1871490478516,377.46881103515625,2586.819091796875,123.8911361694336,50.35874557495117,8.8,15
Sweet,227.9627227783203,180.3404693603516,385.4622497558594,2525.338623046875,114.20132446289062,43.44676208496094,8.8,15
Sweet,271.7705078125,193.0405120849609,409.442626953125,2765.46044921875,124.58326721191406,52.33359909057617,8.8,15
Sweet,262.8466796875,184.5738220214844,395.2320556640625,2411.65771484375,128.7360382080078,55.29587936401367,8.8,15
Sweet,285.56182861328125,188.80715942382807,388.1267395019531,2528.818603515625,122.5068817138672,50.35874557495117,8.8,15
Sweet,259.6016845703125,171.873779296875,356.1529235839844,2306.096923828125,116.96984100341795,46.40904235839844,8.8,15
Sweet,257.9791564941406,168.4871063232422,343.7186584472656,2279.416748046875,118.3541030883789,50.35874557495117,8.8,15
Sweet,249.05535888671875,171.02711486816406,353.4884338378906,2503.29833984375,118.3541030883789,49.37131881713867,8.8,15
Sweet,292.0518798828125,199.81385803222656,407.6663208007813,2426.73779296875,130.12030029296875,53.32102584838867,8.8,15
Sweet,277.44927978515625,193.0405120849609,385.4622497558594,2483.578369140625,123.8911361694336,53.32102584838867,8.8,15
Sweet,248.2440948486328,171.873779296875,354.3765869140625,2205.17626953125,106.58790588378906,50.35874557495117,8.6,16
Sweet,227.9627227783203,164.25376892089844,347.27130126953125,2130.935791015625,115.58558654785156,56.28330612182617,8.6,16
Sweet,241.75405883789065,171.02711486816406,352.60028076171875,2125.1357421875,97.59022521972656,39.49705505371094,8.6,16
Sweet,244.9990692138672,179.49380493164062,372.1398315429688,2287.536865234375,105.8957748413086,49.37131881713867,8.6,16
Sweet,267.7142333984375,189.65383911132807,389.903076171875,2366.41748046875,107.97216033935548,49.37131881713867,8.6,16
Sweet,283.1280822753906,198.1205291748047,411.2189636230469,2529.978759765625,113.50920104980467,50.35874557495117,8.6,16
Sweet,274.2042541503906,197.2738494873047,408.5544738769531,2644.819580078125,110.74068450927734,46.40904235839844,8.6,16
Sweet,286.3730773925781,203.20053100585932,424.5413818359375,2766.620361328125,121.81475067138672,56.28330612182617,8.6,16
Sweet,267.7142333984375,186.26715087890625,393.4557189941406,2436.01806640625,121.81475067138672,57.27073287963867,8.6,16
Sweet,282.3168029785156,198.1205291748047,410.330810546875,2454.578125,120.43048858642578,56.28330612182617,8.6,16
Sweet,256.3566589355469,173.56712341308594,355.2647705078125,2162.255859375,114.20132446289062,48.38389205932617,8.6,16
Sweet,224.7176971435547,149.01373291015625,308.1921691894531,2249.256591796875,109.3564224243164,50.35874557495117,8.6,16
Sweet,245.81033325195312,173.56712341308594,343.7186584472656,2280.576904296875,115.58558654785156,55.29587936401367,8.6,16
Sweet,237.69778442382807,169.3337860107422,365.0345458984375,2176.176025390625,104.5115203857422,51.34617233276367,8.6,16
Sweet,236.0752716064453,165.9470977783203,347.27130126953125,2164.575927734375,103.81938934326172,51.34617233276367,8.6,16
Sweet,239.32028198242188,170.18045043945312,357.04107666015625,2115.855712890625,106.58790588378906,52.33359909057617,8.6,16
Sweet,236.0752716064453,166.7937774658203,357.9292297363281,2209.81640625,104.5115203857422,51.34617233276367,8.6,16
Sweet,240.1315460205078,169.3337860107422,340.166015625,2180.816162109375,104.5115203857422,48.38389205932617,8.6,16
Sweet,256.3566589355469,180.3404693603516,357.04107666015625,2303.777099609375,112.12493896484376,50.35874557495117,8.6,16
Sweet,285.56182861328125,203.20053100585932,436.97564697265625,2512.57861328125,118.3541030883789,53.32102584838867,8.6,16
Sweet,264.4692077636719,186.26715087890625,402.33734130859375,2441.818115234375,113.50920104980467,52.33359909057617,8.6,16
Sweet,235.26400756835932,170.18045043945312,349.0476379394531,2224.896484375,112.81707000732422,53.32102584838867,8.6,16
Sweet,249.05535888671875,172.720458984375,356.1529235839844,2320.01708984375,116.96984100341795,56.28330612182617,8.6,16
Sweet,234.4527587890625,167.64044189453125,355.2647705078125,2108.8955078125,103.12725830078124,47.39646911621094,8.6,16
Sweet,233.6415100097656,160.02041625976562,342.8305053710937,1918.6541748046875,104.5115203857422,44.43418884277344,8.6,16
Sweet,222.283935546875,155.78707885742188,329.508056640625,1875.7337646484373,101.74300384521484,50.35874557495117,8.6,16
Sweet,236.8865203857422,168.4871063232422,343.7186584472656,2093.8154296875,103.12725830078124,49.37131881713867,8.6,16
Sweet,237.69778442382807,165.9470977783203,349.935791015625,1976.654541015625,104.5115203857422,47.39646911621094,8.6,16
Sweet,229.5852203369141,164.25376892089844,339.27783203125,2046.255126953125,100.3587417602539,49.37131881713867,8.6,16
Sweet,239.32028198242188,169.3337860107422,344.6068115234375,2090.33544921875,105.8957748413086,53.32102584838867,8.6,16
Sweet,247.432846069336,171.02711486816406,365.0345458984375,2165.736083984375,116.27771759033205,57.27073287963867,8.6,16
Sweet,253.11163330078125,174.41378784179688,350.8239440917969,2176.176025390625,116.27771759033205,54.30845260620117,8.6,16
Sweet,255.5453948974609,175.26046752929688,391.6793823242188,2323.4970703125,116.96984100341795,51.34617233276367,9.2,17
Sweet,272.5817565917969,193.88717651367188,374.8043212890625,2552.018798828125,116.96984100341795,46.40904235839844,9.2,17
Sweet,286.3730773925781,204.04721069335932,426.3177185058594,2650.61962890625,116.96984100341795,47.39646911621094,9.2,17
Sweet,283.9393310546875,204.8938751220703,429.870361328125,2764.30029296875,122.5068817138672,42.45933532714844,9.2,17
Sweet,298.5419311523437,195.5805206298828,412.9952697753906,2714.419921875,116.96984100341795,49.37131881713867,9.2,17
Sweet,294.48565673828125,199.81385803222656,402.33734130859375,2487.058349609375,131.5045623779297,55.29587936401367,9.2,17
Sweet,278.2605285644531,187.9604949951172,394.3438720703125,2311.89697265625,120.43048858642578,47.39646911621094,9.2,17
Sweet,254.734130859375,182.0338134765625,373.9161682128906,2445.298095703125,113.50920104980467,41.47190856933594,9.2,17
Sweet,287.1843566894531,197.2738494873047,393.4557189941406,2663.379638671875,119.73835754394533,49.37131881713867,9.2,17
Sweet,281.50555419921875,192.19384765625,422.76507568359375,2688.89990234375,124.58326721191406,52.33359909057617,9.2,17
Sweet,264.4692077636719,179.49380493164062,374.8043212890625,2296.81689453125,113.50920104980467,50.35874557495117,9.2,17
Sweet,258.7904052734375,174.41378784179688,362.37005615234375,2453.41796875,119.73835754394533,48.38389205932617,9.2,17
Sweet,245.81033325195312,165.10043334960938,326.84356689453125,2128.61572265625,114.8934555053711,46.40904235839844,9.2,17
Sweet,263.657958984375,182.88047790527344,379.2451171875,2221.416259765625,114.20132446289062,43.44676208496094,9.2,17
Sweet,260.4129333496094,181.1871490478516,374.8043212890625,2217.936279296875,110.04855346679688,43.44676208496094,9.2,17
Sweet,265.28045654296875,182.0338134765625,381.90960693359375,2258.53662109375,114.20132446289062,46.40904235839844,9.2,17
Sweet,257.9791564941406,174.41378784179688,334.8370361328125,2367.577392578125,112.81707000732422,36.5347785949707,9.2,17
Sweet,234.4527587890625,176.1071319580078,381.90960693359375,2410.497802734375,119.73835754394533,52.33359909057617,9.2,17
Sweet,253.11163330078125,178.6471405029297,378.3569641113281,2324.6572265625,121.12261962890624,51.34617233276367,9.2,17
Sweet,211.73760986328125,160.02041625976562,351.71209716796875,2476.6181640625,116.96984100341795,44.43418884277344,9.2,17
Sweet,252.3003692626953,170.18045043945312,351.71209716796875,2453.41796875,112.12493896484376,41.47190856933594,9.2,17
Sweet,265.28045654296875,175.26046752929688,362.37005615234375,2583.339111328125,123.8911361694336,49.37131881713867,9.2,17
Sweet,238.509033203125,179.49380493164062,365.0345458984375,2497.498291015625,125.96752166748048,53.32102584838867,9.2,17
Sweet,270.959228515625,187.11383056640625,371.2516784667969,2362.9375,119.04623413085938,51.34617233276367,9.2,17
Sweet,264.4692077636719,187.11383056640625,390.7912292480469,2295.656982421875,118.3541030883789,52.33359909057617,9.2,17
Sweet,277.44927978515625,198.9671936035156,411.2189636230469,2540.418701171875,115.58558654785156,46.40904235839844,9.2,17
Sweet,269.33673095703125,182.88047790527344,366.8108520507813,2463.858154296875,114.8934555053711,48.38389205932617,9.2,17
Sweet,247.432846069336,182.0338134765625,378.3569641113281,2393.09765625,108.66429138183594,46.40904235839844,9.2,17
Sweet,272.5817565917969,194.7338409423828,421.87689208984375,2633.219482421875,121.81475067138672,52.33359909057617,9.2,17
Sweet,294.48565673828125,202.35386657714844,418.3242492675781,2577.5390625,121.12261962890624,44.43418884277344,9.2,17
Sweet,260.4129333496094,185.4204864501953,378.3569641113281,2506.778564453125,114.8934555053711,45.42161560058594,9.2,17
Sweet,262.0354309082031,180.3404693603516,387.2385864257813,2285.216796875,113.50920104980467,49.37131881713867,9.2,17
Sweet,273.3930053710937,185.4204864501953,398.7846984863281,2369.8974609375,127.3517837524414,55.29587936401367,9.4,18
Sweet,250.6778564453125,182.0338134765625,376.5806579589844,2304.93701171875,121.12261962890624,52.33359909057617,9.4,18
Sweet,281.50555419921875,193.88717651367188,398.7846984863281,2434.85791015625,128.04391479492188,52.33359909057617,9.4,18
Sweet,287.99560546875,204.04721069335932,423.6532287597656,2520.698486328125,124.58326721191406,51.34617233276367,9.4,18
Sweet,256.3566589355469,184.5738220214844,381.0214538574219,2279.416748046875,110.74068450927734,44.43418884277344,9.4,18
Sweet,257.9791564941406,188.80715942382807,375.6924743652344,2347.857421875,103.81938934326172,44.43418884277344,9.4,18
Sweet,305.8432312011719,220.1339111328125,463.6205139160156,2855.941162109375,133.58094787597656,57.27073287963867,9.4,18
Sweet,275.0155334472656,189.65383911132807,405.8899841308594,2386.1376953125,131.5045623779297,56.28330612182617,9.4,18
Sweet,275.8267822265625,189.65383911132807,406.7781372070313,2386.1376953125,131.5045623779297,55.29587936401367,9.4,18
Sweet,262.0354309082031,183.72715759277344,375.6924743652344,2246.9365234375,118.3541030883789,51.34617233276367,9.4,18
Sweet,290.42938232421875,203.20053100585932,412.1071166992188,2344.377197265625,122.5068817138672,51.34617233276367,9.4,18
Sweet,271.7705078125,193.88717651367188,405.8899841308594,2354.8173828125,116.96984100341795,49.37131881713867,9.4,18
Sweet,255.5453948974609,188.80715942382807,374.8043212890625,2346.697265625,110.74068450927734,47.39646911621094,9.4,18
Sweet,278.2605285644531,195.5805206298828,411.2189636230469,2444.137939453125,120.43048858642578,53.32102584838867,9.4,18
Sweet,262.8466796875,178.6471405029297,350.8239440917969,2098.45556640625,107.97216033935548,43.44676208496094,9.4,18
Sweet,237.69778442382807,161.71376037597656,327.73175048828125,2042.7750244140625,114.20132446289062,54.30845260620117,9.4,18
Sweet,245.81033325195312,174.41378784179688,370.363525390625,2299.136962890625,122.5068817138672,55.29587936401367,9.4,18
Sweet,235.26400756835932,168.4871063232422,349.935791015625,2110.0556640625,114.8934555053711,52.33359909057617,9.4,18
Sweet,272.5817565917969,190.50050354003903,380.13330078125,2412.81787109375,115.58558654785156,49.37131881713867,9.4,18
Sweet,266.0917053222656,187.11383056640625,383.6859436035156,2352.497314453125,116.96984100341795,50.35874557495117,9.4,18
Sweet,282.3168029785156,193.0405120849609,383.6859436035156,2542.73876953125,121.81475067138672,51.34617233276367,9.4,18
Sweet,296.9194030761719,204.04721069335932,428.9822082519531,2606.539306640625,122.5068817138672,48.38389205932617,9.4,18
Sweet,263.657958984375,185.4204864501953,385.4622497558594,2362.9375,124.58326721191406,52.33359909057617,9.4,18
Sweet,251.48912048339844,176.95379638671875,350.8239440917969,2100.775390625,115.58558654785156,52.33359909057617,9.4,18
Sweet,275.8267822265625,191.34716796875,397.0083618164063,2277.0966796875,117.66197204589844,52.33359909057617,9.4,18
Sweet,282.3168029785156,198.1205291748047,407.6663208007813,2358.29736328125,121.81475067138672,55.29587936401367,9.4,18
Sweet,259.6016845703125,186.26715087890625,390.7912292480469,2397.73779296875,124.58326721191406,57.27073287963867,9.4,18
Sweet,240.1315460205078,173.56712341308594,360.5937194824219,2325.817138671875,111.43280792236328,47.39646911621094,9.4,18
Sweet,256.3566589355469,177.80047607421875,380.13330078125,2331.6171875,123.8911361694336,55.29587936401367,9.4,18
Sweet,267.7142333984375,183.72715759277344,381.90960693359375,2293.3369140625,123.19900512695312,45.42161560058594,9.4,18
Sweet,276.6380310058594,191.34716796875,391.6793823242188,2409.337646484375,119.04623413085938,51.34617233276367,9.4,18
Sweet,247.432846069336,176.95379638671875,366.8108520507813,2416.2978515625,112.81707000732422,49.37131881713867,9.4,18
Sweet,277.44927978515625,190.50050354003903,403.2254943847656,2144.855712890625,137.04159545898438,60.233009338378906,9.2,19
Sweet,266.0917053222656,181.1871490478516,356.1529235839844,2083.375244140625,113.50920104980467,47.39646911621094,9.2,19
Sweet,260.4129333496094,187.9604949951172,389.903076171875,2497.498291015625,128.04391479492188,50.35874557495117,9.2,19
Sweet,239.32028198242188,178.6471405029297,334.8370361328125,2337.417236328125,107.97216033935548,40.48448181152344,9.2,19
Sweet,287.99560546875,192.19384765625,384.5740966796875,2517.218505859375,112.12493896484376,46.40904235839844,9.2,19
Sweet,280.6943054199219,184.5738220214844,373.9161682128906,2411.65771484375,119.73835754394533,51.34617233276367,9.2,19
Sweet,248.2440948486328,165.9470977783203,337.50152587890625,2415.1376953125,123.19900512695312,52.33359909057617,9.2,19
Sweet,288.8068542480469,193.0405120849609,370.363525390625,2644.819580078125,112.12493896484376,45.42161560058594,9.2,19
Sweet,310.71075439453125,216.7472381591797,435.1993408203125,2621.619384765625,115.58558654785156,47.39646911621094,9.2,19
Sweet,283.9393310546875,191.34716796875,360.5937194824219,2478.938232421875,128.04391479492188,49.37131881713867,9.2,19
Sweet,275.0155334472656,192.19384765625,384.5740966796875,2369.8974609375,120.43048858642578,48.38389205932617,9.2,19
Sweet,270.959228515625,194.7338409423828,406.7781372070313,2371.057373046875,112.81707000732422,47.39646911621094,9.2,19
Sweet,247.432846069336,176.95379638671875,370.363525390625,2192.416259765625,110.04855346679688,48.38389205932617,9.2,19
Sweet,249.8666076660156,171.873779296875,367.6990356445313,2061.335205078125,123.19900512695312,53.32102584838867,9.2,19
Sweet,246.62158203125,172.720458984375,344.6068115234375,2107.735595703125,105.20364379882812,45.42161560058594,9.2,19
Sweet,257.1679077148437,180.3404693603516,357.9292297363281,2237.656494140625,106.58790588378906,45.42161560058594,9.2,19
Sweet,239.32028198242188,172.720458984375,349.0476379394531,2134.415771484375,104.5115203857422,41.47190856933594,9.2,19
Sweet,268.5254821777344,183.72715759277344,371.2516784667969,2155.2958984375,119.04623413085938,48.38389205932617,9.2,19
Sweet,252.3003692626953,182.88047790527344,368.5871887207031,2200.5361328125,107.28003692626952,40.48448181152344,9.2,19
Sweet,263.657958984375,180.3404693603516,381.90960693359375,2168.055908203125,119.73835754394533,49.37131881713867,9.2,19
Sweet,266.9029541015625,181.1871490478516,375.6924743652344,2117.015625,118.3541030883789,51.34617233276367,9.2,19
Sweet,308.2769775390625,210.820556640625,432.5348510742188,2789.820556640625,123.8911361694336,53.32102584838867,9.2,19
Sweet,269.33673095703125,185.4204864501953,381.90960693359375,2215.6162109375,121.12261962890624,52.33359909057617,9.2,19
Sweet,264.4692077636719,185.4204864501953,389.0149230957031,2430.218017578125,123.8911361694336,55.29587936401367,9.2,19
Sweet,305.8432312011719,203.20053100585932,417.4360961914063,2672.65966796875,121.12261962890624,50.35874557495117,9.2,19
Sweet,300.1644287109375,211.667221069336,445.8572692871094,2657.57958984375,116.96984100341795,46.40904235839844,9.2,19
Sweet,276.6380310058594,191.34716796875,393.4557189941406,2379.177490234375,129.4281768798828,54.30845260620117,9.2,19
Sweet,283.9393310546875,197.2738494873047,404.1136779785156,2570.578857421875,121.12261962890624,53.32102584838867,9.2,19
Sweet,275.8267822265625,186.26715087890625,389.0149230957031,2521.858642578125,128.7360382080078,54.30845260620117,9.2,19
Sweet,278.2605285644531,187.9604949951172,392.5675659179688,2736.460205078125,125.27539825439452,51.34617233276367,9.2,19
Sweet,290.42938232421875,198.1205291748047,424.5413818359375,2634.37939453125,120.43048858642578,47.39646911621094,9.2,19
Sweet,292.0518798828125,200.6605224609375,422.76507568359375,2404.69775390625,114.8934555053711,46.40904235839844,9.2,19
Sweet,278.2605285644531,191.34716796875,385.4622497558594,2393.09765625,120.43048858642578,52.33359909057617,9.6,20
Sweet,267.7142333984375,180.3404693603516,375.6924743652344,2395.417724609375,115.58558654785156,45.42161560058594,9.6,20
Sweet,263.657958984375,177.80047607421875,337.50152587890625,2376.857421875,115.58558654785156,45.42161560058594,9.6,20
Sweet,267.7142333984375,187.11383056640625,398.7846984863281,2433.697998046875,118.3541030883789,48.38389205932617,9.6,20
Sweet,256.3566589355469,179.49380493164062,351.71209716796875,2336.25732421875,117.66197204589844,50.35874557495117,9.6,20
Sweet,272.5817565917969,189.65383911132807,363.2582092285156,2519.53857421875,116.27771759033205,43.44676208496094,9.6,20
Sweet,242.5653076171875,174.41378784179688,380.13330078125,2466.17822265625,119.04623413085938,46.40904235839844,9.6,20
Sweet,254.734130859375,179.49380493164062,373.0279846191406,2384.9775390625,112.12493896484376,49.37131881713867,9.6,20
Sweet,223.90643310546875,149.01373291015625,324.1791076660156,2091.495361328125,107.28003692626952,42.45933532714844,9.6,20
Sweet,280.6943054199219,199.81385803222656,409.442626953125,2553.1787109375,125.27539825439452,46.40904235839844,9.6,20
Sweet,272.5817565917969,186.26715087890625,397.89654541015625,2514.8984375,125.96752166748048,54.30845260620117,9.6,20
Sweet,270.959228515625,182.88047790527344,370.363525390625,2271.296630859375,116.27771759033205,50.35874557495117,9.6,20
Sweet,271.7705078125,189.65383911132807,376.5806579589844,2351.33740234375,113.50920104980467,47.39646911621094,9.6,20
Sweet,242.5653076171875,166.7937774658203,360.5937194824219,2286.376953125,124.58326721191406,55.29587936401367,9.6,20
Sweet,259.6016845703125,171.873779296875,342.8305053710937,2337.417236328125,122.5068817138672,53.32102584838867,9.6,20
Sweet,266.9029541015625,180.3404693603516,378.3569641113281,2438.337890625,120.43048858642578,50.35874557495117,9.6,20
Sweet,262.0354309082031,174.41378784179688,372.1398315429688,2278.2568359375,114.20132446289062,43.44676208496094,9.6,20
Sweet,265.28045654296875,181.1871490478516,365.9226989746094,2308.4169921875,115.58558654785156,49.37131881713867,9.6,20
Sweet,254.734130859375,174.41378784179688,365.0345458984375,2191.256103515625,123.8911361694336,53.32102584838867,9.6,20
Sweet,246.62158203125,176.1071319580078,365.9226989746094,2205.17626953125,116.27771759033205,49.37131881713867,9.6,20
Sweet,265.28045654296875,182.0338134765625,371.2516784667969,2277.0966796875,116.27771759033205,46.40904235839844,9.6,20
Sweet,280.6943054199219,188.80715942382807,385.4622497558594,2684.259765625,123.8911361694336,52.33359909057617,9.6,20
Sweet,261.22418212890625,169.3337860107422,333.0606994628906,2353.6572265625,119.04623413085938,49.37131881713867,9.6,20
Sweet,227.1514587402344,161.71376037597656,338.3896789550781,2093.8154296875,118.3541030883789,55.29587936401367,9.6,20
Sweet,275.8267822265625,194.7338409423828,422.76507568359375,2440.657958984375,109.3564224243164,46.40904235839844,9.6,20
Sweet,266.0917053222656,180.3404693603516,394.3438720703125,2404.69775390625,134.2730712890625,58.25815582275391,9.6,20
Sweet,278.2605285644531,187.9604949951172,391.6793823242188,2419.77783203125,127.3517837524414,56.28330612182617,9.6,20
Sweet,277.44927978515625,198.9671936035156,395.2320556640625,2641.33935546875,128.7360382080078,53.32102584838867,9.6,20
Sweet,293.67437744140625,205.74053955078125,447.6336059570313,2581.01904296875,128.7360382080078,54.30845260620117,9.6,20
Sweet,285.56182861328125,198.9671936035156,427.2058715820313,2710.93994140625,124.58326721191406,50.35874557495117,9.6,20
Sweet,265.28045654296875,186.26715087890625,394.3438720703125,2365.25732421875,119.73835754394533,47.39646911621094,9.6,20
Sweet,304.220703125,199.81385803222656,451.1862487792969,2639.01953125,132.19668579101562,52.33359909057617,9.6,20
Sweet,252.3003692626953,175.26046752929688,397.0083618164063,2484.73828125,118.3541030883789,48.38389205932617,9.6,21
Sweet,219.03890991210932,144.78038024902344,302.8632202148437,2401.2177734375,108.66429138183594,37.52220153808594,9.6,21
Sweet,244.1878204345703,166.7937774658203,302.8632202148437,2381.49755859375,114.20132446289062,41.47190856933594,9.6,21
Sweet,261.22418212890625,183.72715759277344,389.903076171875,2492.8583984375,119.04623413085938,52.33359909057617,9.6,21
Sweet,244.9990692138672,166.7937774658203,392.5675659179688,2571.739013671875,118.3541030883789,42.45933532714844,9.6,21
Sweet,256.3566589355469,166.7937774658203,297.53424072265625,2359.457275390625,116.96984100341795,50.35874557495117,9.6,21
Sweet,280.6943054199219,182.88047790527344,353.4884338378906,2424.41796875,125.27539825439452,52.33359909057617,9.6,21
Sweet,258.7904052734375,168.4871063232422,377.46881103515625,2736.460205078125,137.7337188720703,56.28330612182617,9.6,21
Sweet,247.432846069336,162.5604248046875,339.27783203125,2744.580322265625,140.5022430419922,60.233009338378906,9.6,21
Sweet,205.24757385253903,148.16705322265625,335.7251892089844,2357.137451171875,105.8957748413086,45.42161560058594,9.6,21
Sweet,257.1679077148437,187.9604949951172,353.4884338378906,2432.537841796875,114.20132446289062,42.45933532714844,9.6,21
Sweet,278.2605285644531,193.88717651367188,402.33734130859375,2546.21875,117.66197204589844,42.45933532714844,9.6,21
Sweet,269.33673095703125,183.72715759277344,385.4622497558594,2294.496826171875,120.43048858642578,47.39646911621094,9.6,21
Sweet,223.90643310546875,143.9337158203125,317.07379150390625,2148.3359375,107.28003692626952,35.5473518371582,9.6,21
Sweet,233.6415100097656,159.1737518310547,293.9815979003906,1936.0543212890625,109.3564224243164,41.47190856933594,9.6,21
Sweet,256.3566589355469,178.6471405029297,348.1594543457031,2148.3359375,111.43280792236328,35.5473518371582,9.6,21
Sweet,217.41639709472656,147.3203887939453,340.166015625,2151.81591796875,107.97216033935548,45.42161560058594,9.6,21
Sweet,261.22418212890625,169.3337860107422,332.17254638671875,2194.736083984375,116.96984100341795,48.38389205932617,9.6,21
Sweet,203.62506103515625,154.94041442871094,310.8566589355469,2076.415283203125,109.3564224243164,38.50962829589844,9.6,21
Sweet,279.0718078613281,192.19384765625,393.4557189941406,2336.25732421875,108.66429138183594,32.5850715637207,9.6,21
Sweet,190.6449737548828,138.85369873046875,331.2843933105469,2112.37548828125,121.12261962890624,49.37131881713867,9.6,21
Sweet,271.7705078125,186.26715087890625,399.6728515625,2630.8994140625,112.81707000732422,40.48448181152344,9.6,21
Sweet,228.7739715576172,167.64044189453125,352.60028076171875,2307.257080078125,121.12261962890624,48.38389205932617,9.6,21
Sweet,232.0189971923828,170.18045043945312,363.2582092285156,2282.896728515625,121.12261962890624,50.35874557495117,9.6,21
Sweet,315.5782775878906,206.5872039794922,390.7912292480469,2536.938720703125,119.73835754394533,46.40904235839844,9.6,21
Sweet,254.734130859375,176.1071319580078,361.4819030761719,2328.13720703125,114.20132446289062,50.35874557495117,9.6,21
Sweet,269.33673095703125,196.4271850585937,397.89654541015625,2556.658935546875,105.20364379882812,35.5473518371582,9.6,21
Sweet,266.0917053222656,180.3404693603516,392.5675659179688,2550.85888671875,110.04855346679688,45.42161560058594,9.6,21
Sweet,250.6778564453125,177.80047607421875,349.0476379394531,2441.818115234375,110.74068450927734,35.5473518371582,9.6,21
Sweet,210.11509704589844,165.9470977783203,365.0345458984375,2438.337890625,118.3541030883789,47.39646911621094,9.6,21
Sweet,279.0718078613281,195.5805206298828,385.4622497558594,2726.02001953125,111.43280792236328,47.39646911621094,9.6,21
Sweet,279.883056640625,198.1205291748047,419.21240234375,2688.89990234375,116.27771759033205,46.40904235839844,9.6,21
Sweet,267.7142333984375,185.4204864501953,369.475341796875,2460.378173828125,118.3541030883789,51.34617233276367,8.2,22
Sweet,266.9029541015625,186.26715087890625,410.330810546875,2529.978759765625,119.04623413085938,49.37131881713867,8.2,22
Sweet,191.45623779296875,160.02041625976562,320.6264343261719,2328.13720703125,103.12725830078124,43.44676208496094,8.2,22
Sweet,260.4129333496094,181.1871490478516,363.2582092285156,2393.09765625,119.73835754394533,51.34617233276367,8.2,22
Sweet,270.1479797363281,187.9604949951172,377.46881103515625,2418.617919921875,116.96984100341795,46.40904235839844,8.2,22
Sweet,286.3730773925781,198.9671936035156,407.6663208007813,2456.898193359375,129.4281768798828,55.29587936401367,8.2,22
Sweet,278.2605285644531,195.5805206298828,408.5544738769531,2455.738037109375,125.27539825439452,52.33359909057617,8.2,22
Sweet,274.2042541503906,191.34716796875,403.2254943847656,2407.017822265625,121.12261962890624,46.40904235839844,8.2,22
Sweet,266.9029541015625,187.11383056640625,374.8043212890625,2268.976806640625,118.3541030883789,44.43418884277344,8.2,22
Sweet,283.9393310546875,196.4271850585937,397.0083618164063,2407.017822265625,119.04623413085938,50.35874557495117,8.2,22
Sweet,236.8865203857422,164.25376892089844,337.50152587890625,2161.095947265625,110.74068450927734,39.49705505371094,8.2,22
Sweet,244.1878204345703,170.18045043945312,345.4949645996094,2114.695556640625,110.74068450927734,50.35874557495117,8.2,22
Sweet,238.509033203125,160.02041625976562,350.8239440917969,2164.575927734375,118.3541030883789,44.43418884277344,8.2,22
Sweet,234.4527587890625,164.25376892089844,315.2974853515625,2264.336669921875,117.66197204589844,48.38389205932617,8.2,22
Sweet,267.7142333984375,180.3404693603516,360.5937194824219,2400.0576171875,119.04623413085938,49.37131881713867,8.2,22
Sweet,258.7904052734375,179.49380493164062,356.1529235839844,2275.936767578125,112.81707000732422,50.35874557495117,8.2,22
Sweet,251.48912048339844,170.18045043945312,359.70556640625,2148.3359375,118.3541030883789,53.32102584838867,8.2,22
Sweet,252.3003692626953,175.26046752929688,354.3765869140625,2136.73583984375,114.8934555053711,52.33359909057617,8.2,22
Sweet,241.75405883789065,167.64044189453125,357.9292297363281,2213.29638671875,112.81707000732422,53.32102584838867,8.2,22
Sweet,237.69778442382807,165.10043334960938,351.71209716796875,2317.697021484375,122.5068817138672,55.29587936401367,8.2,22
Sweet,216.6051483154297,149.8603973388672,297.53424072265625,2502.138427734375,119.73835754394533,48.38389205932617,8.2,22
Sweet,255.5453948974609,180.3404693603516,373.9161682128906,2231.8564453125,121.81475067138672,54.30845260620117,8.2,22
Sweet,263.657958984375,184.5738220214844,384.5740966796875,2395.417724609375,113.50920104980467,49.37131881713867,8.2,22
Sweet,276.6380310058594,186.26715087890625,368.5871887207031,2534.61865234375,120.43048858642578,48.38389205932617,8.2,22
Sweet,279.883056640625,187.11383056640625,385.4622497558594,2415.1376953125,122.5068817138672,50.35874557495117,8.2,22
Sweet,223.90643310546875,160.86709594726562,344.6068115234375,2172.696044921875,116.96984100341795,50.35874557495117,8.2,22
Sweet,236.0752716064453,170.18045043945312,338.3896789550781,2192.416259765625,109.3564224243164,47.39646911621094,8.2,22
Sweet,258.7904052734375,180.3404693603516,381.0214538574219,2384.9775390625,114.8934555053711,49.37131881713867,8.2,22
Sweet,198.7575225830078,142.24037170410156,338.3896789550781,2150.65576171875,111.43280792236328,50.35874557495117,8.2,22
Sweet,232.0189971923828,163.4071044921875,340.166015625,1994.0546875,116.96984100341795,48.38389205932617,8.2,22
Sweet,255.5453948974609,177.80047607421875,365.9226989746094,2187.776123046875,121.12261962890624,57.27073287963867,8.2,22
Sweet,252.3003692626953,175.26046752929688,380.13330078125,2188.93603515625,114.20132446289062,52.33359909057617,8.2,22
Sweet,245.81033325195312,182.88047790527344,381.0214538574219,2294.496826171875,122.5068817138672,57.27073287963867,8.2,23
Sweet,279.883056640625,194.7338409423828,389.0149230957031,2444.137939453125,123.8911361694336,56.28330612182617,8.2,23
Sweet,270.1479797363281,189.65383911132807,381.0214538574219,2417.457763671875,112.12493896484376,52.33359909057617,8.2,23
Sweet,284.7505798339844,193.88717651367188,386.3504333496094,2271.296630859375,123.19900512695312,54.30845260620117,8.2,23
Sweet,289.6181030273437,198.1205291748047,403.2254943847656,2438.337890625,116.27771759033205,45.42161560058594,8.2,23
Sweet,263.657958984375,187.11383056640625,391.6793823242188,2380.337646484375,120.43048858642578,51.34617233276367,8.2,23
Sweet,274.2042541503906,187.11383056640625,389.0149230957031,2569.4189453125,125.27539825439452,49.37131881713867,8.2,23
Sweet,258.7904052734375,180.3404693603516,371.2516784667969,2418.617919921875,126.65965270996094,54.30845260620117,8.2,23
Sweet,285.56182861328125,193.0405120849609,367.6990356445313,2200.5361328125,121.12261962890624,47.39646911621094,8.2,23
Sweet,263.657958984375,176.95379638671875,363.2582092285156,2369.8974609375,114.20132446289062,50.35874557495117,8.2,23
Sweet,229.5852203369141,161.71376037597656,336.6133728027344,2121.655517578125,105.8957748413086,41.47190856933594,8.2,23
Sweet,252.3003692626953,172.720458984375,341.0541687011719,2364.097412109375,116.96984100341795,48.38389205932617,8.2,23
Sweet,257.1679077148437,177.80047607421875,379.2451171875,2252.736572265625,114.20132446289062,49.37131881713867,8.2,23
Sweet,245.81033325195312,174.41378784179688,364.1463928222656,2219.096435546875,119.04623413085938,54.30845260620117,8.2,23
Sweet,220.6614227294922,165.9470977783203,341.9423217773437,2227.21630859375,122.5068817138672,54.30845260620117,8.2,23
Sweet,254.734130859375,176.1071319580078,331.2843933105469,2152.975830078125,120.43048858642578,53.32102584838867,8.2,23
Sweet,266.0917053222656,182.0338134765625,375.6924743652344,2223.736328125,115.58558654785156,45.42161560058594,8.2,23
Sweet,235.26400756835932,156.6337432861328,331.2843933105469,2041.614990234375,119.04623413085938,54.30845260620117,8.2,23
Sweet,230.396484375,159.1737518310547,318.8501281738281,2104.255615234375,110.74068450927734,52.33359909057617,8.2,23
Sweet,221.47267150878903,156.6337432861328,325.9554138183594,2042.7750244140625,102.43512725830078,45.42161560058594,8.2,23
Sweet,231.20773315429688,159.1737518310547,322.4027709960937,2169.216064453125,105.8957748413086,47.39646911621094,8.2,23
Sweet,282.3168029785156,190.50050354003903,372.1398315429688,2458.05810546875,112.81707000732422,44.43418884277344,8.2,23
Sweet,266.0917053222656,179.49380493164062,376.5806579589844,2168.055908203125,117.66197204589844,48.38389205932617,8.2,23
Sweet,276.6380310058594,196.4271850585937,410.330810546875,2389.61767578125,116.27771759033205,40.48448181152344,8.2,23
Sweet,266.9029541015625,187.11383056640625,403.2254943847656,2446.4580078125,117.66197204589844,48.38389205932617,8.2,23
Sweet,254.734130859375,179.49380493164062,388.1267395019531,2257.376708984375,109.3564224243164,48.38389205932617,8.2,23
Sweet,251.48912048339844,175.26046752929688,376.5806579589844,2206.336181640625,120.43048858642578,58.25815582275391,8.2,23
Sweet,262.8466796875,187.11383056640625,395.2320556640625,2420.937744140625,118.3541030883789,53.32102584838867,8.2,23
Sweet,257.1679077148437,182.0338134765625,399.6728515625,2307.257080078125,124.58326721191406,58.25815582275391,8.2,23
Sweet,238.509033203125,164.25376892089844,357.9292297363281,2185.4560546875,112.12493896484376,48.38389205932617,8.2,23
Sweet,240.1315460205078,179.49380493164062,358.8174133300781,2387.297607421875,112.12493896484376,46.40904235839844,8.2,23
Sweet,283.9393310546875,196.4271850585937,422.76507568359375,2661.0595703125,116.96984100341795,47.39646911621094,8.2,23
Sweet,248.2440948486328,163.4071044921875,322.4027709960937,2248.0966796875,108.66429138183594,43.44676208496094,10.0,24
Sweet,243.37657165527344,176.95379638671875,349.0476379394531,2317.697021484375,108.66429138183594,38.50962829589844,10.0,24
Sweet,244.9990692138672,184.5738220214844,352.60028076171875,2412.81787109375,101.74300384521484,45.42161560058594,10.0,24
Sweet,256.3566589355469,174.41378784179688,357.9292297363281,2380.337646484375,107.28003692626952,47.39646911621094,10.0,24
Sweet,197.9462738037109,144.78038024902344,332.17254638671875,2264.336669921875,120.43048858642578,54.30845260620117,10.0,24
Sweet,178.4761505126953,132.08035278320312,285.0999755859375,2123.9755859375,110.04855346679688,44.43418884277344,10.0,24
Sweet,192.2674865722656,141.39370727539062,292.20526123046875,2042.7750244140625,98.97447967529295,36.5347785949707,10.0,24
Sweet,184.15493774414065,151.55372619628906,326.84356689453125,2239.9765625,108.66429138183594,44.43418884277344,10.0,24
Sweet,218.22764587402344,159.1737518310547,317.9619445800781,2079.895263671875,114.20132446289062,48.38389205932617,10.0,24
Sweet,216.6051483154297,156.6337432861328,321.5146179199219,2209.81640625,107.28003692626952,44.43418884277344,10.0,24
Sweet,151.70472717285156,132.92701721191406,270.8893737792969,2179.656005859375,105.8957748413086,35.5473518371582,10.0,24
Sweet,209.3038482666016,171.02711486816406,347.27130126953125,2396.57763671875,107.97216033935548,38.50962829589844,10.0,24
Sweet,269.33673095703125,191.34716796875,403.2254943847656,2623.939453125,116.27771759033205,40.48448181152344,10.0,24
Sweet,285.56182861328125,190.50050354003903,405.8899841308594,2337.417236328125,110.04855346679688,32.5850715637207,10.0,24
Sweet,263.657958984375,166.7937774658203,338.3896789550781,2478.938232421875,123.19900512695312,41.47190856933594,10.0,24
Sweet,243.37657165527344,165.9470977783203,331.2843933105469,2420.937744140625,116.96984100341795,44.43418884277344,10.0,24
Sweet,194.7012481689453,146.47372436523438,310.8566589355469,2248.0966796875,121.81475067138672,41.47190856933594,10.0,24
Sweet,219.85015869140625,155.78707885742188,312.63299560546875,2175.01611328125,110.74068450927734,39.49705505371094,10.0,24
Sweet,218.22764587402344,147.3203887939453,300.19873046875,2026.534912109375,115.58558654785156,41.47190856933594,10.0,24
Sweet,215.7938842773437,143.08705139160156,304.6395263671875,1802.6533203125,107.28003692626952,40.48448181152344,10.0,24
Sweet,197.9462738037109,131.23367309570312,250.461654663086,1795.6932373046875,101.05087280273438,35.5473518371582,10.0,24
Sweet,227.9627227783203,160.02041625976562,328.6199035644531,2118.175537109375,107.28003692626952,47.39646911621094,10.0,24
Sweet,234.4527587890625,165.9470977783203,344.6068115234375,2204.016357421875,106.58790588378906,43.44676208496094,10.0,24
Sweet,175.2311248779297,124.4603271484375,295.7579040527344,2090.33544921875,104.5115203857422,44.43418884277344,10.0,24
Sweet,196.32376098632807,143.08705139160156,281.5473327636719,2076.415283203125,118.3541030883789,51.34617233276367,10.0,24
Sweet,237.69778442382807,172.720458984375,340.166015625,2239.9765625,107.28003692626952,38.50962829589844,10.0,24
Sweet,245.81033325195312,177.80047607421875,357.9292297363281,2460.378173828125,119.73835754394533,42.45933532714844,10.0,24
Sweet,252.3003692626953,171.873779296875,366.8108520507813,2473.13818359375,110.04855346679688,35.5473518371582,10.0,24
Sweet,266.0917053222656,190.50050354003903,378.3569641113281,2432.537841796875,125.27539825439452,56.28330612182617,10.0,24
Sweet,253.11163330078125,189.65383911132807,386.3504333496094,2556.658935546875,118.3541030883789,50.35874557495117,10.0,24
Sweet,236.8865203857422,171.873779296875,356.1529235839844,2266.65673828125,113.50920104980467,42.45933532714844,10.0,24
Sweet,262.0354309082031,181.1871490478516,375.6924743652344,2560.138916015625,113.50920104980467,42.45933532714844,10.0,24
Sweet,261.22418212890625,178.6471405029297,372.1398315429688,2228.37646484375,114.20132446289062,48.38389205932617,8.8,25
Sweet,297.73065185546875,189.65383911132807,385.4622497558594,2441.818115234375,116.27771759033205,48.38389205932617,8.8,25
Sweet,253.92288208007807,158.32708740234375,336.6133728027344,2432.537841796875,122.5068817138672,50.35874557495117,8.8,25
Sweet,292.0518798828125,199.81385803222656,379.2451171875,2449.93798828125,126.65965270996094,53.32102584838867,8.8,25
Sweet,274.2042541503906,181.1871490478516,384.5740966796875,2376.857421875,129.4281768798828,57.27073287963867,8.8,25
Sweet,262.0354309082031,174.41378784179688,330.396240234375,2024.2149658203125,105.20364379882812,46.40904235839844,8.8,25
Sweet,278.2605285644531,189.65383911132807,378.3569641113281,2470.818115234375,130.12030029296875,54.30845260620117,8.8,25
Sweet,270.959228515625,187.9604949951172,391.6793823242188,2407.017822265625,125.27539825439452,54.30845260620117,8.8,25
Sweet,269.33673095703125,183.72715759277344,357.04107666015625,2800.2607421875,122.5068817138672,42.45933532714844,8.8,25
Sweet,234.4527587890625,169.3337860107422,362.37005615234375,2227.21630859375,106.58790588378906,49.37131881713867,8.8,25
Sweet,253.92288208007807,172.720458984375,341.0541687011719,2184.296142578125,115.58558654785156,51.34617233276367,8.8,25
Sweet,266.9029541015625,181.1871490478516,370.363525390625,2342.057373046875,117.66197204589844,46.40904235839844,8.8,25
Sweet,249.05535888671875,173.56712341308594,334.8370361328125,2323.4970703125,113.50920104980467,38.50962829589844,8.8,25
Sweet,251.48912048339844,172.720458984375,354.3765869140625,2179.656005859375,110.74068450927734,43.44676208496094,8.8,25
Sweet,246.62158203125,173.56712341308594,351.71209716796875,2159.93603515625,114.20132446289062,46.40904235839844,8.8,25
Sweet,232.0189971923828,165.9470977783203,376.5806579589844,2318.857177734375,121.81475067138672,52.33359909057617,8.8,25
Sweet,244.9990692138672,172.720458984375,328.6199035644531,2310.737060546875,121.12261962890624,55.29587936401367,8.8,25
Sweet,257.1679077148437,177.80047607421875,366.8108520507813,2132.095703125,110.04855346679688,43.44676208496094,8.8,25
Sweet,257.1679077148437,183.72715759277344,377.46881103515625,2235.33642578125,110.04855346679688,48.38389205932617,8.8,25
Sweet,268.5254821777344,190.50050354003903,393.4557189941406,2400.0576171875,123.19900512695312,54.30845260620117,8.8,25
Sweet,264.4692077636719,186.26715087890625,383.6859436035156,2527.65869140625,120.43048858642578,47.39646911621094,8.8,25
Sweet,245.81033325195312,171.02711486816406,332.17254638671875,2354.8173828125,119.04623413085938,47.39646911621094,8.8,25
Sweet,275.8267822265625,193.88717651367188,385.4622497558594,2389.61767578125,119.04623413085938,49.37131881713867,8.8,25
Sweet,263.657958984375,186.26715087890625,368.5871887207031,2401.2177734375,114.20132446289062,44.43418884277344,8.8,25
Sweet,262.0354309082031,182.88047790527344,383.6859436035156,2449.93798828125,119.04623413085938,52.33359909057617,8.8,25
Sweet,229.5852203369141,172.720458984375,340.166015625,2133.255615234375,128.04391479492188,55.29587936401367,8.8,25
Sweet,270.959228515625,190.50050354003903,407.6663208007813,2353.6572265625,114.8934555053711,49.37131881713867,8.8,25
Sweet,255.5453948974609,178.6471405029297,381.0214538574219,2311.89697265625,120.43048858642578,53.32102584838867,8.8,25
Sweet,240.1315460205078,165.9470977783203,349.0476379394531,2175.01611328125,119.73835754394533,46.40904235839844,8.8,25
Sweet,267.7142333984375,193.0405120849609,398.7846984863281,2563.618896484375,114.20132446289062,48.38389205932617,8.8,25
Sweet,265.28045654296875,187.11383056640625,381.90960693359375,2574.05908203125,111.43280792236328,46.40904235839844,8.8,25
Sweet,283.1280822753906,197.2738494873047,398.7846984863281,2451.09814453125,121.12261962890624,50.35874557495117,8.8,25
Not Sweet,284.7505798339844,193.88717651367188,399.6728515625,2216.7763671875,124.58326721191406,55.29587936401367,6.6,26
Not Sweet,283.9393310546875,201.5072021484375,433.4230041503906,2411.65771484375,124.58326721191406,58.25815582275391,6.6,26
Not Sweet,301.78692626953125,199.81385803222656,419.21240234375,2389.61767578125,121.81475067138672,50.35874557495117,6.6,26
Not Sweet,256.3566589355469,178.6471405029297,381.0214538574219,2164.575927734375,125.96752166748048,58.25815582275391,6.6,26
Not Sweet,266.9029541015625,190.50050354003903,381.90960693359375,2367.577392578125,118.3541030883789,53.32102584838867,6.6,26
Not Sweet,268.5254821777344,189.65383911132807,407.6663208007813,2346.697265625,128.04391479492188,58.25815582275391,6.6,26
Not Sweet,284.7505798339844,192.19384765625,397.89654541015625,2353.6572265625,120.43048858642578,49.37131881713867,6.6,26
Not Sweet,276.6380310058594,189.65383911132807,382.79779052734375,2449.93798828125,110.04855346679688,47.39646911621094,6.6,26
Not Sweet,255.5453948974609,175.26046752929688,368.5871887207031,2217.936279296875,121.12261962890624,52.33359909057617,6.6,26
Not Sweet,276.6380310058594,190.50050354003903,374.8043212890625,2227.21630859375,116.27771759033205,48.38389205932617,6.6,26
Not Sweet,254.734130859375,173.56712341308594,363.2582092285156,2140.2158203125,118.3541030883789,55.29587936401367,6.6,26
Not Sweet,276.6380310058594,188.80715942382807,372.1398315429688,2401.2177734375,119.04623413085938,51.34617233276367,6.6,26
Not Sweet,244.1878204345703,171.02711486816406,376.5806579589844,2331.6171875,120.43048858642578,51.34617233276367,6.6,26
Not Sweet,238.509033203125,165.9470977783203,336.6133728027344,1992.8946533203125,112.81707000732422,49.37131881713867,6.6,26
Not Sweet,249.8666076660156,167.64044189453125,341.9423217773437,2091.495361328125,111.43280792236328,50.35874557495117,6.6,26
Not Sweet,236.8865203857422,169.3337860107422,342.8305053710937,1991.734619140625,116.96984100341795,57.27073287963867,6.6,26
Not Sweet,266.9029541015625,180.3404693603516,370.363525390625,2143.69580078125,112.81707000732422,48.38389205932617,6.6,26
Not Sweet,263.657958984375,185.4204864501953,377.46881103515625,2186.6162109375,119.73835754394533,53.32102584838867,6.6,26
Not Sweet,283.1280822753906,197.2738494873047,387.2385864257813,2535.77880859375,110.74068450927734,44.43418884277344,6.6,26
Not Sweet,287.99560546875,201.5072021484375,406.7781372070313,2470.818115234375,121.81475067138672,56.28330612182617,6.6,26
Not Sweet,279.0718078613281,189.65383911132807,385.4622497558594,2468.498291015625,123.19900512695312,56.28330612182617,6.6,26
Not Sweet,298.5419311523437,206.5872039794922,398.7846984863281,2605.379150390625,125.96752166748048,51.34617233276367,6.6,26
Not Sweet,265.28045654296875,186.26715087890625,389.903076171875,2358.29736328125,120.43048858642578,50.35874557495117,6.6,26
Not Sweet,276.6380310058594,186.26715087890625,376.5806579589844,2438.337890625,115.58558654785156,47.39646911621094,6.6,26
Not Sweet,260.4129333496094,186.26715087890625,402.33734130859375,2417.457763671875,123.19900512695312,53.32102584838867,6.6,26
Not Sweet,242.5653076171875,172.720458984375,357.9292297363281,2079.895263671875,119.73835754394533,56.28330612182617,6.6,26
Not Sweet,249.8666076660156,181.1871490478516,382.79779052734375,2267.816650390625,119.04623413085938,56.28330612182617,6.6,26
Not Sweet,244.9990692138672,171.02711486816406,362.37005615234375,2093.8154296875,112.81707000732422,54.30845260620117,6.6,26
Not Sweet,250.6778564453125,175.26046752929688,374.8043212890625,2304.93701171875,118.3541030883789,55.29587936401367,6.6,26
Not Sweet,234.4527587890625,168.4871063232422,354.3765869140625,2016.0948486328125,114.20132446289062,52.33359909057617,6.6,26
Not Sweet,263.657958984375,187.11383056640625,382.79779052734375,2256.216552734375,116.27771759033205,49.37131881713867,6.6,26
Not Sweet,252.3003692626953,174.41378784179688,360.5937194824219,2090.33544921875,117.66197204589844,54.30845260620117,6.6,26
Sweet,257.9791564941406,189.65383911132807,385.4622497558594,2381.49755859375,109.3564224243164,47.39646911621094,8.2,27
Sweet,268.5254821777344,190.50050354003903,387.2385864257813,2620.459228515625,112.81707000732422,46.40904235839844,8.2,27
Sweet,259.6016845703125,171.873779296875,350.8239440917969,2108.8955078125,120.43048858642578,53.32102584838867,8.2,27
Sweet,275.8267822265625,183.72715759277344,367.6990356445313,2133.255615234375,127.3517837524414,52.33359909057617,8.2,27
Sweet,270.959228515625,189.65383911132807,394.3438720703125,2281.73681640625,128.04391479492188,56.28330612182617,8.2,27
Sweet,283.9393310546875,190.50050354003903,409.442626953125,2347.857421875,128.04391479492188,50.35874557495117,8.2,27
Sweet,299.3531799316406,196.4271850585937,388.1267395019531,2615.8193359375,128.7360382080078,54.30845260620117,8.2,27
Sweet,277.44927978515625,193.88717651367188,381.0214538574219,2351.33740234375,133.58094787597656,57.27073287963867,8.2,27
Sweet,301.78692626953125,203.20053100585932,422.76507568359375,2487.058349609375,130.12030029296875,53.32102584838867,8.2,27
Sweet,245.81033325195312,175.26046752929688,359.70556640625,2245.776611328125,124.58326721191406,57.27073287963867,8.2,27
Sweet,224.7176971435547,165.10043334960938,350.8239440917969,2315.376953125,118.3541030883789,52.33359909057617,8.2,27
Sweet,247.432846069336,175.26046752929688,374.8043212890625,2195.896240234375,115.58558654785156,54.30845260620117,8.2,27
Sweet,240.1315460205078,171.02711486816406,360.5937194824219,2070.615234375,107.97216033935548,47.39646911621094,8.2,27
Sweet,273.3930053710937,190.50050354003903,373.9161682128906,2294.496826171875,109.3564224243164,44.43418884277344,8.2,27
Sweet,280.6943054199219,189.65383911132807,405.8899841308594,2496.33837890625,119.04623413085938,52.33359909057617,8.2,27
Sweet,264.4692077636719,182.0338134765625,385.4622497558594,2223.736328125,116.96984100341795,55.29587936401367,8.2,27
Sweet,258.7904052734375,175.26046752929688,375.6924743652344,2238.81640625,123.8911361694336,53.32102584838867,8.2,27
Sweet,259.6016845703125,179.49380493164062,353.4884338378906,2181.97607421875,123.8911361694336,57.27073287963867,8.2,27
Sweet,249.05535888671875,176.95379638671875,381.90960693359375,2202.856201171875,119.73835754394533,54.30845260620117,8.2,27
Sweet,252.3003692626953,179.49380493164062,367.6990356445313,2089.17529296875,112.12493896484376,51.34617233276367,8.2,27
Sweet,267.7142333984375,186.26715087890625,404.1136779785156,2367.577392578125,120.43048858642578,53.32102584838867,8.2,27
Sweet,251.48912048339844,173.56712341308594,360.5937194824219,2395.417724609375,119.04623413085938,49.37131881713867,8.2,27
Sweet,289.6181030273437,202.35386657714844,409.442626953125,2575.218994140625,119.73835754394533,47.39646911621094,8.2,27
Sweet,253.92288208007807,182.88047790527344,369.475341796875,2279.416748046875,122.5068817138672,52.33359909057617,8.2,27
Sweet,257.1679077148437,182.88047790527344,365.9226989746094,2169.216064453125,119.73835754394533,51.34617233276367,8.2,27
Sweet,282.3168029785156,199.81385803222656,421.87689208984375,2516.05859375,123.19900512695312,53.32102584838867,8.2,27
Sweet,292.8631286621094,200.6605224609375,417.4360961914063,2658.739501953125,130.8124237060547,54.30845260620117,8.2,27
Sweet,283.9393310546875,198.9671936035156,403.2254943847656,2384.9775390625,134.2730712890625,58.25815582275391,8.2,27
Sweet,278.2605285644531,184.5738220214844,393.4557189941406,2313.05712890625,127.3517837524414,53.32102584838867,8.2,27
Sweet,288.8068542480469,197.2738494873047,428.0940246582031,2481.25830078125,123.19900512695312,51.34617233276367,8.2,27
Sweet,279.883056640625,195.5805206298828,425.4295349121094,2491.698486328125,124.58326721191406,53.32102584838867,8.2,27
Sweet,262.8466796875,185.4204864501953,390.7912292480469,2410.497802734375,122.5068817138672,54.30845260620117,8.2,27
Sweet,277.44927978515625,187.11383056640625,390.7912292480469,2308.4169921875,121.81475067138672,45.42161560058594,8.2,28
Sweet,254.734130859375,176.1071319580078,365.0345458984375,2157.615966796875,125.96752166748048,53.32102584838867,8.2,28
Sweet,257.9791564941406,169.3337860107422,348.1594543457031,2466.17822265625,122.5068817138672,52.33359909057617,8.2,28
Sweet,246.62158203125,161.71376037597656,338.3896789550781,2478.938232421875,125.96752166748048,52.33359909057617,8.2,28
Sweet,257.1679077148437,168.4871063232422,357.04107666015625,2199.376220703125,125.96752166748048,55.29587936401367,8.2,28
Sweet,240.9427947998047,163.4071044921875,361.4819030761719,2434.85791015625,129.4281768798828,58.25815582275391,8.2,28
Sweet,254.734130859375,171.873779296875,356.1529235839844,2154.135986328125,123.19900512695312,55.29587936401367,8.2,28
Sweet,253.11163330078125,184.5738220214844,367.6990356445313,2126.295654296875,123.8911361694336,56.28330612182617,8.2,28
Sweet,279.883056640625,193.0405120849609,412.1071166992188,2430.218017578125,124.58326721191406,56.28330612182617,8.2,28
Sweet,263.657958984375,187.9604949951172,380.13330078125,2337.417236328125,128.04391479492188,57.27073287963867,8.2,28
Sweet,265.28045654296875,182.88047790527344,383.6859436035156,2168.055908203125,111.43280792236328,45.42161560058594,8.2,28
Sweet,276.6380310058594,190.50050354003903,393.4557189941406,2191.256103515625,121.12261962890624,54.30845260620117,8.2,28
Sweet,274.2042541503906,185.4204864501953,380.13330078125,2437.177978515625,119.04623413085938,51.34617233276367,8.2,28
Sweet,250.6778564453125,174.41378784179688,354.3765869140625,2386.1376953125,123.19900512695312,52.33359909057617,8.2,28
Sweet,251.48912048339844,173.56712341308594,357.9292297363281,2113.53564453125,121.81475067138672,57.27073287963867,8.2,28
Sweet,270.959228515625,182.88047790527344,359.70556640625,2162.255859375,110.74068450927734,47.39646911621094,8.2,28
Sweet,253.92288208007807,181.1871490478516,358.8174133300781,2304.93701171875,116.96984100341795,50.35874557495117,8.2,28
Sweet,263.657958984375,183.72715759277344,389.0149230957031,2408.177734375,118.3541030883789,55.29587936401367,8.2,28
Sweet,229.5852203369141,165.10043334960938,357.04107666015625,2190.09619140625,114.8934555053711,52.33359909057617,8.2,28
Sweet,231.20773315429688,162.5604248046875,322.4027709960937,2048.5751953125,110.04855346679688,39.49705505371094,8.2,28
Sweet,235.26400756835932,161.71376037597656,352.60028076171875,2034.655029296875,112.81707000732422,40.48448181152344,8.2,28
Sweet,237.69778442382807,170.18045043945312,349.0476379394531,1975.4945068359373,117.66197204589844,53.32102584838867,8.2,28
Sweet,257.1679077148437,182.88047790527344,382.79779052734375,2268.976806640625,114.8934555053711,52.33359909057617,8.2,28
Sweet,242.5653076171875,172.720458984375,353.4884338378906,2043.93505859375,118.3541030883789,47.39646911621094,8.2,28
Sweet,274.2042541503906,197.2738494873047,419.21240234375,2402.377685546875,123.8911361694336,56.28330612182617,8.2,28
Sweet,253.92288208007807,182.0338134765625,385.4622497558594,2171.535888671875,122.5068817138672,53.32102584838867,8.2,28
Sweet,265.28045654296875,189.65383911132807,394.3438720703125,2358.29736328125,113.50920104980467,51.34617233276367,8.2,28
Sweet,262.8466796875,186.26715087890625,397.89654541015625,2255.056640625,119.04623413085938,52.33359909057617,8.2,28
Sweet,279.883056640625,187.9604949951172,394.3438720703125,2516.05859375,121.12261962890624,49.37131881713867,8.2,28
Sweet,265.28045654296875,185.4204864501953,394.3438720703125,2437.177978515625,121.81475067138672,53.32102584838867,8.2,28
Sweet,244.1878204345703,167.64044189453125,342.8305053710937,2070.615234375,115.58558654785156,51.34617233276367,8.2,28
Sweet,257.1679077148437,181.1871490478516,365.0345458984375,2277.0966796875,120.43048858642578,54.30845260620117,8.2,28
Sweet,296.108154296875,204.8938751220703,435.1993408203125,2819.980712890625,126.65965270996094,56.28330612182617,9.6,29
Sweet,287.99560546875,195.5805206298828,398.7846984863281,2366.41748046875,123.19900512695312,53.32102584838867,9.6,29
Sweet,276.6380310058594,191.34716796875,389.903076171875,2241.136474609375,117.66197204589844,54.30845260620117,9.6,29
Sweet,242.5653076171875,163.4071044921875,360.5937194824219,2339.7373046875,103.81938934326172,43.44676208496094,9.6,29
Sweet,243.37657165527344,164.25376892089844,319.73828125,2146.015869140625,128.04391479492188,50.35874557495117,9.6,29
Sweet,256.3566589355469,176.95379638671875,369.475341796875,2281.73681640625,122.5068817138672,56.28330612182617,9.6,29
Sweet,240.9427947998047,176.1071319580078,362.37005615234375,2288.69677734375,116.96984100341795,50.35874557495117,9.6,29
Sweet,249.05535888671875,165.10043334960938,373.9161682128906,2309.576904296875,123.8911361694336,52.33359909057617,9.6,29
Sweet,219.03890991210932,162.5604248046875,329.508056640625,2475.458251953125,125.27539825439452,53.32102584838867,9.6,29
Sweet,242.5653076171875,165.10043334960938,359.70556640625,2352.497314453125,119.73835754394533,51.34617233276367,9.6,29
Sweet,257.9791564941406,175.26046752929688,372.1398315429688,2277.0966796875,116.96984100341795,55.29587936401367,9.6,29
Sweet,197.1350250244141,149.8603973388672,325.9554138183594,2215.6162109375,111.43280792236328,48.38389205932617,9.6,29
Sweet,262.8466796875,175.26046752929688,344.6068115234375,2318.857177734375,116.27771759033205,53.32102584838867,9.6,29
Sweet,245.81033325195312,163.4071044921875,338.3896789550781,1983.6146240234373,111.43280792236328,50.35874557495117,9.6,29
Sweet,227.1514587402344,152.40040588378906,299.310546875,2242.296630859375,105.8957748413086,48.38389205932617,9.6,29
Sweet,202.8137969970703,138.85369873046875,302.8632202148437,2381.49755859375,112.12493896484376,53.32102584838867,9.6,29
Sweet,262.8466796875,190.50050354003903,392.5675659179688,2513.738525390625,103.81938934326172,45.42161560058594,9.6,29
Sweet,256.3566589355469,182.88047790527344,387.2385864257813,2279.416748046875,112.12493896484376,50.35874557495117,9.6,29
Sweet,202.8137969970703,147.3203887939453,317.9619445800781,2452.258056640625,110.04855346679688,44.43418884277344,9.6,29
Sweet,168.7410888671875,134.620361328125,274.4420166015625,2431.3779296875,110.04855346679688,44.43418884277344,9.6,29
Sweet,257.1679077148437,179.49380493164062,348.1594543457031,2259.696533203125,112.12493896484376,45.42161560058594,9.6,29
Sweet,259.6016845703125,173.56712341308594,365.9226989746094,2072.935302734375,116.96984100341795,47.39646911621094,9.6,29
Sweet,250.6778564453125,171.873779296875,335.7251892089844,2231.8564453125,121.81475067138672,51.34617233276367,9.6,29
Sweet,264.4692077636719,189.65383911132807,399.6728515625,2510.258544921875,117.66197204589844,47.39646911621094,9.6,29
Sweet,279.883056640625,193.0405120849609,405.0018310546875,2585.658935546875,123.8911361694336,50.35874557495117,9.6,29
Sweet,275.8267822265625,190.50050354003903,407.6663208007813,2226.056396484375,118.3541030883789,43.44676208496094,9.6,29
Sweet,253.92288208007807,169.3337860107422,362.37005615234375,2383.817626953125,113.50920104980467,43.44676208496094,9.6,29
Sweet,319.6345520019531,206.5872039794922,383.6859436035156,2847.821044921875,125.96752166748048,47.39646911621094,9.6,29
Sweet,278.2605285644531,194.7338409423828,369.475341796875,2523.0185546875,117.66197204589844,46.40904235839844,9.6,29
Sweet,282.3168029785156,191.34716796875,376.5806579589844,2440.657958984375,135.65733337402344,57.27073287963867,9.6,29
Sweet,277.44927978515625,189.65383911132807,420.1005859375,2275.936767578125,125.27539825439452,53.32102584838867,9.6,29
Sweet,279.883056640625,194.7338409423828,410.330810546875,2480.098388671875,116.96984100341795,39.49705505371094,9.6,29
Not Sweet,257.9791564941406,162.5604248046875,341.0541687011719,2250.41650390625,116.96984100341795,54.30845260620117,7.0,30
Not Sweet,257.1679077148437,182.0338134765625,373.9161682128906,2471.978271484375,110.04855346679688,52.33359909057617,7.0,30
Not Sweet,272.5817565917969,189.65383911132807,426.3177185058594,2600.7392578125,106.58790588378906,47.39646911621094,7.0,30
Not Sweet,279.883056640625,193.0405120849609,370.363525390625,2693.539794921875,119.04623413085938,53.32102584838867,7.0,30
Not Sweet,307.4657287597656,213.36056518554688,440.5282897949219,2838.541015625,116.27771759033205,48.38389205932617,7.0,30
Not Sweet,252.3003692626953,176.95379638671875,385.4622497558594,2505.618408203125,107.28003692626952,49.37131881713867,7.0,30
Not Sweet,234.4527587890625,165.9470977783203,309.0803527832031,2233.016357421875,89.976806640625,38.50962829589844,7.0,30
Not Sweet,211.73760986328125,154.09373474121094,339.27783203125,2260.856689453125,89.28467559814453,36.5347785949707,7.0,30
Not Sweet,244.1878204345703,176.95379638671875,357.04107666015625,2383.817626953125,101.74300384521484,48.38389205932617,7.0,30
Not Sweet,276.6380310058594,190.50050354003903,400.5610046386719,2574.05908203125,111.43280792236328,43.44676208496094,7.0,30
Not Sweet,240.1315460205078,165.9470977783203,344.6068115234375,2344.377197265625,110.04855346679688,48.38389205932617,7.0,30
Not Sweet,236.0752716064453,165.9470977783203,341.9423217773437,2332.777099609375,105.8957748413086,47.39646911621094,7.0,30
Not Sweet,249.05535888671875,171.02711486816406,366.8108520507813,2387.297607421875,105.20364379882812,45.42161560058594,7.0,30
Not Sweet,139.53590393066406,112.60696411132812,274.4420166015625,2407.017822265625,101.74300384521484,40.48448181152344,7.0,30
Not Sweet,225.5289459228516,149.8603973388672,296.6460876464844,2390.777587890625,112.12493896484376,46.40904235839844,7.0,30
Not Sweet,223.90643310546875,162.5604248046875,315.2974853515625,2488.21826171875,110.74068450927734,50.35874557495117,7.0,30
Not Sweet,266.0917053222656,188.80715942382807,393.4557189941406,2336.25732421875,106.58790588378906,43.44676208496094,7.0,30
Not Sweet,259.6016845703125,172.720458984375,384.5740966796875,2314.217041015625,119.04623413085938,55.29587936401367,7.0,30
Not Sweet,236.8865203857422,173.56712341308594,341.0541687011719,2263.1767578125,98.28235626220705,38.50962829589844,7.0,30
Not Sweet,281.50555419921875,195.5805206298828,417.4360961914063,2561.298828125,120.43048858642578,52.33359909057617,7.0,30
Not Sweet,270.1479797363281,186.26715087890625,395.2320556640625,2372.217529296875,109.3564224243164,45.42161560058594,7.0,30
Not Sweet,278.2605285644531,197.2738494873047,417.4360961914063,2654.099609375,115.58558654785156,53.32102584838867,7.0,30
Not Sweet,266.9029541015625,184.5738220214844,407.6663208007813,2452.258056640625,119.73835754394533,52.33359909057617,7.0,30
Not Sweet,243.37657165527344,164.25376892089844,337.50152587890625,2647.139404296875,107.97216033935548,39.49705505371094,7.0,30
Not Sweet,236.0752716064453,165.10043334960938,331.2843933105469,2314.217041015625,107.97216033935548,50.35874557495117,7.0,30
Not Sweet,249.05535888671875,175.26046752929688,379.2451171875,2393.09765625,111.43280792236328,48.38389205932617,7.0,30
Not Sweet,242.5653076171875,171.873779296875,387.2385864257813,2306.096923828125,113.50920104980467,55.29587936401367,7.0,30
Not Sweet,279.883056640625,188.80715942382807,397.89654541015625,2546.21875,112.81707000732422,47.39646911621094,7.0,30
Not Sweet,285.56182861328125,204.04721069335932,418.3242492675781,2854.781005859375,108.66429138183594,46.40904235839844,7.0,30
Not Sweet,291.2406311035156,205.74053955078125,420.1005859375,2656.419677734375,114.8934555053711,53.32102584838867,7.0,30
Not Sweet,276.6380310058594,193.88717651367188,410.330810546875,2650.61962890625,117.66197204589844,50.35874557495117,7.0,30
Not Sweet,232.8302459716797,158.32708740234375,336.6133728027344,2374.53759765625,111.43280792236328,46.40904235839844,7.0,30
Not Sweet,232.0189971923828,162.5604248046875,343.7186584472656,2415.1376953125,114.8934555053711,47.39646911621094,6.6,31
Not Sweet,224.7176971435547,149.01373291015625,295.7579040527344,2303.777099609375,108.66429138183594,34.5599250793457,6.6,31
Not Sweet,189.833724975586,154.09373474121094,325.0672607421875,2338.5771484375,116.27771759033205,46.40904235839844,6.6,31
Not Sweet,217.41639709472656,165.9470977783203,359.70556640625,2622.779296875,119.04623413085938,46.40904235839844,6.6,31
Not Sweet,256.3566589355469,180.3404693603516,381.90960693359375,2524.1787109375,114.20132446289062,45.42161560058594,6.6,31
Not Sweet,217.41639709472656,165.9470977783203,336.6133728027344,2381.49755859375,115.58558654785156,47.39646911621094,6.6,31
Not Sweet,267.7142333984375,182.88047790527344,381.0214538574219,2490.538330078125,110.74068450927734,32.5850715637207,6.6,31
Not Sweet,259.6016845703125,183.72715759277344,376.5806579589844,2345.537353515625,108.66429138183594,34.5599250793457,6.6,31
Not Sweet,299.3531799316406,198.9671936035156,403.2254943847656,2911.621337890625,123.8911361694336,49.37131881713867,6.6,31
Not Sweet,245.81033325195312,182.0338134765625,381.90960693359375,2538.0986328125,108.66429138183594,42.45933532714844,6.6,31
Not Sweet,260.4129333496094,179.49380493164062,354.3765869140625,2078.7353515625,115.58558654785156,37.52220153808594,6.6,31
Not Sweet,205.24757385253903,149.8603973388672,313.5211486816406,2147.17578125,113.50920104980467,48.38389205932617,6.6,31
Not Sweet,228.7739715576172,155.78707885742188,320.6264343261719,2091.495361328125,107.97216033935548,45.42161560058594,6.6,31
Not Sweet,239.32028198242188,165.9470977783203,329.508056640625,2098.45556640625,109.3564224243164,45.42161560058594,6.6,31
Not Sweet,242.5653076171875,167.64044189453125,344.6068115234375,2149.495849609375,104.5115203857422,43.44676208496094,6.6,31
Not Sweet,235.26400756835932,162.5604248046875,335.7251892089844,2258.53662109375,104.5115203857422,41.47190856933594,6.6,31
Not Sweet,193.88999938964844,146.47372436523438,310.8566589355469,2157.615966796875,112.12493896484376,50.35874557495117,6.6,31
Not Sweet,167.1185760498047,136.31369018554688,297.53424072265625,2106.575439453125,107.97216033935548,45.42161560058594,6.6,31
Not Sweet,232.8302459716797,170.18045043945312,333.9488830566406,2149.495849609375,110.74068450927734,44.43418884277344,6.6,31
Not Sweet,248.2440948486328,170.18045043945312,367.6990356445313,2135.57568359375,108.66429138183594,43.44676208496094,6.6,31
Not Sweet,267.7142333984375,179.49380493164062,383.6859436035156,2291.016845703125,116.96984100341795,45.42161560058594,6.6,31
Not Sweet,227.1514587402344,175.26046752929688,390.7912292480469,2449.93798828125,121.12261962890624,49.37131881713867,6.6,31
Not Sweet,241.75405883789065,177.80047607421875,351.71209716796875,2417.457763671875,112.12493896484376,40.48448181152344,6.6,31
Not Sweet,269.33673095703125,193.88717651367188,405.0018310546875,2556.658935546875,121.12261962890624,53.32102584838867,6.6,31
Not Sweet,254.734130859375,178.6471405029297,354.3765869140625,2411.65771484375,117.66197204589844,47.39646911621094,6.6,31
Not Sweet,257.9791564941406,182.88047790527344,376.5806579589844,2456.898193359375,114.20132446289062,48.38389205932617,6.6,31
Not Sweet,239.32028198242188,166.7937774658203,345.4949645996094,2456.898193359375,116.96984100341795,50.35874557495117,6.6,31
Not Sweet,235.26400756835932,152.40040588378906,313.5211486816406,2033.4949951171875,110.74068450927734,45.42161560058594,6.6,31
Not Sweet,235.26400756835932,164.25376892089844,327.73175048828125,2136.73583984375,111.43280792236328,50.35874557495117,6.6,31
Not Sweet,244.1878204345703,167.64044189453125,341.9423217773437,2308.4169921875,116.27771759033205,50.35874557495117,6.6,31
Not Sweet,289.6181030273437,200.6605224609375,388.1267395019531,2604.21923828125,107.28003692626952,41.47190856933594,6.6,31
Not Sweet,282.3168029785156,194.7338409423828,397.89654541015625,2581.01904296875,114.20132446289062,39.49705505371094,6.6,31
Not Sweet,309.0882263183594,209.1272125244141,422.76507568359375,2557.81884765625,132.88882446289062,54.30845260620117,7.0,32
Not Sweet,306.65447998046875,207.4338836669922,418.3242492675781,2597.259033203125,134.2730712890625,57.27073287963867,7.0,32
Not Sweet,260.4129333496094,174.41378784179688,390.7912292480469,2310.737060546875,136.34945678710938,61.220436096191406,7.0,32
Not Sweet,277.44927978515625,188.80715942382807,382.79779052734375,2416.2978515625,127.3517837524414,56.28330612182617,7.0,32
Not Sweet,297.73065185546875,204.04721069335932,419.21240234375,2519.53857421875,133.58094787597656,56.28330612182617,7.0,32
Not Sweet,325.3133544921875,220.1339111328125,442.30462646484375,2806.060791015625,142.57862854003906,54.30845260620117,7.0,32
Not Sweet,337.482177734375,231.1406097412109,478.7192687988281,2778.220458984375,148.11566162109375,58.25815582275391,7.0,32
Not Sweet,321.257080078125,219.2872467041016,456.5152282714844,2759.660400390625,147.4235382080078,56.28330612182617,7.0,32
Not Sweet,306.65447998046875,202.35386657714844,415.6597595214844,2618.139404296875,139.11798095703125,54.30845260620117,7.0,32
Not Sweet,286.3730773925781,192.19384765625,372.1398315429688,2562.458984375,125.96752166748048,44.43418884277344,7.0,32
Not Sweet,287.99560546875,192.19384765625,369.475341796875,2478.938232421875,126.65965270996094,46.40904235839844,7.0,32
Not Sweet,283.1280822753906,197.2738494873047,403.2254943847656,2619.29931640625,125.96752166748048,46.40904235839844,7.0,32
Not Sweet,266.0917053222656,182.0338134765625,397.0083618164063,2382.657470703125,134.2730712890625,61.220436096191406,7.0,32
Not Sweet,275.0155334472656,194.7338409423828,375.6924743652344,2396.57763671875,122.5068817138672,52.33359909057617,7.0,32
Not Sweet,270.1479797363281,196.4271850585937,410.330810546875,2594.939208984375,123.8911361694336,53.32102584838867,7.0,32
Not Sweet,275.0155334472656,185.4204864501953,389.0149230957031,2557.81884765625,127.3517837524414,56.28330612182617,7.0,32
Not Sweet,262.0354309082031,185.4204864501953,389.903076171875,2473.13818359375,122.5068817138672,54.30845260620117,7.0,32
Not Sweet,240.9427947998047,166.7937774658203,345.4949645996094,2190.09619140625,112.12493896484376,50.35874557495117,7.0,32
Not Sweet,252.3003692626953,172.720458984375,357.9292297363281,2187.776123046875,119.73835754394533,51.34617233276367,7.0,32
Not Sweet,269.33673095703125,187.9604949951172,373.0279846191406,2365.25732421875,125.96752166748048,54.30845260620117,7.0,32
Not Sweet,294.48565673828125,201.5072021484375,428.9822082519531,2641.33935546875,128.04391479492188,56.28330612182617,7.0,32
Not Sweet,307.4657287597656,209.9738922119141,431.6466674804688,2615.8193359375,132.19668579101562,54.30845260620117,7.0,32
Not Sweet,309.8995056152344,209.9738922119141,429.870361328125,2723.7001953125,132.19668579101562,55.29587936401367,7.0,32
Not Sweet,307.4657287597656,209.1272125244141,409.442626953125,2826.94091796875,130.12030029296875,51.34617233276367,7.0,32
Not Sweet,305.8432312011719,220.98057556152344,473.3902893066406,2895.38134765625,132.88882446289062,52.33359909057617,7.0,32
Not Sweet,313.1445007324219,219.2872467041016,456.5152282714844,2780.54052734375,134.9652099609375,58.25815582275391,7.0,32
Not Sweet,303.4094543457031,209.9738922119141,435.1993408203125,2670.339599609375,126.65965270996094,55.29587936401367,7.0,32
Not Sweet,297.73065185546875,202.35386657714844,433.4230041503906,2574.05908203125,137.7337188720703,57.27073287963867,7.0,32
Not Sweet,301.78692626953125,212.513900756836,444.9691162109375,2726.02001953125,140.5022430419922,54.30845260620117,7.0,32
Not Sweet,318.82330322265625,221.82725524902344,468.0613098144531,2639.01953125,124.58326721191406,49.37131881713867,7.0,32
Not Sweet,301.78692626953125,211.667221069336,464.5086669921875,2822.30078125,123.19900512695312,50.35874557495117,7.0,32
Not Sweet,275.0155334472656,194.7338409423828,417.4360961914063,2504.45849609375,122.5068817138672,52.33359909057617,7.0,32
Not Sweet,247.432846069336,176.95379638671875,360.5937194824219,2165.736083984375,106.58790588378906,37.52220153808594,7.8,33
Not Sweet,272.5817565917969,177.80047607421875,333.0606994628906,2176.176025390625,119.04623413085938,47.39646911621094,7.8,33
Not Sweet,279.883056640625,178.6471405029297,359.70556640625,2241.136474609375,132.19668579101562,54.30845260620117,7.8,33
Not Sweet,298.5419311523437,202.35386657714844,405.0018310546875,2336.25732421875,137.04159545898438,53.32102584838867,7.8,33
Not Sweet,261.22418212890625,191.34716796875,391.6793823242188,2724.860107421875,124.58326721191406,43.44676208496094,7.8,33
Not Sweet,299.3531799316406,204.04721069335932,435.1993408203125,2732.980224609375,134.9652099609375,50.35874557495117,7.8,33
Not Sweet,265.28045654296875,187.11383056640625,364.1463928222656,2345.537353515625,118.3541030883789,47.39646911621094,7.8,33
Not Sweet,272.5817565917969,189.65383911132807,387.2385864257813,2579.859130859375,125.27539825439452,49.37131881713867,7.8,33
Not Sweet,277.44927978515625,185.4204864501953,387.2385864257813,2440.657958984375,138.4258575439453,52.33359909057617,7.8,33
Not Sweet,286.3730773925781,204.8938751220703,405.8899841308594,2524.1787109375,132.19668579101562,50.35874557495117,7.8,33
Not Sweet,266.0917053222656,182.0338134765625,378.3569641113281,2423.2578125,123.19900512695312,52.33359909057617,7.8,33
Not Sweet,237.69778442382807,167.64044189453125,329.508056640625,2068.295166015625,109.3564224243164,50.35874557495117,7.8,33
Not Sweet,190.6449737548828,131.23367309570312,270.001220703125,1726.0927734375,112.81707000732422,53.32102584838867,7.8,33
Not Sweet,243.37657165527344,164.25376892089844,314.4093017578125,2013.77490234375,114.8934555053711,49.37131881713867,7.8,33
Not Sweet,251.48912048339844,175.26046752929688,335.7251892089844,2125.1357421875,116.96984100341795,50.35874557495117,7.8,33
Not Sweet,263.657958984375,185.4204864501953,405.8899841308594,2557.81884765625,117.66197204589844,42.45933532714844,7.8,33
Not Sweet,238.509033203125,184.5738220214844,377.46881103515625,2594.939208984375,112.81707000732422,41.47190856933594,7.8,33
Not Sweet,238.509033203125,165.10043334960938,343.7186584472656,2111.215576171875,131.5045623779297,57.27073287963867,7.8,33
Not Sweet,258.7904052734375,181.1871490478516,375.6924743652344,2161.095947265625,128.04391479492188,52.33359909057617,7.8,33
Not Sweet,269.33673095703125,184.5738220214844,388.1267395019531,2245.776611328125,119.04623413085938,44.43418884277344,7.8,33
Not Sweet,253.92288208007807,169.3337860107422,376.5806579589844,2390.777587890625,119.73835754394533,42.45933532714844,7.8,33
Not Sweet,259.6016845703125,180.3404693603516,395.2320556640625,2347.857421875,123.8911361694336,51.34617233276367,7.8,33
Not Sweet,211.73760986328125,143.08705139160156,329.508056640625,2310.737060546875,112.12493896484376,39.49705505371094,7.8,33
Not Sweet,264.4692077636719,185.4204864501953,353.4884338378906,2288.69677734375,110.74068450927734,42.45933532714844,7.8,33
Not Sweet,257.1679077148437,173.56712341308594,379.2451171875,2100.775390625,114.8934555053711,52.33359909057617,7.8,33
Not Sweet,228.7739715576172,164.25376892089844,345.4949645996094,2139.0556640625,111.43280792236328,49.37131881713867,7.8,33
Not Sweet,240.9427947998047,180.3404693603516,360.5937194824219,2284.056884765625,112.81707000732422,46.40904235839844,7.8,33
Not Sweet,291.2406311035156,207.4338836669922,418.3242492675781,2674.979736328125,105.8957748413086,40.48448181152344,7.8,33
Not Sweet,240.9427947998047,171.873779296875,370.363525390625,2374.53759765625,117.66197204589844,51.34617233276367,7.8,33
Not Sweet,244.1878204345703,158.32708740234375,333.9488830566406,2329.297119140625,122.5068817138672,50.35874557495117,7.8,33
Not Sweet,250.6778564453125,177.80047607421875,364.1463928222656,2098.45556640625,124.58326721191406,49.37131881713867,7.8,33
Not Sweet,269.33673095703125,183.72715759277344,372.1398315429688,2281.73681640625,112.81707000732422,44.43418884277344,7.8,33
Sweet,245.81033325195312,151.55372619628906,336.6133728027344,2315.376953125,130.12030029296875,48.38389205932617,9.0,34
Sweet,254.734130859375,182.0338134765625,384.5740966796875,2524.1787109375,112.12493896484376,38.50962829589844,9.0,34
Sweet,271.7705078125,193.0405120849609,396.1202087402344,2400.0576171875,123.19900512695312,51.34617233276367,9.0,34
Sweet,254.734130859375,183.72715759277344,370.363525390625,2418.617919921875,103.12725830078124,39.49705505371094,9.0,34
Sweet,212.5488739013672,176.95379638671875,366.8108520507813,2389.61767578125,125.96752166748048,50.35874557495117,9.0,34
Sweet,182.5324249267578,155.78707885742188,318.8501281738281,2256.216552734375,107.97216033935548,35.5473518371582,9.0,34
Sweet,224.7176971435547,163.4071044921875,320.6264343261719,2200.5361328125,107.97216033935548,31.597644805908203,9.0,34
Sweet,259.6016845703125,168.4871063232422,360.5937194824219,2398.897705078125,120.43048858642578,37.52220153808594,9.0,34
Sweet,296.9194030761719,193.88717651367188,370.363525390625,2546.21875,128.04391479492188,48.38389205932617,9.0,34
Sweet,193.88999938964844,160.86709594726562,341.9423217773437,2216.7763671875,118.3541030883789,48.38389205932617,9.0,34
Sweet,267.7142333984375,183.72715759277344,409.442626953125,2670.339599609375,116.27771759033205,40.48448181152344,9.0,34
Sweet,243.37657165527344,162.5604248046875,365.0345458984375,2358.29736328125,125.96752166748048,48.38389205932617,9.0,34
Sweet,181.7211761474609,138.0070343017578,309.968505859375,2324.6572265625,115.58558654785156,35.5473518371582,9.0,34
Sweet,266.0917053222656,167.64044189453125,306.4158630371094,2375.697509765625,114.8934555053711,33.5724983215332,9.0,34
Sweet,277.44927978515625,193.88717651367188,393.4557189941406,2390.777587890625,118.3541030883789,42.45933532714844,9.0,34
Sweet,264.4692077636719,182.88047790527344,377.46881103515625,2301.45703125,125.27539825439452,49.37131881713867,9.0,34
Sweet,276.6380310058594,187.9604949951172,381.90960693359375,2389.61767578125,122.5068817138672,49.37131881713867,9.0,34
Sweet,269.33673095703125,185.4204864501953,387.2385864257813,2338.5771484375,125.96752166748048,51.34617233276367,9.0,34
Sweet,253.92288208007807,170.18045043945312,386.3504333496094,2156.455810546875,121.12261962890624,39.49705505371094,9.0,34
Sweet,192.2674865722656,134.620361328125,314.4093017578125,2147.17578125,116.96984100341795,45.42161560058594,9.0,34
Sweet,275.8267822265625,187.11383056640625,388.1267395019531,2415.1376953125,124.58326721191406,52.33359909057617,9.0,34
Sweet,278.2605285644531,198.9671936035156,425.4295349121094,2721.380126953125,112.81707000732422,30.610218048095703,9.0,34
Sweet,235.26400756835932,167.64044189453125,405.8899841308594,2593.779052734375,114.20132446289062,31.597644805908203,9.0,34
Sweet,249.05535888671875,176.1071319580078,315.2974853515625,2461.5380859375,123.8911361694336,55.29587936401367,9.0,34
Sweet,263.657958984375,183.72715759277344,376.5806579589844,2491.698486328125,117.66197204589844,48.38389205932617,9.0,34
Sweet,235.26400756835932,175.26046752929688,355.2647705078125,2336.25732421875,107.97216033935548,38.50962829589844,9.0,34
Sweet,257.1679077148437,175.26046752929688,370.363525390625,2509.098388671875,117.66197204589844,47.39646911621094,9.0,34
Sweet,191.45623779296875,126.1536636352539,273.5538635253906,2227.21630859375,116.96984100341795,45.42161560058594,9.0,34
Sweet,188.21121215820312,143.9337158203125,287.76446533203125,2466.17822265625,114.20132446289062,39.49705505371094,9.0,34
Sweet,238.509033203125,174.41378784179688,395.2320556640625,2497.498291015625,125.96752166748048,47.39646911621094,9.0,34
Sweet,260.4129333496094,184.5738220214844,371.2516784667969,2633.219482421875,117.66197204589844,44.43418884277344,9.0,34
Sweet,177.66488647460938,143.9337158203125,271.77752685546875,2260.856689453125,119.73835754394533,45.42161560058594,9.0,34
Sweet,250.6778564453125,171.02711486816406,360.5937194824219,2382.657470703125,121.12261962890624,47.39646911621094,8.2,35
Sweet,183.3436737060547,137.1603546142578,313.5211486816406,2306.096923828125,131.5045623779297,50.35874557495117,8.2,35
Sweet,244.1878204345703,176.95379638671875,318.8501281738281,2382.657470703125,128.7360382080078,48.38389205932617,8.2,35
Sweet,283.1280822753906,191.34716796875,393.4557189941406,2422.097900390625,130.12030029296875,55.29587936401367,8.2,35
Sweet,283.9393310546875,192.19384765625,379.2451171875,2296.81689453125,147.4235382080078,60.233009338378906,8.2,35
Sweet,299.3531799316406,215.05389404296875,441.4164733886719,2661.0595703125,139.11798095703125,55.29587936401367,8.2,35
Sweet,318.82330322265625,218.44058227539065,470.7257995605469,2607.69921875,139.8101043701172,58.25815582275391,8.2,35
Sweet,287.1843566894531,193.0405120849609,405.0018310546875,2614.6591796875,139.8101043701172,47.39646911621094,8.2,35
Sweet,272.5817565917969,182.0338134765625,389.903076171875,2523.0185546875,133.58094787597656,48.38389205932617,8.2,35
Sweet,275.8267822265625,177.80047607421875,343.7186584472656,2521.858642578125,130.12030029296875,48.38389205932617,8.2,35
Sweet,242.5653076171875,171.873779296875,338.3896789550781,2476.6181640625,116.96984100341795,40.48448181152344,8.2,35
Sweet,254.734130859375,172.720458984375,342.8305053710937,2698.179931640625,116.96984100341795,35.5473518371582,8.2,35
Sweet,253.11163330078125,173.56712341308594,353.4884338378906,2463.858154296875,119.04623413085938,36.5347785949707,8.2,35
Sweet,266.0917053222656,183.72715759277344,349.935791015625,2387.297607421875,125.27539825439452,55.29587936401367,8.2,35
Sweet,263.657958984375,173.56712341308594,406.7781372070313,2582.178955078125,123.8911361694336,48.38389205932617,8.2,35
Sweet,235.26400756835932,154.94041442871094,292.20526123046875,2213.29638671875,121.81475067138672,51.34617233276367,8.2,35
Sweet,235.26400756835932,162.5604248046875,312.63299560546875,2422.097900390625,116.96984100341795,44.43418884277344,8.2,35
Sweet,255.5453948974609,173.56712341308594,342.8305053710937,2349.017333984375,120.43048858642578,43.44676208496094,8.2,35
Sweet,253.92288208007807,167.64044189453125,361.4819030761719,2186.6162109375,116.27771759033205,39.49705505371094,8.2,35
Sweet,279.0718078613281,192.19384765625,378.3569641113281,2482.418212890625,113.50920104980467,38.50962829589844,8.2,35
Sweet,276.6380310058594,190.50050354003903,394.3438720703125,2383.817626953125,126.65965270996094,51.34617233276367,8.2,35
Sweet,268.5254821777344,185.4204864501953,389.903076171875,2373.37744140625,126.65965270996094,55.29587936401367,8.2,35
Sweet,287.1843566894531,198.1205291748047,394.3438720703125,2543.898681640625,123.19900512695312,52.33359909057617,8.2,35
Sweet,300.9756774902344,215.90057373046875,432.5348510742188,2716.739990234375,134.9652099609375,50.35874557495117,8.2,35
Sweet,296.9194030761719,209.1272125244141,430.7585144042969,2920.901611328125,131.5045623779297,49.37131881713867,8.2,35
Sweet,284.7505798339844,190.50050354003903,427.2058715820313,2644.819580078125,134.9652099609375,51.34617233276367,8.2,35
Sweet,260.4129333496094,175.26046752929688,348.1594543457031,2583.339111328125,125.96752166748048,44.43418884277344,8.2,35
Sweet,262.8466796875,182.88047790527344,379.2451171875,2984.701904296875,119.04623413085938,37.52220153808594,8.2,35
Sweet,244.9990692138672,177.80047607421875,367.6990356445313,2659.899658203125,117.66197204589844,42.45933532714844,8.2,35
Sweet,286.3730773925781,193.88717651367188,386.3504333496094,2618.139404296875,125.96752166748048,48.38389205932617,8.2,35
Sweet,202.8137969970703,147.3203887939453,346.3831481933594,2513.738525390625,130.8124237060547,50.35874557495117,8.2,35
Sweet,228.7739715576172,151.55372619628906,297.53424072265625,2347.857421875,122.5068817138672,52.33359909057617,8.2,35
Not Sweet,292.0518798828125,209.9738922119141,411.2189636230469,2568.259033203125,118.3541030883789,52.33359909057617,7.2,36
Not Sweet,283.9393310546875,201.5072021484375,412.9952697753906,2528.818603515625,110.74068450927734,47.39646911621094,7.2,36
Not Sweet,273.3930053710937,199.81385803222656,404.1136779785156,2525.338623046875,116.27771759033205,54.30845260620117,7.2,36
Not Sweet,282.3168029785156,197.2738494873047,405.0018310546875,2743.420166015625,125.96752166748048,57.27073287963867,7.2,36
Not Sweet,248.2440948486328,167.64044189453125,367.6990356445313,2040.455078125,118.3541030883789,47.39646911621094,7.2,36
Not Sweet,252.3003692626953,174.41378784179688,359.70556640625,2141.375732421875,115.58558654785156,52.33359909057617,7.2,36
Not Sweet,246.62158203125,172.720458984375,331.2843933105469,2120.49560546875,115.58558654785156,51.34617233276367,7.2,36
Not Sweet,283.1280822753906,197.2738494873047,393.4557189941406,2523.0185546875,120.43048858642578,52.33359909057617,7.2,36
Not Sweet,285.56182861328125,197.2738494873047,410.330810546875,2505.618408203125,119.04623413085938,53.32102584838867,7.2,36
Not Sweet,269.33673095703125,192.19384765625,384.5740966796875,2449.93798828125,121.12261962890624,53.32102584838867,7.2,36
Not Sweet,260.4129333496094,184.5738220214844,377.46881103515625,2295.656982421875,120.43048858642578,53.32102584838867,7.2,36
Not Sweet,266.9029541015625,181.1871490478516,359.70556640625,2281.73681640625,108.66429138183594,47.39646911621094,7.2,36
Not Sweet,261.22418212890625,182.88047790527344,361.4819030761719,2244.616455078125,121.81475067138672,58.25815582275391,7.2,36
Not Sweet,262.0354309082031,179.49380493164062,384.5740966796875,2239.9765625,119.04623413085938,52.33359909057617,7.2,36
Not Sweet,253.92288208007807,176.95379638671875,361.4819030761719,2062.4951171875,114.20132446289062,48.38389205932617,7.2,36
Not Sweet,301.78692626953125,197.2738494873047,408.5544738769531,2465.01806640625,128.04391479492188,52.33359909057617,7.2,36
Not Sweet,257.1679077148437,180.3404693603516,378.3569641113281,2150.65576171875,124.58326721191406,50.35874557495117,7.2,36
Not Sweet,251.48912048339844,173.56712341308594,360.5937194824219,2112.37548828125,105.8957748413086,44.43418884277344,7.2,36
Not Sweet,247.432846069336,165.10043334960938,347.27130126953125,1827.013427734375,116.27771759033205,49.37131881713867,7.2,36
Not Sweet,253.92288208007807,177.80047607421875,362.37005615234375,2204.016357421875,114.20132446289062,51.34617233276367,7.2,36
Not Sweet,261.22418212890625,186.26715087890625,379.2451171875,2231.8564453125,117.66197204589844,51.34617233276367,7.2,36
Not Sweet,278.2605285644531,196.4271850585937,386.3504333496094,2477.7783203125,118.3541030883789,50.35874557495117,7.2,36
Not Sweet,276.6380310058594,192.19384765625,410.330810546875,2648.299560546875,122.5068817138672,55.29587936401367,7.2,36
Not Sweet,249.8666076660156,176.95379638671875,341.9423217773437,2178.49609375,117.66197204589844,54.30845260620117,7.2,36
Not Sweet,269.33673095703125,184.5738220214844,379.2451171875,2415.1376953125,112.81707000732422,51.34617233276367,7.2,36
Not Sweet,214.98263549804688,159.1737518310547,304.6395263671875,1977.8145751953125,113.50920104980467,55.29587936401367,7.2,36
Not Sweet,249.05535888671875,171.02711486816406,356.1529235839844,2241.136474609375,112.81707000732422,51.34617233276367,7.2,36
Not Sweet,220.6614227294922,155.78707885742188,336.6133728027344,1927.9342041015625,119.73835754394533,54.30845260620117,7.2,36
Not Sweet,236.8865203857422,168.4871063232422,338.3896789550781,2246.9365234375,114.20132446289062,47.39646911621094,7.2,36
Not Sweet,244.9990692138672,172.720458984375,381.0214538574219,2231.8564453125,116.96984100341795,47.39646911621094,7.2,36
Not Sweet,243.37657165527344,173.56712341308594,368.5871887207031,2183.135986328125,110.04855346679688,49.37131881713867,7.2,36
Not Sweet,262.0354309082031,179.49380493164062,357.04107666015625,2282.896728515625,107.97216033935548,46.40904235839844,7.2,36
Not Sweet,288.8068542480469,204.04721069335932,448.5217590332031,2710.93994140625,127.3517837524414,54.30845260620117,7.4,37
Not Sweet,279.0718078613281,198.1205291748047,424.5413818359375,2571.739013671875,115.58558654785156,47.39646911621094,7.4,37
Not Sweet,253.92288208007807,174.41378784179688,368.5871887207031,2219.096435546875,128.04391479492188,56.28330612182617,7.4,37
Not Sweet,259.6016845703125,176.1071319580078,364.1463928222656,2272.456787109375,123.8911361694336,53.32102584838867,7.4,37
Not Sweet,251.48912048339844,171.873779296875,378.3569641113281,2147.17578125,117.66197204589844,51.34617233276367,7.4,37
Not Sweet,243.37657165527344,179.49380493164062,363.2582092285156,2112.37548828125,118.3541030883789,54.30845260620117,7.4,37
Not Sweet,249.05535888671875,181.1871490478516,369.475341796875,2491.698486328125,107.97216033935548,47.39646911621094,7.4,37
Not Sweet,253.11163330078125,181.1871490478516,376.5806579589844,2267.816650390625,116.27771759033205,52.33359909057617,7.4,37
Not Sweet,238.509033203125,173.56712341308594,382.79779052734375,2284.056884765625,116.27771759033205,50.35874557495117,7.4,37
Not Sweet,263.657958984375,176.95379638671875,368.5871887207031,2352.497314453125,111.43280792236328,47.39646911621094,7.4,37
Not Sweet,259.6016845703125,175.26046752929688,363.2582092285156,2042.7750244140625,112.12493896484376,49.37131881713867,7.4,37
Not Sweet,264.4692077636719,182.0338134765625,375.6924743652344,2111.215576171875,123.19900512695312,56.28330612182617,7.4,37
Not Sweet,260.4129333496094,182.88047790527344,384.5740966796875,2273.61669921875,113.50920104980467,46.40904235839844,7.4,37
Not Sweet,266.9029541015625,184.5738220214844,372.1398315429688,2229.536376953125,111.43280792236328,51.34617233276367,7.4,37
Not Sweet,264.4692077636719,183.72715759277344,369.475341796875,2238.81640625,115.58558654785156,48.38389205932617,7.4,37
Not Sweet,266.0917053222656,181.1871490478516,365.9226989746094,2050.89501953125,119.04623413085938,53.32102584838867,7.4,37
Not Sweet,237.69778442382807,169.3337860107422,336.6133728027344,1962.7344970703125,119.73835754394533,52.33359909057617,7.4,37
Not Sweet,244.1878204345703,173.56712341308594,368.5871887207031,2113.53564453125,114.8934555053711,51.34617233276367,7.4,37
Not Sweet,244.9990692138672,164.25376892089844,346.3831481933594,1962.7344970703125,112.81707000732422,52.33359909057617,7.4,37
Not Sweet,235.26400756835932,158.32708740234375,316.1856384277344,1918.6541748046875,107.28003692626952,43.44676208496094,7.4,37
Not Sweet,225.5289459228516,160.02041625976562,319.73828125,1933.7342529296875,114.8934555053711,55.29587936401367,7.4,37
Not Sweet,233.6415100097656,166.7937774658203,366.8108520507813,2150.65576171875,118.3541030883789,55.29587936401367,7.4,37
Not Sweet,253.92288208007807,178.6471405029297,348.1594543457031,2137.895751953125,107.28003692626952,46.40904235839844,7.4,37
Not Sweet,239.32028198242188,164.25376892089844,347.27130126953125,2235.33642578125,116.96984100341795,52.33359909057617,7.4,37
Not Sweet,243.37657165527344,170.18045043945312,318.8501281738281,2091.495361328125,110.04855346679688,45.42161560058594,7.4,37
Not Sweet,278.2605285644531,203.20053100585932,419.21240234375,2831.580810546875,125.27539825439452,53.32102584838867,7.4,37
Not Sweet,276.6380310058594,192.19384765625,424.5413818359375,2473.13818359375,124.58326721191406,57.27073287963867,7.4,37
Not Sweet,266.9029541015625,182.88047790527344,374.8043212890625,2128.61572265625,118.3541030883789,50.35874557495117,7.4,37
Not Sweet,247.432846069336,176.95379638671875,370.363525390625,2107.735595703125,121.12261962890624,53.32102584838867,7.4,37
Not Sweet,274.2042541503906,195.5805206298828,401.4491882324219,2460.378173828125,116.27771759033205,48.38389205932617,7.4,37
Not Sweet,291.2406311035156,193.0405120849609,398.7846984863281,2299.136962890625,119.73835754394533,51.34617233276367,7.4,37
Not Sweet,242.5653076171875,164.25376892089844,341.0541687011719,2093.8154296875,110.74068450927734,48.38389205932617,7.4,37
Sweet,280.6943054199219,191.34716796875,373.0279846191406,2525.338623046875,121.12261962890624,53.32102584838867,9.0,38
Sweet,287.99560546875,199.81385803222656,405.0018310546875,2569.4189453125,127.3517837524414,54.30845260620117,9.0,38
Sweet,245.81033325195312,190.50050354003903,418.3242492675781,2504.45849609375,129.4281768798828,50.35874557495117,9.0,38
Sweet,308.2769775390625,198.1205291748047,389.0149230957031,2728.340087890625,125.27539825439452,45.42161560058594,9.0,38
Sweet,279.883056640625,193.88717651367188,380.13330078125,2596.09912109375,114.20132446289062,41.47190856933594,9.0,38
Sweet,264.4692077636719,169.3337860107422,369.475341796875,2528.818603515625,122.5068817138672,41.47190856933594,9.0,38
Sweet,233.6415100097656,164.25376892089844,302.8632202148437,2500.978515625,110.74068450927734,42.45933532714844,9.0,38
Sweet,295.2969055175781,206.5872039794922,381.90960693359375,2732.980224609375,124.58326721191406,48.38389205932617,9.0,38
Sweet,313.9557800292969,215.90057373046875,439.64013671875,2821.140869140625,132.88882446289062,56.28330612182617,9.0,38
Sweet,256.3566589355469,169.3337860107422,371.2516784667969,2610.019287109375,125.96752166748048,52.33359909057617,9.0,38
Sweet,235.26400756835932,156.6337432861328,319.73828125,2081.055419921875,116.27771759033205,53.32102584838867,9.0,38
Sweet,224.7176971435547,155.78707885742188,317.9619445800781,2168.055908203125,109.3564224243164,42.45933532714844,9.0,38
Sweet,237.69778442382807,165.9470977783203,333.9488830566406,2099.615478515625,106.58790588378906,34.5599250793457,9.0,38
Sweet,253.92288208007807,178.6471405029297,354.3765869140625,2431.3779296875,113.50920104980467,38.50962829589844,9.0,38
Sweet,273.3930053710937,184.5738220214844,381.90960693359375,2351.33740234375,117.66197204589844,39.49705505371094,9.0,38
Sweet,240.9427947998047,160.02041625976562,359.70556640625,2241.136474609375,118.3541030883789,43.44676208496094,9.0,38
Sweet,214.1713714599609,148.16705322265625,294.8697509765625,2248.0966796875,126.65965270996094,52.33359909057617,9.0,38
Sweet,257.9791564941406,170.18045043945312,372.1398315429688,2280.576904296875,128.04391479492188,53.32102584838867,9.0,38
Sweet,197.1350250244141,149.8603973388672,318.8501281738281,2517.218505859375,117.66197204589844,38.50962829589844,9.0,38
Sweet,223.09518432617188,143.9337158203125,277.10650634765625,2183.135986328125,114.8934555053711,50.35874557495117,9.0,38
Sweet,209.3038482666016,146.47372436523438,307.30401611328125,2036.9749755859373,125.96752166748048,54.30845260620117,9.0,38
Sweet,225.5289459228516,160.86709594726562,325.0672607421875,2009.134765625,108.66429138183594,44.43418884277344,9.0,38
Sweet,227.1514587402344,158.32708740234375,337.50152587890625,2193.576171875,101.05087280273438,45.42161560058594,9.0,38
Sweet,231.20773315429688,151.55372619628906,307.30401611328125,2383.817626953125,112.81707000732422,50.35874557495117,9.0,38
Sweet,230.396484375,159.1737518310547,314.4093017578125,2157.615966796875,112.81707000732422,48.38389205932617,9.0,38
Sweet,232.8302459716797,158.32708740234375,303.7513732910156,2018.4149169921875,106.58790588378906,45.42161560058594,9.0,38
Sweet,237.69778442382807,166.7937774658203,332.17254638671875,2384.9775390625,105.20364379882812,41.47190856933594,9.0,38
Sweet,279.883056640625,195.5805206298828,399.6728515625,2520.698486328125,112.12493896484376,41.47190856933594,9.0,38
Sweet,232.0189971923828,173.56712341308594,362.37005615234375,2404.69775390625,114.20132446289062,43.44676208496094,9.0,38
Sweet,230.396484375,165.10043334960938,328.6199035644531,2310.737060546875,112.12493896484376,45.42161560058594,9.0,38
Sweet,279.0718078613281,192.19384765625,401.4491882324219,2471.978271484375,112.12493896484376,46.40904235839844,9.0,38
Sweet,274.2042541503906,181.1871490478516,372.1398315429688,2669.1796875,117.66197204589844,48.38389205932617,9.0,38
Not Sweet,318.0120544433594,217.59390258789065,446.7454223632813,2738.7802734375,140.5022430419922,58.25815582275391,6.0,39
Not Sweet,305.0319519042969,204.04721069335932,436.97564697265625,2512.57861328125,136.34945678710938,56.28330612182617,6.0,39
Not Sweet,317.2007751464844,216.7472381591797,430.7585144042969,2714.419921875,123.8911361694336,50.35874557495117,6.0,39
Not Sweet,308.2769775390625,207.4338836669922,435.1993408203125,2632.059326171875,125.96752166748048,52.33359909057617,6.0,39
Not Sweet,275.0155334472656,188.80715942382807,405.8899841308594,2512.57861328125,132.19668579101562,56.28330612182617,6.0,39
Not Sweet,279.0718078613281,187.9604949951172,398.7846984863281,2353.6572265625,132.19668579101562,56.28330612182617,6.0,39
Not Sweet,277.44927978515625,192.19384765625,388.1267395019531,2409.337646484375,124.58326721191406,52.33359909057617,6.0,39
Not Sweet,288.8068542480469,188.80715942382807,399.6728515625,2403.53759765625,124.58326721191406,51.34617233276367,6.0,39
Not Sweet,279.883056640625,190.50050354003903,397.89654541015625,2504.45849609375,130.8124237060547,55.29587936401367,6.0,39
Not Sweet,287.1843566894531,203.20053100585932,437.8638305664063,2600.7392578125,125.27539825439452,57.27073287963867,6.0,39
Not Sweet,269.33673095703125,195.5805206298828,406.7781372070313,2458.05810546875,128.7360382080078,57.27073287963867,6.0,39
Not Sweet,283.9393310546875,199.81385803222656,418.3242492675781,2465.01806640625,123.8911361694336,57.27073287963867,6.0,39
Not Sweet,294.48565673828125,208.28054809570312,445.8572692871094,2790.98046875,114.8934555053711,45.42161560058594,6.0,39
Not Sweet,258.7904052734375,175.26046752929688,374.8043212890625,2523.0185546875,123.19900512695312,51.34617233276367,6.0,39
Not Sweet,251.48912048339844,175.26046752929688,351.71209716796875,2301.45703125,123.19900512695312,52.33359909057617,6.0,39
Not Sweet,259.6016845703125,180.3404693603516,375.6924743652344,2244.616455078125,114.8934555053711,46.40904235839844,6.0,39
Not Sweet,269.33673095703125,175.26046752929688,348.1594543457031,2418.617919921875,121.12261962890624,44.43418884277344,6.0,39
Not Sweet,260.4129333496094,179.49380493164062,394.3438720703125,2471.978271484375,120.43048858642578,51.34617233276367,6.0,39
Not Sweet,256.3566589355469,176.1071319580078,357.04107666015625,2396.57763671875,113.50920104980467,50.35874557495117,6.0,39
Not Sweet,286.3730773925781,188.80715942382807,383.6859436035156,2390.777587890625,120.43048858642578,48.38389205932617,6.0,39
Not Sweet,277.44927978515625,188.80715942382807,394.3438720703125,2384.9775390625,121.12261962890624,44.43418884277344,6.0,39
Not Sweet,286.3730773925781,200.6605224609375,434.3111572265625,2633.219482421875,125.96752166748048,53.32102584838867,6.0,39
Not Sweet,277.44927978515625,195.5805206298828,420.1005859375,2338.5771484375,126.65965270996094,56.28330612182617,6.0,39
Not Sweet,270.1479797363281,193.0405120849609,385.4622497558594,2368.737548828125,121.81475067138672,45.42161560058594,6.0,39
Not Sweet,317.2007751464844,218.44058227539065,440.5282897949219,2721.380126953125,128.04391479492188,51.34617233276367,6.0,39
Not Sweet,295.2969055175781,201.5072021484375,428.0940246582031,2652.939453125,131.5045623779297,53.32102584838867,6.0,39
Not Sweet,248.2440948486328,182.0338134765625,397.89654541015625,2519.53857421875,125.96752166748048,56.28330612182617,6.0,39
Not Sweet,275.8267822265625,187.11383056640625,392.5675659179688,2426.73779296875,121.81475067138672,56.28330612182617,6.0,39
Not Sweet,266.0917053222656,185.4204864501953,384.5740966796875,2343.21728515625,125.96752166748048,54.30845260620117,6.0,39
Not Sweet,270.959228515625,197.2738494873047,400.5610046386719,2426.73779296875,120.43048858642578,51.34617233276367,6.0,39
Not Sweet,273.3930053710937,195.5805206298828,405.8899841308594,2684.259765625,122.5068817138672,49.37131881713867,6.0,39
Not Sweet,272.5817565917969,187.9604949951172,385.4622497558594,2248.0966796875,120.43048858642578,50.35874557495117,6.0,39
Not Sweet,306.65447998046875,216.7472381591797,431.6466674804688,2673.81982421875,124.58326721191406,53.32102584838867,7.4,40
Not Sweet,237.69778442382807,176.95379638671875,397.0083618164063,2454.578125,125.27539825439452,55.29587936401367,7.4,40
Not Sweet,287.1843566894531,205.74053955078125,412.9952697753906,2461.5380859375,123.8911361694336,58.25815582275391,7.4,40
Not Sweet,287.1843566894531,204.8938751220703,423.6532287597656,2587.97900390625,125.96752166748048,50.35874557495117,7.4,40
Not Sweet,289.6181030273437,205.74053955078125,434.3111572265625,2561.298828125,120.43048858642578,53.32102584838867,7.4,40
Not Sweet,298.5419311523437,209.1272125244141,455.6270446777344,2728.340087890625,117.66197204589844,48.38389205932617,7.4,40
Not Sweet,276.6380310058594,196.4271850585937,398.7846984863281,2354.8173828125,121.12261962890624,58.25815582275391,7.4,40
Not Sweet,286.3730773925781,193.88717651367188,409.442626953125,2547.378662109375,125.27539825439452,52.33359909057617,7.4,40
Not Sweet,262.8466796875,177.80047607421875,390.7912292480469,2224.896484375,128.7360382080078,56.28330612182617,7.4,40
Not Sweet,252.3003692626953,170.18045043945312,352.60028076171875,2021.8948974609373,123.8911361694336,57.27073287963867,7.4,40
Not Sweet,225.5289459228516,158.32708740234375,313.5211486816406,1967.37451171875,104.5115203857422,45.42161560058594,7.4,40
Not Sweet,235.26400756835932,158.32708740234375,322.4027709960937,2089.17529296875,107.97216033935548,46.40904235839844,7.4,40
Not Sweet,246.62158203125,169.3337860107422,347.27130126953125,2249.256591796875,121.81475067138672,56.28330612182617,7.4,40
Not Sweet,236.8865203857422,165.10043334960938,351.71209716796875,2121.655517578125,121.81475067138672,54.30845260620117,7.4,40
Not Sweet,232.8302459716797,171.02711486816406,349.0476379394531,2003.334716796875,112.81707000732422,53.32102584838867,7.4,40
Not Sweet,253.11163330078125,176.95379638671875,346.3831481933594,2168.055908203125,110.74068450927734,46.40904235839844,7.4,40
Not Sweet,273.3930053710937,189.65383911132807,401.4491882324219,2297.97705078125,116.27771759033205,50.35874557495117,7.4,40
Not Sweet,268.5254821777344,187.9604949951172,379.2451171875,2391.937744140625,119.04623413085938,49.37131881713867,7.4,40
Not Sweet,262.0354309082031,178.6471405029297,373.0279846191406,2433.697998046875,125.96752166748048,55.29587936401367,7.4,40
Not Sweet,257.9791564941406,174.41378784179688,361.4819030761719,2246.9365234375,115.58558654785156,47.39646911621094,7.4,40
Not Sweet,250.6778564453125,171.02711486816406,352.60028076171875,2223.736328125,117.66197204589844,52.33359909057617,7.4,40
Not Sweet,259.6016845703125,181.1871490478516,349.0476379394531,2350.17724609375,103.81938934326172,46.40904235839844,7.4,40
Not Sweet,259.6016845703125,184.5738220214844,371.2516784667969,2492.8583984375,110.74068450927734,48.38389205932617,7.4,40
Not Sweet,240.1315460205078,171.02711486816406,355.2647705078125,2098.45556640625,117.66197204589844,56.28330612182617,7.4,40
Not Sweet,272.5817565917969,188.80715942382807,402.33734130859375,2432.537841796875,119.73835754394533,53.32102584838867,7.4,40
Not Sweet,263.657958984375,181.1871490478516,385.4622497558594,2418.617919921875,117.66197204589844,52.33359909057617,7.4,40
Not Sweet,262.0354309082031,178.6471405029297,373.9161682128906,2237.656494140625,113.50920104980467,49.37131881713867,7.4,40
Not Sweet,257.1679077148437,178.6471405029297,351.71209716796875,2282.896728515625,107.28003692626952,42.45933532714844,7.4,40
Not Sweet,240.1315460205078,172.720458984375,362.37005615234375,2289.85693359375,120.43048858642578,52.33359909057617,7.4,40
Not Sweet,257.9791564941406,176.1071319580078,370.363525390625,2201.6962890625,113.50920104980467,42.45933532714844,7.4,40
Not Sweet,250.6778564453125,176.95379638671875,367.6990356445313,2128.61572265625,119.04623413085938,50.35874557495117,7.4,40
Not Sweet,253.11163330078125,180.3404693603516,344.6068115234375,2246.9365234375,114.20132446289062,49.37131881713867,7.4,40
Sweet,221.47267150878903,146.47372436523438,293.9815979003906,2445.298095703125,121.12261962890624,52.33359909057617,8.0,41
Sweet,248.2440948486328,176.1071319580078,336.6133728027344,2485.8984375,118.3541030883789,49.37131881713867,8.0,41
Sweet,293.67437744140625,202.35386657714844,428.0940246582031,2731.820068359375,119.04623413085938,48.38389205932617,8.0,41
Sweet,270.959228515625,183.72715759277344,373.0279846191406,2438.337890625,123.19900512695312,52.33359909057617,8.0,41
Sweet,286.3730773925781,194.7338409423828,381.0214538574219,2471.978271484375,120.43048858642578,50.35874557495117,8.0,41
Sweet,266.9029541015625,175.26046752929688,338.3896789550781,2503.29833984375,115.58558654785156,47.39646911621094,8.0,41
Sweet,267.7142333984375,173.56712341308594,352.60028076171875,2539.2587890625,126.65965270996094,52.33359909057617,8.0,41
Sweet,269.33673095703125,186.26715087890625,369.475341796875,2484.73828125,119.73835754394533,43.44676208496094,8.0,41
Sweet,268.5254821777344,177.80047607421875,377.46881103515625,2264.336669921875,119.73835754394533,46.40904235839844,8.0,41
Sweet,270.959228515625,178.6471405029297,354.3765869140625,2404.69775390625,117.66197204589844,47.39646911621094,8.0,41
Sweet,268.5254821777344,181.1871490478516,365.9226989746094,2316.537109375,116.96984100341795,50.35874557495117,8.0,41
Sweet,270.959228515625,187.9604949951172,396.1202087402344,2497.498291015625,120.43048858642578,52.33359909057617,8.0,41
Sweet,266.0917053222656,184.5738220214844,388.1267395019531,2424.41796875,118.3541030883789,49.37131881713867,8.0,41
Sweet,260.4129333496094,180.3404693603516,382.79779052734375,2379.177490234375,116.27771759033205,48.38389205932617,8.0,41
Sweet,248.2440948486328,163.4071044921875,342.8305053710937,2468.498291015625,119.73835754394533,52.33359909057617,8.0,41
Sweet,238.509033203125,167.64044189453125,337.50152587890625,2308.4169921875,116.27771759033205,44.43418884277344,8.0,41
Sweet,250.6778564453125,172.720458984375,350.8239440917969,2186.6162109375,114.8934555053711,39.49705505371094,8.0,41
Sweet,246.62158203125,171.873779296875,356.1529235839844,2139.0556640625,113.50920104980467,46.40904235839844,8.0,41
Sweet,267.7142333984375,182.0338134765625,380.13330078125,2382.657470703125,123.19900512695312,52.33359909057617,8.0,41
Sweet,247.432846069336,163.4071044921875,340.166015625,2170.3759765625,115.58558654785156,51.34617233276367,8.0,41
Sweet,223.90643310546875,151.55372619628906,289.540771484375,2143.69580078125,103.12725830078124,41.47190856933594,8.0,41
Sweet,271.7705078125,193.0405120849609,392.5675659179688,2468.498291015625,111.43280792236328,43.44676208496094,8.0,41
Sweet,283.9393310546875,198.9671936035156,414.7716064453125,2548.538818359375,114.20132446289062,52.33359909057617,8.0,41
Sweet,245.81033325195312,179.49380493164062,376.5806579589844,2490.538330078125,114.8934555053711,49.37131881713867,8.0,41
Sweet,260.4129333496094,184.5738220214844,394.3438720703125,2494.018310546875,121.81475067138672,52.33359909057617,8.0,41
Sweet,264.4692077636719,188.80715942382807,396.1202087402344,2731.820068359375,116.27771759033205,48.38389205932617,8.0,41
Sweet,266.0917053222656,171.873779296875,368.5871887207031,2599.5791015625,119.04623413085938,45.42161560058594,8.0,41
Sweet,250.6778564453125,174.41378784179688,339.27783203125,2662.2197265625,114.20132446289062,43.44676208496094,8.0,41
Sweet,283.9393310546875,198.1205291748047,408.5544738769531,2556.658935546875,123.8911361694336,49.37131881713867,8.0,41
Sweet,249.05535888671875,188.80715942382807,397.0083618164063,2645.9794921875,127.3517837524414,55.29587936401367,8.0,41
Sweet,262.0354309082031,187.9604949951172,393.4557189941406,2648.299560546875,115.58558654785156,48.38389205932617,8.0,41
Sweet,270.1479797363281,192.19384765625,397.0083618164063,2482.418212890625,122.5068817138672,50.35874557495117,8.0,41
Sweet,257.1679077148437,171.02711486816406,373.0279846191406,2389.61767578125,116.27771759033205,49.37131881713867,8.6,42
Sweet,233.6415100097656,162.5604248046875,377.46881103515625,2476.6181640625,128.04391479492188,54.30845260620117,8.6,42
Sweet,250.6778564453125,180.3404693603516,323.2909240722656,2412.81787109375,117.66197204589844,50.35874557495117,8.6,42
Sweet,282.3168029785156,197.2738494873047,373.0279846191406,2598.419189453125,110.74068450927734,45.42161560058594,8.6,42
Sweet,332.6146240234375,224.3672637939453,445.8572692871094,2908.141357421875,126.65965270996094,52.33359909057617,8.6,42
Sweet,280.6943054199219,190.50050354003903,396.1202087402344,2420.937744140625,126.65965270996094,54.30845260620117,8.6,42
Sweet,271.7705078125,191.34716796875,400.5610046386719,2374.53759765625,129.4281768798828,55.29587936401367,8.6,42
Sweet,309.8995056152344,205.74053955078125,386.3504333496094,2523.0185546875,127.3517837524414,49.37131881713867,8.6,42
Sweet,292.0518798828125,198.1205291748047,389.0149230957031,2389.61767578125,128.04391479492188,51.34617233276367,8.6,42
Sweet,277.44927978515625,189.65383911132807,412.1071166992188,2344.377197265625,125.96752166748048,55.29587936401367,8.6,42
Sweet,206.058822631836,151.55372619628906,337.50152587890625,2258.53662109375,110.74068450927734,52.33359909057617,8.6,42
Sweet,233.6415100097656,160.86709594726562,337.50152587890625,2146.015869140625,110.74068450927734,52.33359909057617,8.6,42
Sweet,238.509033203125,149.8603973388672,309.968505859375,2031.1749267578125,105.8957748413086,46.40904235839844,8.6,42
Sweet,206.87008666992188,135.46702575683594,299.310546875,1980.1346435546875,109.3564224243164,51.34617233276367,8.6,42
Sweet,216.6051483154297,143.08705139160156,280.6591491699219,1900.093994140625,106.58790588378906,48.38389205932617,8.6,42
Sweet,200.38003540039065,134.620361328125,271.77752685546875,2156.455810546875,105.8957748413086,46.40904235839844,8.6,42
Sweet,201.19129943847656,148.16705322265625,292.20526123046875,2046.255126953125,108.66429138183594,52.33359909057617,8.6,42
Sweet,249.05535888671875,176.1071319580078,357.04107666015625,2110.0556640625,115.58558654785156,54.30845260620117,8.6,42
Sweet,264.4692077636719,181.1871490478516,364.1463928222656,2205.17626953125,112.12493896484376,43.44676208496094,8.6,42
Sweet,284.7505798339844,193.88717651367188,378.3569641113281,2608.859130859375,113.50920104980467,40.48448181152344,8.6,42
Sweet,255.5453948974609,176.1071319580078,377.46881103515625,2467.338134765625,119.73835754394533,49.37131881713867,8.6,42
Sweet,253.11163330078125,163.4071044921875,337.50152587890625,2339.7373046875,118.3541030883789,50.35874557495117,8.6,42
Sweet,266.9029541015625,176.95379638671875,344.6068115234375,2221.416259765625,123.19900512695312,53.32102584838867,8.6,42
Sweet,280.6943054199219,195.5805206298828,400.5610046386719,2366.41748046875,126.65965270996094,54.30845260620117,8.6,42
Sweet,280.6943054199219,192.19384765625,394.3438720703125,2527.65869140625,122.5068817138672,49.37131881713867,8.6,42
Sweet,270.959228515625,187.11383056640625,382.79779052734375,2596.09912109375,118.3541030883789,45.42161560058594,8.6,42
Sweet,276.6380310058594,188.80715942382807,404.1136779785156,2353.6572265625,114.8934555053711,38.50962829589844,8.6,42
Sweet,246.62158203125,178.6471405029297,381.0214538574219,2473.13818359375,113.50920104980467,41.47190856933594,8.6,42
Sweet,214.1713714599609,149.8603973388672,337.50152587890625,2090.33544921875,104.5115203857422,40.48448181152344,8.6,42
Sweet,223.09518432617188,152.40040588378906,301.9750366210937,2108.8955078125,103.81938934326172,45.42161560058594,8.6,42
Sweet,219.03890991210932,153.2470703125,314.4093017578125,2090.33544921875,103.12725830078124,46.40904235839844,8.6,42
Sweet,189.833724975586,149.8603973388672,326.84356689453125,2219.096435546875,105.8957748413086,45.42161560058594,8.6,42
Not Sweet,256.3566589355469,182.88047790527344,369.475341796875,2315.376953125,112.81707000732422,45.42161560058594,7.0,43
Not Sweet,279.0718078613281,193.88717651367188,396.1202087402344,2599.5791015625,121.12261962890624,52.33359909057617,7.0,43
Not Sweet,288.8068542480469,193.0405120849609,407.6663208007813,2547.378662109375,123.8911361694336,49.37131881713867,7.0,43
Not Sweet,244.1878204345703,168.4871063232422,361.4819030761719,2320.01708984375,122.5068817138672,53.32102584838867,7.0,43
Not Sweet,249.05535888671875,173.56712341308594,354.3765869140625,2194.736083984375,125.27539825439452,55.29587936401367,7.0,43
Not Sweet,244.1878204345703,171.02711486816406,357.04107666015625,2236.49658203125,116.96984100341795,50.35874557495117,7.0,43
Not Sweet,257.9791564941406,193.88717651367188,400.5610046386719,2548.538818359375,120.43048858642578,46.40904235839844,7.0,43
Not Sweet,257.9791564941406,176.95379638671875,365.9226989746094,2367.577392578125,118.3541030883789,50.35874557495117,7.0,43
Not Sweet,270.959228515625,188.80715942382807,381.0214538574219,2520.698486328125,117.66197204589844,46.40904235839844,7.0,43
Not Sweet,265.28045654296875,180.3404693603516,400.5610046386719,2542.73876953125,119.73835754394533,40.48448181152344,7.0,43
Not Sweet,284.7505798339844,198.1205291748047,402.33734130859375,2455.738037109375,118.3541030883789,50.35874557495117,7.0,43
Not Sweet,283.1280822753906,193.88717651367188,420.1005859375,2738.7802734375,123.19900512695312,49.37131881713867,7.0,43
Not Sweet,265.28045654296875,182.0338134765625,385.4622497558594,2467.338134765625,122.5068817138672,53.32102584838867,7.0,43
Not Sweet,232.8302459716797,149.01373291015625,311.74481201171875,2233.016357421875,110.04855346679688,49.37131881713867,7.0,43
Not Sweet,214.98263549804688,156.6337432861328,331.2843933105469,2395.417724609375,116.27771759033205,50.35874557495117,7.0,43
Not Sweet,214.98263549804688,138.85369873046875,304.6395263671875,2296.81689453125,119.04623413085938,49.37131881713867,7.0,43
Not Sweet,225.5289459228516,171.02711486816406,353.4884338378906,2171.535888671875,110.04855346679688,45.42161560058594,7.0,43
Not Sweet,264.4692077636719,182.88047790527344,373.0279846191406,2481.25830078125,110.74068450927734,46.40904235839844,7.0,43
Not Sweet,267.7142333984375,187.11383056640625,385.4622497558594,2324.6572265625,115.58558654785156,50.35874557495117,7.0,43
Not Sweet,278.2605285644531,187.11383056640625,393.4557189941406,2627.41943359375,115.58558654785156,47.39646911621094,7.0,43
Not Sweet,270.959228515625,182.88047790527344,377.46881103515625,2454.578125,123.8911361694336,54.30845260620117,7.0,43
Not Sweet,276.6380310058594,187.11383056640625,389.0149230957031,2453.41796875,125.27539825439452,51.34617233276367,7.0,43
Not Sweet,273.3930053710937,191.34716796875,378.3569641113281,2458.05810546875,121.12261962890624,53.32102584838867,7.0,43
Not Sweet,223.90643310546875,179.49380493164062,405.0018310546875,2760.8203125,126.65965270996094,51.34617233276367,7.0,43
Not Sweet,287.99560546875,203.20053100585932,391.6793823242188,2626.25927734375,114.8934555053711,47.39646911621094,7.0,43
Not Sweet,291.2406311035156,209.9738922119141,448.5217590332031,2848.98095703125,117.66197204589844,50.35874557495117,7.0,43
Not Sweet,283.1280822753906,207.4338836669922,442.30462646484375,2996.302001953125,117.66197204589844,53.32102584838867,7.0,43
Not Sweet,275.8267822265625,193.0405120849609,393.4557189941406,2622.779296875,117.66197204589844,46.40904235839844,7.0,43
Not Sweet,270.1479797363281,183.72715759277344,381.90960693359375,2460.378173828125,114.8934555053711,49.37131881713867,7.0,43
Not Sweet,239.32028198242188,171.02711486816406,376.5806579589844,2471.978271484375,119.04623413085938,54.30845260620117,7.0,43
Not Sweet,270.1479797363281,187.9604949951172,399.6728515625,2288.69677734375,121.81475067138672,54.30845260620117,7.0,43
Not Sweet,270.1479797363281,193.88717651367188,412.9952697753906,2540.418701171875,120.43048858642578,51.34617233276367,7.0,43
Not Sweet,280.6943054199219,195.5805206298828,407.6663208007813,2577.5390625,114.20132446289062,46.40904235839844,6.2,44
Not Sweet,259.6016845703125,180.3404693603516,376.5806579589844,2243.45654296875,112.12493896484376,47.39646911621094,6.2,44
Not Sweet,240.9427947998047,159.1737518310547,341.9423217773437,2337.417236328125,110.74068450927734,46.40904235839844,6.2,44
Not Sweet,235.26400756835932,151.55372619628906,322.4027709960937,2171.535888671875,117.66197204589844,51.34617233276367,6.2,44
Not Sweet,245.81033325195312,164.25376892089844,310.8566589355469,2373.37744140625,115.58558654785156,43.44676208496094,6.2,44
Not Sweet,284.7505798339844,184.5738220214844,406.7781372070313,2556.658935546875,121.12261962890624,52.33359909057617,6.2,44
Not Sweet,187.3999481201172,148.16705322265625,346.3831481933594,2326.97705078125,119.73835754394533,54.30845260620117,6.2,44
Not Sweet,223.90643310546875,171.02711486816406,349.0476379394531,2389.61767578125,119.04623413085938,54.30845260620117,6.2,44
Not Sweet,265.28045654296875,193.88717651367188,410.330810546875,2519.53857421875,105.20364379882812,41.47190856933594,6.2,44
Not Sweet,227.9627227783203,175.26046752929688,386.3504333496094,2572.89892578125,129.4281768798828,53.32102584838867,6.2,44
Not Sweet,257.1679077148437,176.95379638671875,360.5937194824219,2176.176025390625,115.58558654785156,51.34617233276367,6.2,44
Not Sweet,248.2440948486328,171.873779296875,362.37005615234375,2285.216796875,115.58558654785156,52.33359909057617,6.2,44
Not Sweet,273.3930053710937,194.7338409423828,378.3569641113281,2383.817626953125,112.81707000732422,47.39646911621094,6.2,44
Not Sweet,272.5817565917969,188.80715942382807,394.3438720703125,2528.818603515625,116.27771759033205,48.38389205932617,6.2,44
Not Sweet,258.7904052734375,176.95379638671875,386.3504333496094,2282.896728515625,120.43048858642578,53.32102584838867,6.2,44
Not Sweet,253.11163330078125,176.1071319580078,367.6990356445313,2122.815673828125,114.20132446289062,49.37131881713867,6.2,44
Not Sweet,244.9990692138672,164.25376892089844,345.4949645996094,2173.85595703125,117.66197204589844,52.33359909057617,6.2,44
Not Sweet,250.6778564453125,166.7937774658203,344.6068115234375,2281.73681640625,98.97447967529295,33.5724983215332,6.2,44
Not Sweet,263.657958984375,191.34716796875,388.1267395019531,2475.458251953125,120.43048858642578,51.34617233276367,6.2,44
Not Sweet,257.1679077148437,180.3404693603516,351.71209716796875,2367.577392578125,111.43280792236328,47.39646911621094,6.2,44
Not Sweet,296.108154296875,195.5805206298828,435.1993408203125,2600.7392578125,119.73835754394533,49.37131881713867,6.2,44
Not Sweet,180.09866333007812,125.30699920654295,255.79063415527344,2089.17529296875,118.3541030883789,48.38389205932617,6.2,44
Not Sweet,223.90643310546875,145.62704467773438,286.87628173828125,2166.89599609375,112.81707000732422,50.35874557495117,6.2,44
Not Sweet,251.48912048339844,176.95379638671875,385.4622497558594,2560.138916015625,113.50920104980467,46.40904235839844,6.2,44
Not Sweet,262.8466796875,178.6471405029297,349.935791015625,2221.416259765625,113.50920104980467,48.38389205932617,6.2,44
Not Sweet,264.4692077636719,179.49380493164062,354.3765869140625,2139.0556640625,109.3564224243164,46.40904235839844,6.2,44
Not Sweet,244.9990692138672,178.6471405029297,341.9423217773437,2237.656494140625,100.3587417602539,45.42161560058594,6.2,44
Not Sweet,267.7142333984375,171.873779296875,362.37005615234375,2639.01953125,115.58558654785156,46.40904235839844,6.2,44
Not Sweet,300.9756774902344,210.820556640625,408.5544738769531,2548.538818359375,122.5068817138672,52.33359909057617,6.2,44
Not Sweet,257.9791564941406,171.02711486816406,376.5806579589844,2075.25537109375,113.50920104980467,50.35874557495117,6.2,44
Not Sweet,290.42938232421875,190.50050354003903,366.8108520507813,2569.4189453125,123.19900512695312,52.33359909057617,6.2,44
Not Sweet,275.8267822265625,187.9604949951172,405.8899841308594,2458.05810546875,122.5068817138672,53.32102584838867,6.2,44
Sweet,273.3930053710937,193.0405120849609,395.2320556640625,2447.617919921875,118.3541030883789,48.38389205932617,8.0,45
Sweet,270.959228515625,187.11383056640625,393.4557189941406,2411.65771484375,110.04855346679688,44.43418884277344,8.0,45
Sweet,267.7142333984375,180.3404693603516,381.90960693359375,2197.05615234375,112.12493896484376,47.39646911621094,8.0,45
Sweet,262.8466796875,176.95379638671875,374.8043212890625,2325.817138671875,112.81707000732422,44.43418884277344,8.0,45
Sweet,264.4692077636719,188.80715942382807,393.4557189941406,2564.77880859375,112.12493896484376,44.43418884277344,8.0,45
Sweet,226.3402099609375,138.0070343017578,300.19873046875,2175.01611328125,112.81707000732422,48.38389205932617,8.0,45
Sweet,177.66488647460938,132.92701721191406,270.8893737792969,2201.6962890625,103.81938934326172,46.40904235839844,8.0,45
Sweet,258.7904052734375,182.0338134765625,364.1463928222656,2198.21630859375,112.81707000732422,50.35874557495117,8.0,45
Sweet,249.8666076660156,170.18045043945312,361.4819030761719,2297.97705078125,120.43048858642578,53.32102584838867,8.0,45
Sweet,238.509033203125,165.10043334960938,335.7251892089844,2222.576416015625,119.73835754394533,54.30845260620117,8.0,45
Sweet,229.5852203369141,150.70706176757812,299.310546875,2164.575927734375,109.3564224243164,45.42161560058594,8.0,45
Sweet,237.69778442382807,165.10043334960938,317.07379150390625,2268.976806640625,116.96984100341795,49.37131881713867,8.0,45
Sweet,246.62158203125,176.1071319580078,362.37005615234375,2260.856689453125,117.66197204589844,50.35874557495117,8.0,45
Sweet,236.8865203857422,168.4871063232422,360.5937194824219,2193.576171875,107.97216033935548,44.43418884277344,8.0,45
Sweet,256.3566589355469,176.95379638671875,349.935791015625,2176.176025390625,119.73835754394533,53.32102584838867,8.0,45
Sweet,239.32028198242188,171.02711486816406,365.0345458984375,2144.855712890625,117.66197204589844,53.32102584838867,8.0,45
Sweet,249.8666076660156,178.6471405029297,380.13330078125,2310.737060546875,101.74300384521484,38.50962829589844,8.0,45
Sweet,255.5453948974609,165.9470977783203,318.8501281738281,2346.697265625,110.74068450927734,42.45933532714844,8.0,45
Sweet,253.92288208007807,176.1071319580078,359.70556640625,2306.096923828125,111.43280792236328,48.38389205932617,8.0,45
Sweet,251.48912048339844,170.18045043945312,362.37005615234375,2226.056396484375,107.97216033935548,40.48448181152344,8.0,45
Sweet,236.0752716064453,182.0338134765625,380.13330078125,2324.6572265625,108.66429138183594,41.47190856933594,8.0,45
Sweet,251.48912048339844,182.0338134765625,390.7912292480469,2447.617919921875,103.12725830078124,33.5724983215332,8.0,45
Sweet,257.9791564941406,176.1071319580078,342.8305053710937,2412.81787109375,107.97216033935548,40.48448181152344,8.0,45
Sweet,259.6016845703125,185.4204864501953,375.6924743652344,2404.69775390625,112.12493896484376,42.45933532714844,8.0,45
Sweet,244.1878204345703,178.6471405029297,372.1398315429688,2123.9755859375,115.58558654785156,50.35874557495117,8.0,45
Sweet,264.4692077636719,187.11383056640625,420.9887390136719,2579.859130859375,107.97216033935548,45.42161560058594,8.0,45
Sweet,193.0787353515625,149.8603973388672,328.6199035644531,2338.5771484375,108.66429138183594,37.52220153808594,8.0,45
Sweet,257.9791564941406,181.1871490478516,372.1398315429688,2374.53759765625,113.50920104980467,45.42161560058594,8.0,45
Sweet,279.883056640625,185.4204864501953,395.2320556640625,2427.89794921875,114.8934555053711,47.39646911621094,8.0,45
Sweet,243.37657165527344,185.4204864501953,405.8899841308594,2528.818603515625,115.58558654785156,47.39646911621094,8.0,45
Sweet,252.3003692626953,176.95379638671875,358.8174133300781,2226.056396484375,106.58790588378906,46.40904235839844,8.0,45
Sweet,249.8666076660156,173.56712341308594,357.04107666015625,2110.0556640625,119.04623413085938,48.38389205932617,8.0,45
Not Sweet,262.8466796875,187.9604949951172,375.6924743652344,2430.218017578125,105.8957748413086,33.5724983215332,6.8,46
Not Sweet,279.0718078613281,193.88717651367188,394.3438720703125,2505.618408203125,112.12493896484376,39.49705505371094,6.8,46
Not Sweet,264.4692077636719,178.6471405029297,366.8108520507813,2722.5400390625,123.19900512695312,50.35874557495117,6.8,46
Not Sweet,239.32028198242188,171.873779296875,412.1071166992188,2714.419921875,116.27771759033205,31.597644805908203,6.8,46
Not Sweet,219.03890991210932,178.6471405029297,362.37005615234375,2770.100341796875,133.58094787597656,47.39646911621094,6.8,46
Not Sweet,300.9756774902344,201.5072021484375,412.1071166992188,2655.259521484375,139.11798095703125,59.245582580566406,6.8,46
Not Sweet,249.05535888671875,185.4204864501953,391.6793823242188,2684.259765625,130.8124237060547,46.40904235839844,6.8,46
Not Sweet,262.0354309082031,168.4871063232422,346.3831481933594,2509.098388671875,119.04623413085938,44.43418884277344,6.8,46
Not Sweet,287.1843566894531,195.5805206298828,367.6990356445313,2419.77783203125,121.12261962890624,53.32102584838867,6.8,46
Not Sweet,296.108154296875,201.5072021484375,409.442626953125,2417.457763671875,125.96752166748048,52.33359909057617,6.8,46
Not Sweet,262.0354309082031,176.1071319580078,385.4622497558594,2378.017578125,120.43048858642578,56.28330612182617,6.8,46
Not Sweet,285.56182861328125,196.4271850585937,388.1267395019531,2558.978759765625,116.27771759033205,43.44676208496094,6.8,46
Not Sweet,247.432846069336,161.71376037597656,346.3831481933594,2451.09814453125,126.65965270996094,53.32102584838867,6.8,46
Not Sweet,208.4925842285156,133.773681640625,297.53424072265625,2376.857421875,110.74068450927734,48.38389205932617,6.8,46
Not Sweet,188.21121215820312,146.47372436523438,294.8697509765625,2236.49658203125,108.66429138183594,41.47190856933594,6.8,46
Not Sweet,211.73760986328125,174.41378784179688,380.13330078125,2616.979248046875,112.12493896484376,47.39646911621094,6.8,46
Not Sweet,268.5254821777344,191.34716796875,373.9161682128906,2487.058349609375,117.66197204589844,49.37131881713867,6.8,46
Not Sweet,238.509033203125,147.3203887939453,339.27783203125,2388.45751953125,122.5068817138672,48.38389205932617,6.8,46
Not Sweet,258.7904052734375,183.72715759277344,353.4884338378906,2400.0576171875,119.73835754394533,48.38389205932617,6.8,46
Not Sweet,296.108154296875,207.4338836669922,427.2058715820313,2701.659912109375,116.27771759033205,33.5724983215332,6.8,46
Not Sweet,283.9393310546875,187.11383056640625,367.6990356445313,2774.740478515625,128.7360382080078,53.32102584838867,6.8,46
Not Sweet,276.6380310058594,198.9671936035156,401.4491882324219,2923.221435546875,124.58326721191406,45.42161560058594,6.8,46
Not Sweet,265.28045654296875,196.4271850585937,402.33734130859375,2752.7001953125,118.3541030883789,48.38389205932617,6.8,46
Not Sweet,238.509033203125,175.26046752929688,378.3569641113281,2750.38037109375,122.5068817138672,48.38389205932617,6.8,46
Not Sweet,283.9393310546875,201.5072021484375,413.8834533691406,2995.14208984375,125.96752166748048,51.34617233276367,6.8,46
Not Sweet,305.0319519042969,206.5872039794922,420.1005859375,2585.658935546875,114.20132446289062,45.42161560058594,6.8,46
Not Sweet,257.1679077148437,182.0338134765625,389.0149230957031,2801.420654296875,120.43048858642578,48.38389205932617,6.8,46
Not Sweet,181.7211761474609,150.70706176757812,333.9488830566406,2759.660400390625,107.97216033935548,35.5473518371582,6.8,46
Not Sweet,270.1479797363281,189.65383911132807,412.1071166992188,2716.739990234375,108.66429138183594,33.5724983215332,6.8,46
Not Sweet,277.44927978515625,187.9604949951172,383.6859436035156,2473.13818359375,109.3564224243164,38.50962829589844,6.8,46
Not Sweet,267.7142333984375,182.88047790527344,374.8043212890625,2446.4580078125,120.43048858642578,47.39646911621094,6.8,46
Not Sweet,231.20773315429688,163.4071044921875,362.37005615234375,2291.016845703125,119.73835754394533,50.35874557495117,6.8,46
Sweet,292.0518798828125,204.8938751220703,421.87689208984375,2632.059326171875,121.12261962890624,52.33359909057617,8.6,47
Sweet,267.7142333984375,187.11383056640625,389.903076171875,2545.058837890625,112.12493896484376,49.37131881713867,8.6,47
Sweet,269.33673095703125,189.65383911132807,389.0149230957031,2346.697265625,112.12493896484376,48.38389205932617,8.6,47
Sweet,291.2406311035156,200.6605224609375,416.5479431152344,2736.460205078125,116.96984100341795,47.39646911621094,8.6,47
Sweet,266.9029541015625,183.72715759277344,386.3504333496094,2367.577392578125,114.20132446289062,48.38389205932617,8.6,47
Sweet,266.9029541015625,176.95379638671875,365.9226989746094,2199.376220703125,105.20364379882812,44.43418884277344,8.6,47
Sweet,257.9791564941406,174.41378784179688,356.1529235839844,2376.857421875,111.43280792236328,48.38389205932617,8.6,47
Sweet,240.1315460205078,166.7937774658203,343.7186584472656,2369.8974609375,107.97216033935548,44.43418884277344,8.6,47
Sweet,267.7142333984375,184.5738220214844,371.2516784667969,2396.57763671875,112.81707000732422,46.40904235839844,8.6,47
Sweet,238.509033203125,160.86709594726562,334.8370361328125,2311.89697265625,110.04855346679688,47.39646911621094,8.6,47
Sweet,259.6016845703125,182.88047790527344,384.5740966796875,2384.9775390625,105.20364379882812,41.47190856933594,8.6,47
Sweet,224.7176971435547,150.70706176757812,319.73828125,2419.77783203125,107.28003692626952,46.40904235839844,8.6,47
Sweet,240.1315460205078,173.56712341308594,367.6990356445313,2410.497802734375,118.3541030883789,53.32102584838867,8.6,47
Sweet,253.92288208007807,177.80047607421875,391.6793823242188,2416.2978515625,122.5068817138672,54.30845260620117,8.6,47
Sweet,253.92288208007807,177.80047607421875,367.6990356445313,2419.77783203125,114.20132446289062,47.39646911621094,8.6,47
Sweet,243.37657165527344,177.80047607421875,357.9292297363281,2422.097900390625,106.58790588378906,45.42161560058594,8.6,47
Sweet,283.9393310546875,194.7338409423828,405.0018310546875,2589.13916015625,117.66197204589844,47.39646911621094,8.6,47
Sweet,235.26400756835932,169.3337860107422,368.5871887207031,2213.29638671875,114.8934555053711,54.30845260620117,8.6,47
Sweet,234.4527587890625,165.10043334960938,340.166015625,2019.5748291015625,102.43512725830078,46.40904235839844,8.6,47
Sweet,251.48912048339844,171.02711486816406,362.37005615234375,2122.815673828125,107.28003692626952,48.38389205932617,8.6,47
Sweet,243.37657165527344,168.4871063232422,353.4884338378906,2105.41552734375,105.20364379882812,47.39646911621094,8.6,47
Sweet,236.0752716064453,163.4071044921875,337.50152587890625,1969.6944580078125,101.05087280273438,44.43418884277344,8.6,47
Sweet,242.5653076171875,165.9470977783203,352.60028076171875,2076.415283203125,104.5115203857422,45.42161560058594,8.6,47
Sweet,217.41639709472656,152.40040588378906,323.2909240722656,2114.695556640625,103.81938934326172,47.39646911621094,8.6,47
Sweet,240.1315460205078,168.4871063232422,335.7251892089844,2077.5751953125,107.97216033935548,45.42161560058594,8.6,47
Sweet,257.1679077148437,183.72715759277344,389.903076171875,2249.256591796875,107.97216033935548,47.39646911621094,8.6,47
Sweet,296.108154296875,198.9671936035156,412.1071166992188,2575.218994140625,107.97216033935548,43.44676208496094,8.6,47
Sweet,279.883056640625,189.65383911132807,404.1136779785156,2546.21875,114.8934555053711,47.39646911621094,8.6,47
Sweet,294.48565673828125,197.2738494873047,398.7846984863281,2640.179443359375,117.66197204589844,46.40904235839844,8.6,47
Sweet,270.959228515625,182.88047790527344,393.4557189941406,2525.338623046875,118.3541030883789,51.34617233276367,8.6,47
Sweet,249.05535888671875,174.41378784179688,381.90960693359375,2324.6572265625,116.27771759033205,54.30845260620117,8.6,47
Sweet,235.26400756835932,158.32708740234375,339.27783203125,2204.016357421875,119.04623413085938,56.28330612182617,8.6,47
Sweet,258.7904052734375,171.873779296875,369.475341796875,2579.859130859375,117.66197204589844,42.45933532714844,8.0,48
Sweet,262.0354309082031,176.95379638671875,334.8370361328125,2546.21875,120.43048858642578,47.39646911621094,8.0,48
Sweet,263.657958984375,185.4204864501953,365.0345458984375,2465.01806640625,108.66429138183594,38.50962829589844,8.0,48
Sweet,270.1479797363281,186.26715087890625,392.5675659179688,2458.05810546875,115.58558654785156,45.42161560058594,8.0,48
Sweet,233.6415100097656,178.6471405029297,361.4819030761719,2338.5771484375,108.66429138183594,42.45933532714844,8.0,48
Sweet,296.9194030761719,202.35386657714844,410.330810546875,2556.658935546875,116.96984100341795,40.48448181152344,8.0,48
Sweet,279.0718078613281,198.9671936035156,425.4295349121094,2634.37939453125,128.04391479492188,52.33359909057617,8.0,48
Sweet,281.50555419921875,201.5072021484375,408.5544738769531,2611.17919921875,121.81475067138672,49.37131881713867,8.0,48
Sweet,295.2969055175781,197.2738494873047,412.9952697753906,2745.740234375,125.96752166748048,47.39646911621094,8.0,48
Sweet,291.2406311035156,200.6605224609375,401.4491882324219,2366.41748046875,135.65733337402344,53.32102584838867,8.0,48
Sweet,242.5653076171875,165.10043334960938,335.7251892089844,2311.89697265625,107.97216033935548,37.52220153808594,8.0,48
Sweet,210.11509704589844,149.01373291015625,313.5211486816406,2278.2568359375,115.58558654785156,44.43418884277344,8.0,48
Sweet,275.0155334472656,191.34716796875,404.1136779785156,2448.778076171875,115.58558654785156,42.45933532714844,8.0,48
Sweet,257.9791564941406,175.26046752929688,375.6924743652344,2219.096435546875,118.3541030883789,50.35874557495117,8.0,48
Sweet,248.2440948486328,164.25376892089844,343.7186584472656,2344.377197265625,115.58558654785156,46.40904235839844,8.0,48
Sweet,256.3566589355469,176.95379638671875,342.8305053710937,2371.057373046875,113.50920104980467,39.49705505371094,8.0,48
Sweet,263.657958984375,187.9604949951172,378.3569641113281,2381.49755859375,118.3541030883789,44.43418884277344,8.0,48
Sweet,278.2605285644531,192.19384765625,394.3438720703125,2411.65771484375,116.27771759033205,45.42161560058594,8.0,48
Sweet,266.9029541015625,181.1871490478516,387.2385864257813,2235.33642578125,116.27771759033205,41.47190856933594,8.0,48
Sweet,240.9427947998047,170.18045043945312,355.2647705078125,2151.81591796875,112.81707000732422,40.48448181152344,8.0,48
Sweet,208.4925842285156,143.9337158203125,314.4093017578125,2195.896240234375,111.43280792236328,46.40904235839844,8.0,48
Sweet,257.9791564941406,183.72715759277344,387.2385864257813,2387.297607421875,115.58558654785156,49.37131881713867,8.0,48
Sweet,245.81033325195312,174.41378784179688,348.1594543457031,2384.9775390625,107.28003692626952,37.52220153808594,8.0,48
Sweet,252.3003692626953,172.720458984375,371.2516784667969,2216.7763671875,116.96984100341795,48.38389205932617,8.0,48
Sweet,239.32028198242188,160.86709594726562,352.60028076171875,2071.775390625,113.50920104980467,49.37131881713867,8.0,48
Sweet,218.22764587402344,154.09373474121094,293.9815979003906,2191.256103515625,111.43280792236328,43.44676208496094,8.0,48
Sweet,215.7938842773437,141.39370727539062,309.0803527832031,2420.937744140625,110.04855346679688,38.50962829589844,8.0,48
Sweet,298.5419311523437,204.04721069335932,437.8638305664063,2889.581298828125,119.73835754394533,42.45933532714844,8.0,48
Sweet,205.24757385253903,164.25376892089844,365.0345458984375,2674.979736328125,116.27771759033205,40.48448181152344,8.0,48
Sweet,257.1679077148437,193.88717651367188,402.33734130859375,2836.220947265625,115.58558654785156,42.45933532714844,8.0,48
Sweet,277.44927978515625,194.7338409423828,420.1005859375,2623.939453125,129.4281768798828,52.33359909057617,8.0,48
Sweet,280.6943054199219,195.5805206298828,413.8834533691406,2587.97900390625,122.5068817138672,46.40904235839844,8.0,48
Sweet,263.657958984375,179.49380493164062,373.9161682128906,2181.97607421875,110.74068450927734,46.40904235839844,8.8,49
Sweet,256.3566589355469,174.41378784179688,355.2647705078125,2241.136474609375,110.04855346679688,48.38389205932617,8.8,49
Sweet,238.509033203125,174.41378784179688,359.70556640625,2332.777099609375,103.12725830078124,45.42161560058594,8.8,49
Sweet,239.32028198242188,174.41378784179688,358.8174133300781,2335.09716796875,102.43512725830078,45.42161560058594,8.8,49
Sweet,244.9990692138672,170.18045043945312,315.2974853515625,2245.776611328125,104.5115203857422,46.40904235839844,8.8,49
Sweet,212.5488739013672,157.48040771484375,305.5276794433594,1929.09423828125,92.74532318115234,41.47190856933594,8.8,49
Sweet,335.04840087890625,231.1406097412109,468.0613098144531,3084.462646484375,126.65965270996094,49.37131881713867,8.8,49
Sweet,298.5419311523437,209.1272125244141,466.2850036621094,2840.86083984375,128.7360382080078,48.38389205932617,8.8,49
Sweet,278.2605285644531,200.6605224609375,381.0214538574219,2531.138671875,120.43048858642578,46.40904235839844,8.8,49
Sweet,260.4129333496094,194.7338409423828,397.0083618164063,2760.8203125,123.19900512695312,47.39646911621094,8.8,49
Sweet,257.1679077148437,182.88047790527344,365.0345458984375,2302.616943359375,120.43048858642578,48.38389205932617,8.8,49
Sweet,240.9427947998047,171.873779296875,352.60028076171875,2331.6171875,114.8934555053711,51.34617233276367,8.8,49
Sweet,262.0354309082031,186.26715087890625,353.4884338378906,2470.818115234375,121.12261962890624,50.35874557495117,8.8,49
Sweet,256.3566589355469,187.9604949951172,394.3438720703125,2498.658447265625,105.8957748413086,45.42161560058594,8.8,49
Sweet,296.108154296875,198.1205291748047,412.9952697753906,2621.619384765625,114.20132446289062,44.43418884277344,8.8,49
Sweet,261.22418212890625,181.1871490478516,373.9161682128906,2387.297607421875,116.96984100341795,38.50962829589844,8.8,49
Sweet,270.959228515625,179.49380493164062,362.37005615234375,2137.895751953125,113.50920104980467,47.39646911621094,8.8,49
Sweet,255.5453948974609,178.6471405029297,369.475341796875,2195.896240234375,128.7360382080078,53.32102584838867,8.8,49
Sweet,265.28045654296875,189.65383911132807,396.1202087402344,2456.898193359375,125.96752166748048,50.35874557495117,8.8,49
Sweet,227.1514587402344,156.6337432861328,333.0606994628906,2275.936767578125,117.66197204589844,50.35874557495117,8.8,49
Sweet,259.6016845703125,174.41378784179688,361.4819030761719,2369.8974609375,121.12261962890624,47.39646911621094,8.8,49
Sweet,240.1315460205078,168.4871063232422,344.6068115234375,2071.775390625,112.12493896484376,45.42161560058594,8.8,49
Sweet,255.5453948974609,176.95379638671875,366.8108520507813,2142.535888671875,113.50920104980467,48.38389205932617,8.8,49
Sweet,268.5254821777344,190.50050354003903,398.7846984863281,2579.859130859375,120.43048858642578,47.39646911621094,8.8,49
Sweet,262.8466796875,178.6471405029297,376.5806579589844,2325.817138671875,130.8124237060547,52.33359909057617,8.8,49
Sweet,271.7705078125,184.5738220214844,365.0345458984375,2268.976806640625,124.58326721191406,49.37131881713867,8.8,49
Sweet,260.4129333496094,179.49380493164062,389.903076171875,2287.536865234375,119.73835754394533,51.34617233276367,8.8,49
Sweet,270.959228515625,180.3404693603516,357.9292297363281,2383.817626953125,117.66197204589844,46.40904235839844,8.8,49
Sweet,270.1479797363281,186.26715087890625,386.3504333496094,2200.5361328125,121.81475067138672,50.35874557495117,8.8,49
Sweet,275.0155334472656,188.80715942382807,404.1136779785156,2572.89892578125,125.27539825439452,51.34617233276367,8.8,49
Sweet,275.8267822265625,193.0405120849609,405.8899841308594,2396.57763671875,114.8934555053711,47.39646911621094,8.8,49
Sweet,247.432846069336,166.7937774658203,372.1398315429688,2277.0966796875,116.96984100341795,45.42161560058594,8.8,49
Sweet,296.108154296875,212.513900756836,435.1993408203125,2730.66015625,126.65965270996094,51.34617233276367,8.0,50
Sweet,271.7705078125,190.50050354003903,385.4622497558594,2386.1376953125,121.81475067138672,51.34617233276367,8.0,50
Sweet,257.9791564941406,181.1871490478516,386.3504333496094,2376.857421875,113.50920104980467,46.40904235839844,8.0,50
Sweet,275.0155334472656,186.26715087890625,389.903076171875,2469.658203125,121.81475067138672,48.38389205932617,8.0,50
Sweet,265.28045654296875,176.1071319580078,365.9226989746094,2346.697265625,119.04623413085938,47.39646911621094,8.0,50
Sweet,271.7705078125,184.5738220214844,366.8108520507813,2473.13818359375,114.8934555053711,46.40904235839844,8.0,50
Sweet,279.883056640625,200.6605224609375,419.21240234375,2579.859130859375,125.27539825439452,50.35874557495117,8.0,50
Sweet,277.44927978515625,189.65383911132807,396.1202087402344,2228.37646484375,125.96752166748048,53.32102584838867,8.0,50
Sweet,271.7705078125,189.65383911132807,405.8899841308594,2423.2578125,129.4281768798828,54.30845260620117,8.0,50
Sweet,294.48565673828125,206.5872039794922,421.87689208984375,2784.0205078125,125.96752166748048,49.37131881713867,8.0,50
Sweet,279.883056640625,189.65383911132807,372.1398315429688,2277.0966796875,117.66197204589844,46.40904235839844,8.0,50
Sweet,282.3168029785156,193.0405120849609,389.0149230957031,2407.017822265625,131.5045623779297,55.29587936401367,8.0,50
Sweet,283.1280822753906,195.5805206298828,410.330810546875,2438.337890625,124.58326721191406,53.32102584838867,8.0,50
Sweet,279.883056640625,193.88717651367188,403.2254943847656,2379.177490234375,125.27539825439452,54.30845260620117,8.0,50
Sweet,275.0155334472656,189.65383911132807,381.90960693359375,2452.258056640625,119.04623413085938,50.35874557495117,8.0,50
Sweet,255.5453948974609,180.3404693603516,390.7912292480469,2333.937255859375,125.96752166748048,53.32102584838867,8.0,50
Sweet,243.37657165527344,167.64044189453125,357.9292297363281,2165.736083984375,118.3541030883789,50.35874557495117,8.0,50
Sweet,236.0752716064453,155.78707885742188,313.5211486816406,2026.534912109375,121.12261962890624,50.35874557495117,8.0,50
Sweet,236.0752716064453,164.25376892089844,332.17254638671875,2023.054931640625,110.74068450927734,42.45933532714844,8.0,50
Sweet,251.48912048339844,166.7937774658203,345.4949645996094,2125.1357421875,116.27771759033205,48.38389205932617,8.0,50
Sweet,257.1679077148437,178.6471405029297,363.2582092285156,2347.857421875,112.12493896484376,45.42161560058594,8.0,50
Sweet,231.20773315429688,154.94041442871094,317.9619445800781,2331.6171875,112.81707000732422,45.42161560058594,8.0,50
Sweet,271.7705078125,194.7338409423828,391.6793823242188,2540.418701171875,113.50920104980467,45.42161560058594,8.0,50
Sweet,261.22418212890625,183.72715759277344,389.0149230957031,2323.4970703125,122.5068817138672,51.34617233276367,8.0,50
Sweet,278.2605285644531,192.19384765625,394.3438720703125,2520.698486328125,124.58326721191406,51.34617233276367,8.0,50
Sweet,281.50555419921875,193.88717651367188,406.7781372070313,2444.137939453125,125.27539825439452,50.35874557495117,8.0,50
Sweet,278.2605285644531,198.1205291748047,408.5544738769531,2577.5390625,126.65965270996094,52.33359909057617,8.0,50
Sweet,284.7505798339844,191.34716796875,415.6597595214844,2574.05908203125,132.88882446289062,52.33359909057617,8.0,50
Sweet,251.48912048339844,184.5738220214844,392.5675659179688,2423.2578125,116.96984100341795,48.38389205932617,8.0,50
Sweet,260.4129333496094,181.1871490478516,378.3569641113281,2297.97705078125,116.27771759033205,50.35874557495117,8.0,50
Sweet,244.1878204345703,165.9470977783203,355.2647705078125,2070.615234375,112.12493896484376,46.40904235839844,8.0,50
Sweet,240.1315460205078,167.64044189453125,356.1529235839844,2084.535400390625,112.12493896484376,45.42161560058594,8.0,50
Not Sweet,270.1479797363281,180.3404693603516,369.475341796875,2442.97802734375,119.73835754394533,47.39646911621094,7.0,51
Not Sweet,248.2440948486328,164.25376892089844,311.74481201171875,2390.777587890625,116.27771759033205,41.47190856933594,7.0,51
Not Sweet,227.9627227783203,185.4204864501953,389.903076171875,2807.220703125,119.73835754394533,39.49705505371094,7.0,51
Not Sweet,274.2042541503906,189.65383911132807,377.46881103515625,2598.419189453125,120.43048858642578,42.45933532714844,7.0,51
Not Sweet,250.6778564453125,178.6471405029297,378.3569641113281,2403.53759765625,116.27771759033205,41.47190856933594,7.0,51
Not Sweet,230.396484375,166.7937774658203,353.4884338378906,2375.697509765625,112.12493896484376,42.45933532714844,7.0,51
Not Sweet,269.33673095703125,187.9604949951172,396.1202087402344,2320.01708984375,108.66429138183594,31.597644805908203,7.0,51
Not Sweet,271.7705078125,187.11383056640625,389.0149230957031,2437.177978515625,110.04855346679688,36.5347785949707,7.0,51
Not Sweet,242.5653076171875,162.5604248046875,349.0476379394531,2360.617431640625,119.04623413085938,46.40904235839844,7.0,51
Not Sweet,254.734130859375,174.41378784179688,360.5937194824219,2216.7763671875,119.04623413085938,43.44676208496094,7.0,51
Not Sweet,257.1679077148437,171.02711486816406,358.8174133300781,2313.05712890625,122.5068817138672,49.37131881713867,7.0,51
Not Sweet,191.45623779296875,146.47372436523438,317.07379150390625,2239.9765625,117.66197204589844,49.37131881713867,7.0,51
Not Sweet,193.88999938964844,138.85369873046875,300.19873046875,2321.177001953125,119.73835754394533,47.39646911621094,7.0,51
Not Sweet,212.5488739013672,154.94041442871094,294.8697509765625,2207.496337890625,114.8934555053711,42.45933532714844,7.0,51
Not Sweet,226.3402099609375,162.5604248046875,346.3831481933594,2158.77587890625,113.50920104980467,40.48448181152344,7.0,51
Not Sweet,197.9462738037109,145.62704467773438,328.6199035644531,2201.6962890625,116.96984100341795,44.43418884277344,7.0,51
Not Sweet,215.7938842773437,141.39370727539062,268.2248840332031,1926.774169921875,112.81707000732422,35.5473518371582,7.0,51
Not Sweet,283.1280822753906,183.72715759277344,349.935791015625,2302.616943359375,116.27771759033205,38.50962829589844,7.0,51
Not Sweet,132.23460388183594,121.07365417480467,269.1130676269531,2357.137451171875,117.66197204589844,44.43418884277344,7.0,51
Not Sweet,219.85015869140625,147.3203887939453,309.0803527832031,2046.255126953125,119.73835754394533,46.40904235839844,7.0,51
Not Sweet,203.62506103515625,149.01373291015625,301.9750366210937,2074.09521484375,113.50920104980467,45.42161560058594,7.0,51
Not Sweet,265.28045654296875,184.5738220214844,387.2385864257813,2366.41748046875,123.8911361694336,49.37131881713867,7.0,51
Not Sweet,246.62158203125,171.873779296875,364.1463928222656,2256.216552734375,116.96984100341795,45.42161560058594,7.0,51
Not Sweet,193.0787353515625,140.5470428466797,309.0803527832031,2304.93701171875,111.43280792236328,43.44676208496094,7.0,51
Not Sweet,186.5886993408203,154.09373474121094,312.63299560546875,2317.697021484375,107.97216033935548,41.47190856933594,7.0,51
Not Sweet,183.3436737060547,149.8603973388672,312.63299560546875,2268.976806640625,110.74068450927734,32.5850715637207,7.0,51
Not Sweet,282.3168029785156,189.65383911132807,373.9161682128906,2343.21728515625,119.04623413085938,43.44676208496094,7.0,51
Not Sweet,276.6380310058594,192.19384765625,381.0214538574219,2346.697265625,126.65965270996094,53.32102584838867,7.0,51
Not Sweet,258.7904052734375,186.26715087890625,387.2385864257813,2461.5380859375,119.73835754394533,47.39646911621094,7.0,51
Not Sweet,240.9427947998047,169.3337860107422,361.4819030761719,2568.259033203125,120.43048858642578,43.44676208496094,7.0,51
Not Sweet,252.3003692626953,165.10043334960938,344.6068115234375,2635.539306640625,116.96984100341795,42.45933532714844,7.0,51
Not Sweet,179.2873992919922,153.2470703125,337.50152587890625,2437.177978515625,117.66197204589844,41.47190856933594,7.0,51
Not Sweet,291.2406311035156,204.04721069335932,429.870361328125,2717.900146484375,128.7360382080078,50.35874557495117,7.6,52
Not Sweet,290.42938232421875,199.81385803222656,403.2254943847656,2636.699462890625,126.65965270996094,43.44676208496094,7.6,52
Not Sweet,251.48912048339844,179.49380493164062,387.2385864257813,2458.05810546875,123.19900512695312,47.39646911621094,7.6,52
Not Sweet,234.4527587890625,169.3337860107422,350.8239440917969,2121.655517578125,116.96984100341795,46.40904235839844,7.6,52
Not Sweet,239.32028198242188,168.4871063232422,345.4949645996094,2112.37548828125,119.73835754394533,48.38389205932617,7.6,52
Not Sweet,254.734130859375,176.95379638671875,364.1463928222656,2190.09619140625,121.81475067138672,49.37131881713867,7.6,52
Not Sweet,255.5453948974609,171.02711486816406,349.935791015625,2151.81591796875,112.12493896484376,44.43418884277344,7.6,52
Not Sweet,266.0917053222656,179.49380493164062,349.0476379394531,2181.97607421875,114.8934555053711,46.40904235839844,7.6,52
Not Sweet,280.6943054199219,190.50050354003903,398.7846984863281,2468.498291015625,125.27539825439452,51.34617233276367,7.6,52
Not Sweet,224.7176971435547,163.4071044921875,323.2909240722656,2366.41748046875,115.58558654785156,38.50962829589844,7.6,52
Not Sweet,227.1514587402344,150.70706176757812,278.8828430175781,2018.4149169921875,110.04855346679688,33.5724983215332,7.6,52
Not Sweet,253.11163330078125,179.49380493164062,357.9292297363281,2285.216796875,121.12261962890624,44.43418884277344,7.6,52
Not Sweet,207.68133544921875,152.40040588378906,316.1856384277344,2074.09521484375,110.74068450927734,42.45933532714844,7.6,52
Not Sweet,247.432846069336,172.720458984375,331.2843933105469,2132.095703125,103.81938934326172,34.5599250793457,7.6,52
Not Sweet,271.7705078125,183.72715759277344,376.5806579589844,2447.617919921875,120.43048858642578,47.39646911621094,7.6,52
Not Sweet,241.75405883789065,168.4871063232422,342.8305053710937,2163.416015625,123.8911361694336,49.37131881713867,7.6,52
Not Sweet,240.9427947998047,166.7937774658203,365.0345458984375,2315.376953125,115.58558654785156,49.37131881713867,7.6,52
Not Sweet,197.9462738037109,135.46702575683594,261.1195983886719,2086.85546875,109.3564224243164,45.42161560058594,7.6,52
Not Sweet,229.5852203369141,161.71376037597656,320.6264343261719,1955.7744140625,110.74068450927734,49.37131881713867,7.6,52
Not Sweet,244.1878204345703,165.10043334960938,353.4884338378906,2181.97607421875,114.8934555053711,52.33359909057617,7.6,52
Not Sweet,225.5289459228516,149.01373291015625,303.7513732910156,2099.615478515625,114.8934555053711,51.34617233276367,7.6,52
Not Sweet,254.734130859375,171.873779296875,364.1463928222656,2371.057373046875,127.3517837524414,50.35874557495117,7.6,52
Not Sweet,266.0917053222656,181.1871490478516,370.363525390625,2366.41748046875,118.3541030883789,47.39646911621094,7.6,52
Not Sweet,202.8137969970703,154.94041442871094,341.0541687011719,2078.7353515625,121.12261962890624,49.37131881713867,7.6,52
Not Sweet,254.734130859375,179.49380493164062,363.2582092285156,2315.376953125,113.50920104980467,43.44676208496094,7.6,52
Not Sweet,234.4527587890625,160.86709594726562,355.2647705078125,2204.016357421875,123.19900512695312,52.33359909057617,7.6,52
Not Sweet,240.1315460205078,159.1737518310547,317.9619445800781,2133.255615234375,120.43048858642578,52.33359909057617,7.6,52
Not Sweet,265.28045654296875,187.11383056640625,420.1005859375,2512.57861328125,121.81475067138672,48.38389205932617,7.6,52
Not Sweet,252.3003692626953,174.41378784179688,351.71209716796875,2185.4560546875,113.50920104980467,44.43418884277344,7.6,52
Not Sweet,261.22418212890625,187.11383056640625,373.9161682128906,2354.8173828125,119.73835754394533,41.47190856933594,7.6,52
Not Sweet,260.4129333496094,191.34716796875,407.6663208007813,2397.73779296875,120.43048858642578,50.35874557495117,7.6,52
Not Sweet,255.5453948974609,177.80047607421875,372.1398315429688,2173.85595703125,118.3541030883789,52.33359909057617,7.6,52
Not Sweet,267.7142333984375,184.5738220214844,387.2385864257813,2741.10009765625,125.96752166748048,44.43418884277344,5.8,53
Not Sweet,287.1843566894531,197.2738494873047,396.1202087402344,2451.09814453125,120.43048858642578,48.38389205932617,5.8,53
Not Sweet,264.4692077636719,176.95379638671875,397.89654541015625,2405.857666015625,119.04623413085938,50.35874557495117,5.8,53
Not Sweet,275.0155334472656,190.50050354003903,373.0279846191406,2496.33837890625,129.4281768798828,52.33359909057617,5.8,53
Not Sweet,267.7142333984375,174.41378784179688,372.1398315429688,2193.576171875,123.8911361694336,47.39646911621094,5.8,53
Not Sweet,236.8865203857422,149.8603973388672,324.1791076660156,2064.815185546875,116.96984100341795,46.40904235839844,5.8,53
Not Sweet,273.3930053710937,190.50050354003903,392.5675659179688,2462.6982421875,123.19900512695312,49.37131881713867,5.8,53
Not Sweet,273.3930053710937,186.26715087890625,375.6924743652344,2311.89697265625,118.3541030883789,46.40904235839844,5.8,53
Not Sweet,270.1479797363281,184.5738220214844,377.46881103515625,2346.697265625,119.73835754394533,44.43418884277344,5.8,53
Not Sweet,270.1479797363281,180.3404693603516,374.8043212890625,2200.5361328125,124.58326721191406,48.38389205932617,5.8,53
Not Sweet,257.1679077148437,176.1071319580078,349.935791015625,2282.896728515625,116.27771759033205,47.39646911621094,5.8,53
Not Sweet,240.9427947998047,168.4871063232422,364.1463928222656,2166.89599609375,118.3541030883789,48.38389205932617,5.8,53
Not Sweet,232.8302459716797,169.3337860107422,349.0476379394531,2142.535888671875,116.96984100341795,45.42161560058594,5.8,53
Not Sweet,264.4692077636719,182.0338134765625,383.6859436035156,2407.017822265625,116.96984100341795,43.44676208496094,5.8,53
Not Sweet,257.9791564941406,171.02711486816406,363.2582092285156,2170.3759765625,111.43280792236328,43.44676208496094,5.8,53
Not Sweet,214.1713714599609,150.70706176757812,274.4420166015625,2056.695068359375,118.3541030883789,39.49705505371094,5.8,53
Not Sweet,270.959228515625,180.3404693603516,351.71209716796875,2270.13671875,113.50920104980467,40.48448181152344,5.8,53
Not Sweet,221.47267150878903,167.64044189453125,341.9423217773437,2316.537109375,121.81475067138672,43.44676208496094,5.8,53
Not Sweet,263.657958984375,178.6471405029297,368.5871887207031,2416.2978515625,127.3517837524414,46.40904235839844,5.8,53
Not Sweet,243.37657165527344,171.02711486816406,350.8239440917969,2168.055908203125,116.96984100341795,47.39646911621094,5.8,53
Not Sweet,234.4527587890625,167.64044189453125,351.71209716796875,2121.655517578125,110.04855346679688,44.43418884277344,5.8,53
Not Sweet,215.7938842773437,165.9470977783203,347.27130126953125,2315.376953125,123.19900512695312,43.44676208496094,5.8,53
Not Sweet,244.9990692138672,165.9470977783203,344.6068115234375,2224.896484375,112.12493896484376,40.48448181152344,5.8,53
Not Sweet,204.43630981445312,149.8603973388672,305.5276794433594,2173.85595703125,114.20132446289062,47.39646911621094,5.8,53
Not Sweet,231.20773315429688,165.9470977783203,344.6068115234375,2342.057373046875,114.20132446289062,39.49705505371094,5.8,53
Not Sweet,265.28045654296875,182.88047790527344,362.37005615234375,2251.57666015625,120.43048858642578,46.40904235839844,5.8,53
Not Sweet,275.8267822265625,193.0405120849609,400.5610046386719,2369.8974609375,121.81475067138672,47.39646911621094,5.8,53
Not Sweet,264.4692077636719,188.80715942382807,401.4491882324219,2427.89794921875,119.73835754394533,46.40904235839844,5.8,53
Not Sweet,274.2042541503906,185.4204864501953,369.475341796875,2562.458984375,116.96984100341795,45.42161560058594,5.8,53
Not Sweet,252.3003692626953,184.5738220214844,378.3569641113281,2440.657958984375,121.81475067138672,47.39646911621094,5.8,53
Not Sweet,257.1679077148437,176.95379638671875,367.6990356445313,2192.416259765625,116.96984100341795,44.43418884277344,5.8,53
Not Sweet,249.8666076660156,175.26046752929688,363.2582092285156,2478.938232421875,117.66197204589844,47.39646911621094,5.8,53
Not Sweet,290.42938232421875,204.8938751220703,400.5610046386719,2607.69921875,115.58558654785156,44.43418884277344,6.2,54
Not Sweet,293.67437744140625,196.4271850585937,414.7716064453125,2382.657470703125,132.88882446289062,46.40904235839844,6.2,54
Not Sweet,277.44927978515625,194.7338409423828,400.5610046386719,2531.138671875,123.19900512695312,39.49705505371094,6.2,54
Not Sweet,257.1679077148437,187.11383056640625,397.89654541015625,2523.0185546875,119.04623413085938,39.49705505371094,6.2,54
Not Sweet,264.4692077636719,176.95379638671875,380.13330078125,2201.6962890625,121.81475067138672,45.42161560058594,6.2,54
Not Sweet,253.92288208007807,174.41378784179688,361.4819030761719,2149.495849609375,125.96752166748048,49.37131881713867,6.2,54
Not Sweet,262.8466796875,176.95379638671875,354.3765869140625,2262.0166015625,116.27771759033205,34.5599250793457,6.2,54
Not Sweet,236.0752716064453,154.94041442871094,331.2843933105469,2306.096923828125,114.20132446289062,38.50962829589844,6.2,54
Not Sweet,254.734130859375,169.3337860107422,313.5211486816406,2387.297607421875,115.58558654785156,47.39646911621094,6.2,54
Not Sweet,259.6016845703125,167.64044189453125,337.50152587890625,2330.457275390625,110.04855346679688,39.49705505371094,6.2,54
Not Sweet,287.99560546875,195.5805206298828,384.5740966796875,2477.7783203125,122.5068817138672,47.39646911621094,6.2,54
Not Sweet,257.9791564941406,184.5738220214844,365.9226989746094,2404.69775390625,115.58558654785156,38.50962829589844,6.2,54
Not Sweet,270.1479797363281,193.88717651367188,400.5610046386719,2480.098388671875,128.04391479492188,47.39646911621094,6.2,54
Not Sweet,285.56182861328125,197.2738494873047,391.6793823242188,2512.57861328125,121.81475067138672,43.44676208496094,6.2,54
Not Sweet,274.2042541503906,186.26715087890625,393.4557189941406,2320.01708984375,132.88882446289062,52.33359909057617,6.2,54
Not Sweet,273.3930053710937,193.88717651367188,421.87689208984375,2615.8193359375,119.73835754394533,43.44676208496094,6.2,54
Not Sweet,270.959228515625,182.0338134765625,370.363525390625,2534.61865234375,120.43048858642578,46.40904235839844,6.2,54
Not Sweet,248.2440948486328,169.3337860107422,333.9488830566406,2318.857177734375,116.27771759033205,41.47190856933594,6.2,54
Not Sweet,241.75405883789065,163.4071044921875,356.1529235839844,2234.176513671875,119.04623413085938,50.35874557495117,6.2,54
Not Sweet,213.3601226806641,141.39370727539062,279.77099609375,2041.614990234375,118.3541030883789,50.35874557495117,6.2,54
Not Sweet,214.98263549804688,159.1737518310547,325.0672607421875,2133.255615234375,115.58558654785156,47.39646911621094,6.2,54
Not Sweet,247.432846069336,167.64044189453125,325.9554138183594,2166.89599609375,114.20132446289062,40.48448181152344,6.2,54
Not Sweet,270.959228515625,187.11383056640625,380.13330078125,2350.17724609375,117.66197204589844,42.45933532714844,6.2,54
Not Sweet,275.0155334472656,190.50050354003903,405.0018310546875,2336.25732421875,124.58326721191406,49.37131881713867,6.2,54
Not Sweet,252.3003692626953,173.56712341308594,365.9226989746094,2245.776611328125,124.58326721191406,51.34617233276367,6.2,54
Not Sweet,245.81033325195312,176.95379638671875,363.2582092285156,2351.33740234375,128.04391479492188,52.33359909057617,6.2,54
Not Sweet,266.0917053222656,188.80715942382807,383.6859436035156,2304.93701171875,128.7360382080078,53.32102584838867,6.2,54
Not Sweet,275.8267822265625,193.88717651367188,407.6663208007813,2372.217529296875,136.34945678710938,52.33359909057617,6.2,54
Not Sweet,272.5817565917969,186.26715087890625,418.3242492675781,2380.337646484375,121.81475067138672,36.5347785949707,6.2,54
Not Sweet,246.62158203125,171.02711486816406,355.2647705078125,2259.696533203125,120.43048858642578,42.45933532714844,6.2,54
Not Sweet,272.5817565917969,174.41378784179688,354.3765869140625,2387.297607421875,121.12261962890624,45.42161560058594,6.2,54
Not Sweet,206.058822631836,152.40040588378906,316.1856384277344,2351.33740234375,114.20132446289062,32.5850715637207,6.2,54
Not Sweet,264.4692077636719,179.49380493164062,361.4819030761719,2284.056884765625,120.43048858642578,45.42161560058594,6.0,55
Not Sweet,285.56182861328125,189.65383911132807,377.46881103515625,2497.498291015625,119.04623413085938,43.44676208496094,6.0,55
Not Sweet,263.657958984375,187.11383056640625,378.3569641113281,2482.418212890625,115.58558654785156,38.50962829589844,6.0,55
Not Sweet,264.4692077636719,171.02711486816406,348.1594543457031,2349.017333984375,112.81707000732422,40.48448181152344,6.0,55
Not Sweet,233.6415100097656,153.2470703125,334.8370361328125,2321.177001953125,123.19900512695312,48.38389205932617,6.0,55
Not Sweet,290.42938232421875,193.88717651367188,397.89654541015625,2599.5791015625,123.8911361694336,46.40904235839844,6.0,55
Not Sweet,297.73065185546875,209.1272125244141,412.1071166992188,2606.539306640625,124.58326721191406,43.44676208496094,6.0,55
Not Sweet,319.6345520019531,213.36056518554688,436.0874938964844,2735.300048828125,128.7360382080078,44.43418884277344,6.0,55
Not Sweet,297.73065185546875,190.50050354003903,381.90960693359375,2583.339111328125,137.04159545898438,46.40904235839844,6.0,55
Not Sweet,278.2605285644531,183.72715759277344,382.79779052734375,2342.057373046875,124.58326721191406,42.45933532714844,6.0,55
Not Sweet,249.8666076660156,171.873779296875,331.2843933105469,2429.057861328125,124.58326721191406,48.38389205932617,6.0,55
Not Sweet,260.4129333496094,181.1871490478516,354.3765869140625,2279.416748046875,119.73835754394533,44.43418884277344,6.0,55
Not Sweet,234.4527587890625,154.94041442871094,378.3569641113281,2259.696533203125,128.04391479492188,52.33359909057617,6.0,55
Not Sweet,189.833724975586,140.5470428466797,277.9946594238281,2307.257080078125,122.5068817138672,47.39646911621094,6.0,55
Not Sweet,244.1878204345703,160.86709594726562,346.3831481933594,2389.61767578125,121.81475067138672,38.50962829589844,6.0,55
Not Sweet,279.883056640625,179.49380493164062,359.70556640625,2507.9384765625,125.96752166748048,45.42161560058594,6.0,55
Not Sweet,257.9791564941406,171.873779296875,333.9488830566406,2304.93701171875,123.19900512695312,45.42161560058594,6.0,55
Not Sweet,250.6778564453125,169.3337860107422,353.4884338378906,2342.057373046875,114.20132446289062,36.5347785949707,6.0,55
Not Sweet,208.4925842285156,140.5470428466797,310.8566589355469,2186.6162109375,111.43280792236328,39.49705505371094,6.0,55
Not Sweet,222.283935546875,159.1737518310547,286.87628173828125,2147.17578125,110.74068450927734,45.42161560058594,6.0,55
Not Sweet,231.20773315429688,165.9470977783203,358.8174133300781,2320.01708984375,119.73835754394533,47.39646911621094,6.0,55
Not Sweet,236.8865203857422,173.56712341308594,366.8108520507813,2384.9775390625,109.3564224243164,36.5347785949707,6.0,55
Not Sweet,209.3038482666016,154.94041442871094,325.0672607421875,2368.737548828125,103.12725830078124,30.610218048095703,6.0,55
Not Sweet,202.00254821777344,151.55372619628906,307.30401611328125,2128.61572265625,111.43280792236328,34.5599250793457,6.0,55
Not Sweet,236.0752716064453,164.25376892089844,348.1594543457031,2289.85693359375,110.04855346679688,36.5347785949707,6.0,55
Not Sweet,243.37657165527344,167.64044189453125,342.8305053710937,2228.37646484375,104.5115203857422,40.48448181152344,6.0,55
Not Sweet,220.6614227294922,147.3203887939453,306.4158630371094,2112.37548828125,112.12493896484376,44.43418884277344,6.0,55
Not Sweet,273.3930053710937,182.88047790527344,356.1529235839844,2412.81787109375,110.74068450927734,41.47190856933594,6.0,55
Not Sweet,230.396484375,156.6337432861328,325.0672607421875,2520.698486328125,116.96984100341795,37.52220153808594,6.0,55
Not Sweet,256.3566589355469,164.25376892089844,365.0345458984375,2420.937744140625,125.27539825439452,47.39646911621094,6.0,55
Not Sweet,210.9263610839844,153.2470703125,301.0868835449219,2466.17822265625,108.66429138183594,33.5724983215332,6.0,55
Not Sweet,271.7705078125,174.41378784179688,341.0541687011719,2260.856689453125,120.43048858642578,47.39646911621094,6.0,55
Not Sweet,249.8666076660156,166.7937774658203,321.5146179199219,2165.736083984375,112.12493896484376,40.48448181152344,7.4,56
Not Sweet,240.9427947998047,175.26046752929688,338.3896789550781,2288.69677734375,123.19900512695312,46.40904235839844,7.4,56
Not Sweet,264.4692077636719,187.9604949951172,387.2385864257813,2280.576904296875,103.81938934326172,31.597644805908203,7.4,56
Not Sweet,323.6908264160156,204.04721069335932,440.5282897949219,2446.4580078125,141.19436645507812,50.35874557495117,7.4,56
Not Sweet,253.92288208007807,187.11383056640625,391.6793823242188,2753.8603515625,125.96752166748048,39.49705505371094,7.4,56
Not Sweet,269.33673095703125,180.3404693603516,391.6793823242188,2410.497802734375,109.3564224243164,41.47190856933594,7.4,56
Not Sweet,219.85015869140625,164.25376892089844,337.50152587890625,2018.4149169921875,96.20596313476562,42.45933532714844,7.4,56
Not Sweet,246.62158203125,170.18045043945312,365.9226989746094,2157.615966796875,96.20596313476562,40.48448181152344,7.4,56
Not Sweet,232.0189971923828,149.8603973388672,290.428955078125,1585.731689453125,98.28235626220705,35.5473518371582,7.4,56
Not Sweet,177.66488647460938,122.7669906616211,294.8697509765625,1936.0543212890625,111.43280792236328,47.39646911621094,7.4,56
Not Sweet,216.6051483154297,143.9337158203125,277.10650634765625,1640.2520751953125,100.3587417602539,33.5724983215332,7.4,56
Not Sweet,235.26400756835932,167.64044189453125,349.935791015625,2119.335693359375,103.12725830078124,41.47190856933594,7.4,56
Not Sweet,268.5254821777344,185.4204864501953,377.46881103515625,2458.05810546875,115.58558654785156,42.45933532714844,7.4,56
Not Sweet,264.4692077636719,184.5738220214844,369.475341796875,2214.456298828125,121.12261962890624,49.37131881713867,7.4,56
Not Sweet,265.28045654296875,182.0338134765625,374.8043212890625,2648.299560546875,122.5068817138672,42.45933532714844,7.4,56
Not Sweet,265.28045654296875,198.9671936035156,411.2189636230469,2532.298583984375,139.8101043701172,51.34617233276367,7.4,56
Not Sweet,259.6016845703125,197.2738494873047,424.5413818359375,2536.938720703125,116.27771759033205,30.610218048095703,7.4,56
Not Sweet,240.9427947998047,152.40040588378906,332.17254638671875,1629.81201171875,120.43048858642578,48.38389205932617,7.4,56
Not Sweet,202.8137969970703,129.54034423828125,258.4551086425781,1608.931884765625,105.8957748413086,44.43418884277344,7.4,56
Not Sweet,200.38003540039065,137.1603546142578,292.20526123046875,1869.933837890625,96.20596313476562,37.52220153808594,7.4,56
Not Sweet,148.45970153808594,105.83361053466795,225.59312438964844,1821.21337890625,87.20828247070312,31.597644805908203,7.4,56
Not Sweet,167.92982482910156,121.92031860351562,257.56695556640625,1759.73291015625,101.74300384521484,43.44676208496094,7.4,56
Not Sweet,215.7938842773437,146.47372436523438,295.7579040527344,1815.413330078125,103.81938934326172,40.48448181152344,7.4,56
Not Sweet,187.3999481201172,129.54034423828125,260.2314453125,1628.6519775390625,103.81938934326172,47.39646911621094,7.4,56
Not Sweet,219.03890991210932,148.16705322265625,301.0868835449219,2187.776123046875,89.976806640625,32.5850715637207,7.4,56
Not Sweet,247.432846069336,163.4071044921875,334.8370361328125,2266.65673828125,116.27771759033205,48.38389205932617,7.4,56
Not Sweet,235.26400756835932,165.10043334960938,382.79779052734375,2373.37744140625,124.58326721191406,45.42161560058594,7.4,56
Not Sweet,240.1315460205078,151.55372619628906,316.1856384277344,2520.698486328125,117.66197204589844,42.45933532714844,7.4,56
Not Sweet,225.5289459228516,150.70706176757812,298.4223937988281,1769.0130615234375,123.8911361694336,44.43418884277344,7.4,56
Not Sweet,260.4129333496094,171.873779296875,358.8174133300781,2300.296875,125.27539825439452,45.42161560058594,7.4,56
Not Sweet,234.4527587890625,167.64044189453125,352.60028076171875,2195.896240234375,113.50920104980467,42.45933532714844,7.4,56
Not Sweet,221.47267150878903,145.62704467773438,315.2974853515625,1850.213623046875,110.74068450927734,47.39646911621094,7.4,56
Sweet,298.5419311523437,204.8938751220703,455.6270446777344,2912.781494140625,125.96752166748048,53.32102584838867,8.0,57
Sweet,283.9393310546875,189.65383911132807,386.3504333496094,2723.7001953125,127.3517837524414,51.34617233276367,8.0,57
Sweet,296.108154296875,204.8938751220703,450.298095703125,2912.781494140625,132.88882446289062,51.34617233276367,8.0,57
Sweet,249.05535888671875,190.50050354003903,359.70556640625,2751.540283203125,134.9652099609375,52.33359909057617,8.0,57
Sweet,314.7670288085937,213.36056518554688,440.5282897949219,2770.100341796875,130.12030029296875,55.29587936401367,8.0,57
Sweet,286.3730773925781,197.2738494873047,379.2451171875,2744.580322265625,126.65965270996094,49.37131881713867,8.0,57
Sweet,300.9756774902344,204.8938751220703,428.0940246582031,2583.339111328125,129.4281768798828,55.29587936401367,8.0,57
Sweet,283.9393310546875,195.5805206298828,403.2254943847656,2604.21923828125,119.04623413085938,52.33359909057617,8.0,57
Sweet,289.6181030273437,204.8938751220703,417.4360961914063,2668.019775390625,118.3541030883789,50.35874557495117,8.0,57
Sweet,295.2969055175781,197.2738494873047,412.9952697753906,2423.2578125,122.5068817138672,50.35874557495117,8.0,57
Sweet,209.3038482666016,158.32708740234375,314.4093017578125,2272.456787109375,113.50920104980467,50.35874557495117,8.0,57
Sweet,219.03890991210932,151.55372619628906,318.8501281738281,2342.057373046875,113.50920104980467,49.37131881713867,8.0,57
Sweet,266.9029541015625,176.1071319580078,359.70556640625,2233.016357421875,123.8911361694336,48.38389205932617,8.0,57
Sweet,266.9029541015625,185.4204864501953,374.8043212890625,2352.497314453125,110.74068450927734,38.50962829589844,8.0,57
Sweet,279.883056640625,195.5805206298828,369.475341796875,2525.338623046875,131.5045623779297,53.32102584838867,8.0,57
Sweet,273.3930053710937,191.34716796875,405.0018310546875,2574.05908203125,127.3517837524414,51.34617233276367,8.0,57
Sweet,289.6181030273437,201.5072021484375,411.2189636230469,2539.2587890625,129.4281768798828,53.32102584838867,8.0,57
Sweet,287.99560546875,192.19384765625,394.3438720703125,2519.53857421875,119.73835754394533,49.37131881713867,8.0,57
Sweet,225.5289459228516,168.4871063232422,350.8239440917969,2336.25732421875,109.3564224243164,35.5473518371582,8.0,57
Sweet,264.4692077636719,178.6471405029297,350.8239440917969,2238.81640625,114.8934555053711,47.39646911621094,8.0,57
Sweet,255.5453948974609,172.720458984375,377.46881103515625,2245.776611328125,116.27771759033205,51.34617233276367,8.0,57
Sweet,231.20773315429688,159.1737518310547,336.6133728027344,2129.775634765625,107.97216033935548,46.40904235839844,8.0,57
Sweet,227.9627227783203,154.09373474121094,322.4027709960937,2127.45556640625,105.20364379882812,45.42161560058594,8.0,57
Sweet,232.8302459716797,163.4071044921875,330.396240234375,2065.975341796875,107.28003692626952,46.40904235839844,8.0,57
Sweet,238.509033203125,165.9470977783203,357.04107666015625,2212.13623046875,114.8934555053711,52.33359909057617,8.0,57
Sweet,235.26400756835932,167.64044189453125,356.1529235839844,2294.496826171875,118.3541030883789,50.35874557495117,8.0,57
Sweet,283.1280822753906,189.65383911132807,368.5871887207031,2721.380126953125,113.50920104980467,47.39646911621094,8.0,57
Sweet,284.7505798339844,187.11383056640625,359.70556640625,2678.459716796875,125.96752166748048,50.35874557495117,8.0,57
Sweet,296.108154296875,204.04721069335932,412.9952697753906,2652.939453125,129.4281768798828,56.28330612182617,8.0,57
Sweet,276.6380310058594,192.19384765625,414.7716064453125,2560.138916015625,122.5068817138672,51.34617233276367,8.0,57
Sweet,288.8068542480469,196.4271850585937,382.79779052734375,2587.97900390625,122.5068817138672,51.34617233276367,8.0,57
Sweet,285.56182861328125,194.7338409423828,401.4491882324219,2407.017822265625,119.73835754394533,51.34617233276367,8.0,57
Not Sweet,275.8267822265625,187.9604949951172,379.2451171875,2216.7763671875,110.04855346679688,47.39646911621094,6.6,58
Not Sweet,279.883056640625,185.4204864501953,381.90960693359375,2394.257568359375,112.12493896484376,47.39646911621094,6.6,58
Not Sweet,282.3168029785156,191.34716796875,395.2320556640625,2400.0576171875,123.19900512695312,50.35874557495117,6.6,58
Not Sweet,240.1315460205078,164.25376892089844,365.9226989746094,2108.8955078125,122.5068817138672,55.29587936401367,6.6,58
Not Sweet,272.5817565917969,188.80715942382807,368.5871887207031,2291.016845703125,109.3564224243164,47.39646911621094,6.6,58
Not Sweet,275.8267822265625,193.88717651367188,401.4491882324219,2547.378662109375,120.43048858642578,53.32102584838867,6.6,58
Not Sweet,279.0718078613281,199.81385803222656,412.9952697753906,2607.69921875,120.43048858642578,51.34617233276367,6.6,58
Not Sweet,250.6778564453125,170.18045043945312,373.9161682128906,2340.897216796875,119.73835754394533,54.30845260620117,6.6,58
Not Sweet,269.33673095703125,176.95379638671875,333.9488830566406,2103.095458984375,116.27771759033205,48.38389205932617,6.6,58
Not Sweet,249.05535888671875,173.56712341308594,376.5806579589844,2236.49658203125,117.66197204589844,54.30845260620117,6.6,58
Not Sweet,271.7705078125,182.88047790527344,371.2516784667969,2422.097900390625,112.81707000732422,48.38389205932617,6.6,58
Not Sweet,251.48912048339844,172.720458984375,350.8239440917969,2092.655517578125,109.3564224243164,46.40904235839844,6.6,58
Not Sweet,249.05535888671875,171.02711486816406,365.0345458984375,2030.0150146484373,119.04623413085938,54.30845260620117,6.6,58
Not Sweet,255.5453948974609,176.1071319580078,368.5871887207031,2164.575927734375,119.73835754394533,54.30845260620117,6.6,58
Not Sweet,246.62158203125,173.56712341308594,367.6990356445313,2208.65625,111.43280792236328,53.32102584838867,6.6,58
Not Sweet,259.6016845703125,186.26715087890625,363.2582092285156,2331.6171875,113.50920104980467,51.34617233276367,6.6,58
Not Sweet,261.22418212890625,176.95379638671875,373.0279846191406,2328.13720703125,112.12493896484376,50.35874557495117,6.6,58
Not Sweet,257.9791564941406,172.720458984375,326.84356689453125,2092.655517578125,110.74068450927734,47.39646911621094,6.6,58
Not Sweet,249.8666076660156,172.720458984375,366.8108520507813,2308.4169921875,109.3564224243164,45.42161560058594,6.6,58
Not Sweet,233.6415100097656,171.873779296875,350.8239440917969,2184.296142578125,114.20132446289062,48.38389205932617,6.6,58
Not Sweet,258.7904052734375,177.80047607421875,380.13330078125,2201.6962890625,119.73835754394533,53.32102584838867,6.6,58
Not Sweet,253.92288208007807,175.26046752929688,373.9161682128906,2143.69580078125,115.58558654785156,54.30845260620117,6.6,58
Not Sweet,232.8302459716797,166.7937774658203,372.1398315429688,2242.296630859375,114.20132446289062,52.33359909057617,6.6,58
Not Sweet,255.5453948974609,176.1071319580078,368.5871887207031,2316.537109375,110.74068450927734,48.38389205932617,6.6,58
Not Sweet,245.81033325195312,165.9470977783203,345.4949645996094,2169.216064453125,107.97216033935548,45.42161560058594,6.6,58
Not Sweet,227.9627227783203,158.32708740234375,326.84356689453125,1976.654541015625,106.58790588378906,42.45933532714844,6.6,58
Not Sweet,231.20773315429688,162.5604248046875,344.6068115234375,2075.25537109375,110.04855346679688,46.40904235839844,6.6,58
Not Sweet,242.5653076171875,172.720458984375,380.13330078125,2297.97705078125,109.3564224243164,51.34617233276367,6.6,58
Not Sweet,260.4129333496094,180.3404693603516,384.5740966796875,2418.617919921875,115.58558654785156,48.38389205932617,6.6,58
Not Sweet,259.6016845703125,180.3404693603516,382.79779052734375,2195.896240234375,108.66429138183594,46.40904235839844,6.6,58
Not Sweet,257.9791564941406,179.49380493164062,395.2320556640625,2410.497802734375,116.27771759033205,49.37131881713867,6.6,58
Not Sweet,261.22418212890625,178.6471405029297,373.0279846191406,2231.8564453125,105.8957748413086,46.40904235839844,6.6,58
Not Sweet,278.2605285644531,203.20053100585932,415.6597595214844,2597.259033203125,128.04391479492188,54.30845260620117,6.0,59
Not Sweet,281.50555419921875,193.0405120849609,391.6793823242188,2649.45947265625,125.27539825439452,54.30845260620117,6.0,59
Not Sweet,275.8267822265625,193.88717651367188,388.1267395019531,2463.858154296875,114.8934555053711,41.47190856933594,6.0,59
Not Sweet,222.283935546875,165.10043334960938,357.9292297363281,2455.738037109375,125.27539825439452,52.33359909057617,6.0,59
Not Sweet,299.3531799316406,204.04721069335932,428.9822082519531,2688.89990234375,115.58558654785156,47.39646911621094,6.0,59
Not Sweet,269.33673095703125,196.4271850585937,373.0279846191406,2503.29833984375,112.81707000732422,46.40904235839844,6.0,59
Not Sweet,274.2042541503906,195.5805206298828,411.2189636230469,2459.218017578125,130.8124237060547,56.28330612182617,6.0,59
Not Sweet,264.4692077636719,182.0338134765625,388.1267395019531,2591.458984375,121.12261962890624,44.43418884277344,6.0,59
Not Sweet,249.05535888671875,176.95379638671875,352.60028076171875,2260.856689453125,114.8934555053711,49.37131881713867,6.0,59
Not Sweet,257.1679077148437,178.6471405029297,374.8043212890625,2592.619140625,110.04855346679688,38.50962829589844,6.0,59
Not Sweet,280.6943054199219,190.50050354003903,423.6532287597656,2359.457275390625,125.96752166748048,47.39646911621094,6.0,59
Not Sweet,248.2440948486328,178.6471405029297,343.7186584472656,2328.13720703125,122.5068817138672,53.32102584838867,6.0,59
Not Sweet,238.509033203125,174.41378784179688,379.2451171875,2403.53759765625,116.27771759033205,47.39646911621094,6.0,59
Not Sweet,180.09866333007812,142.24037170410156,357.04107666015625,2346.697265625,114.20132446289062,39.49705505371094,6.0,59
Not Sweet,249.8666076660156,173.56712341308594,354.3765869140625,2383.817626953125,119.04623413085938,52.33359909057617,6.0,59
Not Sweet,194.7012481689453,149.8603973388672,332.17254638671875,2237.656494140625,112.81707000732422,42.45933532714844,6.0,59
Not Sweet,254.734130859375,170.18045043945312,326.84356689453125,2099.615478515625,128.7360382080078,54.30845260620117,6.0,59
Not Sweet,245.81033325195312,163.4071044921875,357.9292297363281,2108.8955078125,120.43048858642578,47.39646911621094,6.0,59
Not Sweet,232.8302459716797,167.64044189453125,338.3896789550781,2413.977783203125,123.19900512695312,53.32102584838867,6.0,59
Not Sweet,296.108154296875,205.74053955078125,413.8834533691406,2760.8203125,132.19668579101562,56.28330612182617,6.0,59
Not Sweet,277.44927978515625,189.65383911132807,381.90960693359375,2355.977294921875,119.04623413085938,48.38389205932617,6.0,59
Not Sweet,193.88999938964844,127.84700012207033,262.8959350585937,2136.73583984375,108.66429138183594,32.5850715637207,6.0,59
Not Sweet,270.1479797363281,185.4204864501953,373.9161682128906,2286.376953125,105.20364379882812,41.47190856933594,6.0,59
Not Sweet,274.2042541503906,190.50050354003903,381.0214538574219,2343.21728515625,112.12493896484376,44.43418884277344,6.0,59
Not Sweet,270.1479797363281,180.3404693603516,373.9161682128906,2324.6572265625,119.73835754394533,44.43418884277344,6.0,59
Not Sweet,273.3930053710937,185.4204864501953,373.0279846191406,2279.416748046875,118.3541030883789,41.47190856933594,6.0,59
Not Sweet,234.4527587890625,161.71376037597656,323.2909240722656,2191.256103515625,111.43280792236328,41.47190856933594,6.0,59
Not Sweet,236.0752716064453,162.5604248046875,324.1791076660156,2126.295654296875,112.12493896484376,48.38389205932617,6.0,59
Not Sweet,210.11509704589844,157.48040771484375,342.8305053710937,1995.2147216796875,116.27771759033205,55.29587936401367,6.0,59
Not Sweet,208.4925842285156,154.09373474121094,340.166015625,2030.0150146484373,112.12493896484376,51.34617233276367,6.0,59
Not Sweet,211.73760986328125,150.70706176757812,314.4093017578125,2323.4970703125,105.20364379882812,41.47190856933594,6.0,59
Not Sweet,227.9627227783203,159.1737518310547,319.73828125,2162.255859375,108.66429138183594,37.52220153808594,6.0,59
Not Sweet,270.959228515625,189.65383911132807,398.7846984863281,2360.617431640625,120.43048858642578,53.32102584838867,6.0,60
Not Sweet,257.1679077148437,176.1071319580078,378.3569641113281,2322.337158203125,119.73835754394533,52.33359909057617,6.0,60
Not Sweet,249.05535888671875,176.95379638671875,352.60028076171875,2354.8173828125,115.58558654785156,51.34617233276367,6.0,60
Not Sweet,256.3566589355469,182.0338134765625,380.13330078125,2248.0966796875,116.96984100341795,53.32102584838867,6.0,60
Not Sweet,273.3930053710937,190.50050354003903,397.0083618164063,2281.73681640625,113.50920104980467,49.37131881713867,6.0,60
Not Sweet,250.6778564453125,172.720458984375,359.70556640625,2401.2177734375,113.50920104980467,50.35874557495117,6.0,60
Not Sweet,254.734130859375,193.88717651367188,408.5544738769531,2628.579345703125,124.58326721191406,53.32102584838867,6.0,60
Not Sweet,280.6943054199219,191.34716796875,388.1267395019531,2761.98046875,122.5068817138672,49.37131881713867,6.0,60
Not Sweet,290.42938232421875,194.7338409423828,398.7846984863281,2910.46142578125,128.04391479492188,48.38389205932617,6.0,60
Not Sweet,300.1644287109375,204.8938751220703,418.3242492675781,2598.419189453125,121.12261962890624,50.35874557495117,6.0,60
Not Sweet,270.959228515625,190.50050354003903,386.3504333496094,2337.417236328125,119.04623413085938,46.40904235839844,6.0,60
Not Sweet,284.7505798339844,196.4271850585937,385.4622497558594,2512.57861328125,123.8911361694336,51.34617233276367,6.0,60
Not Sweet,290.42938232421875,200.6605224609375,422.76507568359375,2513.738525390625,129.4281768798828,55.29587936401367,6.0,60
Not Sweet,236.8865203857422,166.7937774658203,370.363525390625,2151.81591796875,125.27539825439452,54.30845260620117,6.0,60
Not Sweet,262.8466796875,178.6471405029297,357.9292297363281,2238.81640625,108.66429138183594,44.43418884277344,6.0,60
Not Sweet,257.9791564941406,178.6471405029297,373.0279846191406,2214.456298828125,112.81707000732422,42.45933532714844,6.0,60
Not Sweet,257.9791564941406,178.6471405029297,378.3569641113281,2183.135986328125,111.43280792236328,52.33359909057617,6.0,60
Not Sweet,265.28045654296875,182.0338134765625,367.6990356445313,2096.135498046875,112.81707000732422,51.34617233276367,6.0,60
Not Sweet,285.56182861328125,196.4271850585937,376.5806579589844,2531.138671875,125.27539825439452,54.30845260620117,6.0,60
Not Sweet,261.22418212890625,192.19384765625,402.33734130859375,2462.6982421875,128.7360382080078,54.30845260620117,6.0,60
Not Sweet,290.42938232421875,194.7338409423828,411.2189636230469,2303.777099609375,125.27539825439452,49.37131881713867,6.0,60
Not Sweet,249.05535888671875,172.720458984375,363.2582092285156,2137.895751953125,114.20132446289062,48.38389205932617,6.0,60
Not Sweet,241.75405883789065,173.56712341308594,375.6924743652344,2186.6162109375,116.27771759033205,52.33359909057617,6.0,60
Not Sweet,249.8666076660156,178.6471405029297,379.2451171875,2434.85791015625,121.12261962890624,53.32102584838867,6.0,60
Not Sweet,266.0917053222656,197.2738494873047,407.6663208007813,2709.780029296875,120.43048858642578,52.33359909057617,6.0,60
Not Sweet,281.50555419921875,200.6605224609375,420.1005859375,2517.218505859375,115.58558654785156,51.34617233276367,6.0,60
Not Sweet,250.6778564453125,171.873779296875,374.8043212890625,2307.257080078125,118.3541030883789,43.44676208496094,6.0,60
Not Sweet,258.7904052734375,176.1071319580078,359.70556640625,2198.21630859375,117.66197204589844,52.33359909057617,6.0,60
Not Sweet,246.62158203125,173.56712341308594,357.9292297363281,2221.416259765625,122.5068817138672,58.25815582275391,6.0,60
Not Sweet,254.734130859375,179.49380493164062,374.8043212890625,2407.017822265625,119.73835754394533,54.30845260620117,6.0,60
Not Sweet,210.9263610839844,149.8603973388672,340.166015625,2112.37548828125,116.27771759033205,49.37131881713867,6.0,60
Not Sweet,242.5653076171875,169.3337860107422,349.0476379394531,2103.095458984375,116.27771759033205,55.29587936401367,6.0,60
Not Sweet,267.7142333984375,191.34716796875,379.2451171875,2397.73779296875,119.73835754394533,52.33359909057617,6.0,61
Not Sweet,278.2605285644531,188.80715942382807,399.6728515625,2439.498046875,125.27539825439452,50.35874557495117,6.0,61
Not Sweet,279.883056640625,189.65383911132807,381.0214538574219,2278.2568359375,121.81475067138672,52.33359909057617,6.0,61
Not Sweet,283.9393310546875,200.6605224609375,402.33734130859375,2604.21923828125,131.5045623779297,54.30845260620117,6.0,61
Not Sweet,292.8631286621094,198.1205291748047,424.5413818359375,2671.499755859375,120.43048858642578,54.30845260620117,6.0,61
Not Sweet,240.9427947998047,159.1737518310547,337.50152587890625,2277.0966796875,117.66197204589844,48.38389205932617,6.0,61
Not Sweet,243.37657165527344,172.720458984375,339.27783203125,2384.9775390625,116.96984100341795,48.38389205932617,6.0,61
Not Sweet,273.3930053710937,195.5805206298828,399.6728515625,2315.376953125,118.3541030883789,52.33359909057617,6.0,61
Not Sweet,308.2769775390625,208.28054809570312,428.0940246582031,2570.578857421875,128.7360382080078,54.30845260620117,6.0,61
Not Sweet,277.44927978515625,198.1205291748047,389.903076171875,2568.259033203125,119.73835754394533,51.34617233276367,6.0,61
Not Sweet,225.5289459228516,151.55372619628906,320.6264343261719,2401.2177734375,108.66429138183594,41.47190856933594,6.0,61
Not Sweet,271.7705078125,183.72715759277344,361.4819030761719,2297.97705078125,128.04391479492188,53.32102584838867,6.0,61
Not Sweet,277.44927978515625,180.3404693603516,372.1398315429688,2256.216552734375,122.5068817138672,48.38389205932617,6.0,61
Not Sweet,245.81033325195312,159.1737518310547,333.9488830566406,2188.93603515625,119.04623413085938,48.38389205932617,6.0,61
Not Sweet,202.00254821777344,138.0070343017578,270.8893737792969,2098.45556640625,112.12493896484376,45.42161560058594,6.0,61
Not Sweet,258.7904052734375,181.1871490478516,359.70556640625,2340.897216796875,118.3541030883789,47.39646911621094,6.0,61
Not Sweet,271.7705078125,192.19384765625,405.0018310546875,2430.218017578125,118.3541030883789,53.32102584838867,6.0,61
Not Sweet,241.75405883789065,167.64044189453125,325.0672607421875,2017.2548828125,116.96984100341795,50.35874557495117,6.0,61
Not Sweet,277.44927978515625,193.88717651367188,394.3438720703125,2380.337646484375,120.43048858642578,52.33359909057617,6.0,61
Not Sweet,249.05535888671875,170.18045043945312,378.3569641113281,2413.977783203125,125.96752166748048,56.28330612182617,6.0,61
Not Sweet,257.9791564941406,176.95379638671875,361.4819030761719,2360.617431640625,124.58326721191406,52.33359909057617,6.0,61
Not Sweet,272.5817565917969,186.26715087890625,379.2451171875,2496.33837890625,115.58558654785156,43.44676208496094,6.0,61
Not Sweet,298.5419311523437,209.1272125244141,427.2058715820313,2592.619140625,121.12261962890624,41.47190856933594,6.0,61
Not Sweet,226.3402099609375,168.4871063232422,412.9952697753906,2468.498291015625,127.3517837524414,48.38389205932617,6.0,61
Not Sweet,190.6449737548828,135.46702575683594,316.1856384277344,2304.93701171875,119.04623413085938,50.35874557495117,6.0,61
Not Sweet,218.22764587402344,161.71376037597656,312.63299560546875,2264.336669921875,116.96984100341795,51.34617233276367,6.0,61
Not Sweet,245.81033325195312,171.873779296875,356.1529235839844,2355.977294921875,115.58558654785156,48.38389205932617,6.0,61
Not Sweet,213.3601226806641,154.09373474121094,340.166015625,2125.1357421875,115.58558654785156,49.37131881713867,6.0,61
Not Sweet,238.509033203125,174.41378784179688,338.3896789550781,2286.376953125,107.97216033935548,45.42161560058594,6.0,61
Not Sweet,275.8267822265625,190.50050354003903,394.3438720703125,2368.737548828125,121.12261962890624,50.35874557495117,6.0,61
Not Sweet,249.05535888671875,171.873779296875,368.5871887207031,2089.17529296875,112.81707000732422,43.44676208496094,6.0,61
Not Sweet,270.1479797363281,185.4204864501953,394.3438720703125,2184.296142578125,117.66197204589844,52.33359909057617,6.0,61
Not Sweet,229.5852203369141,152.40040588378906,296.6460876464844,2143.69580078125,120.43048858642578,50.35874557495117,6.0,62
Not Sweet,285.56182861328125,195.5805206298828,382.79779052734375,2413.977783203125,125.96752166748048,45.42161560058594,6.0,62
Not Sweet,224.7176971435547,154.09373474121094,333.9488830566406,2636.699462890625,123.19900512695312,38.50962829589844,6.0,62
Not Sweet,279.883056640625,197.2738494873047,368.5871887207031,2503.29833984375,123.8911361694336,40.48448181152344,6.0,62
Not Sweet,231.20773315429688,174.41378784179688,379.2451171875,2400.0576171875,123.19900512695312,45.42161560058594,6.0,62
Not Sweet,253.92288208007807,165.9470977783203,361.4819030761719,2402.377685546875,114.8934555053711,49.37131881713867,6.0,62
Not Sweet,230.396484375,155.78707885742188,319.73828125,2123.9755859375,115.58558654785156,46.40904235839844,6.0,62
Not Sweet,149.27096557617188,118.5336456298828,295.7579040527344,2187.776123046875,114.20132446289062,46.40904235839844,6.0,62
Not Sweet,201.19129943847656,138.85369873046875,285.9881286621094,2293.3369140625,107.28003692626952,31.597644805908203,6.0,62
Not Sweet,247.432846069336,168.4871063232422,327.73175048828125,2239.9765625,113.50920104980467,33.5724983215332,6.0,62
Not Sweet,156.57225036621094,110.91362762451172,285.9881286621094,2291.016845703125,119.73835754394533,47.39646911621094,6.0,62
Not Sweet,193.0787353515625,156.6337432861328,310.8566589355469,2437.177978515625,116.96984100341795,51.34617233276367,6.0,62
Not Sweet,219.03890991210932,168.4871063232422,326.84356689453125,2300.296875,114.20132446289062,49.37131881713867,6.0,62
Not Sweet,260.4129333496094,178.6471405029297,388.1267395019531,2329.297119140625,103.12725830078124,29.622791290283203,6.0,62
Not Sweet,235.26400756835932,155.78707885742188,285.0999755859375,2164.575927734375,106.58790588378906,40.48448181152344,6.0,62
Not Sweet,227.1514587402344,165.10043334960938,331.2843933105469,2068.295166015625,110.74068450927734,47.39646911621094,6.0,62
Not Sweet,216.6051483154297,161.71376037597656,349.0476379394531,2173.85595703125,116.96984100341795,41.47190856933594,6.0,62
Not Sweet,209.3038482666016,142.24037170410156,309.968505859375,1943.0142822265625,125.27539825439452,57.27073287963867,6.0,62
Not Sweet,213.3601226806641,135.46702575683594,259.34326171875,2166.89599609375,105.20364379882812,39.49705505371094,6.0,62
Not Sweet,210.11509704589844,138.0070343017578,284.2118225097656,2346.697265625,109.3564224243164,30.610218048095703,6.0,62
Not Sweet,170.3636016845703,141.39370727539062,282.4354858398437,2335.09716796875,107.97216033935548,38.50962829589844,6.0,62
Not Sweet,184.15493774414065,145.62704467773438,282.4354858398437,2303.777099609375,119.04623413085938,52.33359909057617,6.0,62
Not Sweet,266.9029541015625,184.5738220214844,379.2451171875,2221.416259765625,114.8934555053711,49.37131881713867,6.0,62
Not Sweet,240.1315460205078,167.64044189453125,357.9292297363281,2432.537841796875,119.73835754394533,47.39646911621094,6.0,62
Not Sweet,257.9791564941406,182.88047790527344,358.8174133300781,2293.3369140625,121.12261962890624,36.5347785949707,6.0,62
Not Sweet,227.9627227783203,166.7937774658203,364.1463928222656,2179.656005859375,131.5045623779297,56.28330612182617,6.0,62
Not Sweet,257.9791564941406,177.80047607421875,390.7912292480469,2456.898193359375,107.28003692626952,43.44676208496094,6.0,62
Not Sweet,213.3601226806641,145.62704467773438,300.19873046875,2205.17626953125,107.28003692626952,40.48448181152344,6.0,62
Not Sweet,238.509033203125,160.02041625976562,318.8501281738281,2084.535400390625,107.97216033935548,40.48448181152344,6.0,62
Not Sweet,196.32376098632807,135.46702575683594,319.73828125,2273.61669921875,109.3564224243164,45.42161560058594,6.0,62
Not Sweet,218.22764587402344,144.78038024902344,284.2118225097656,1883.8538818359373,113.50920104980467,53.32102584838867,6.0,62
Not Sweet,218.22764587402344,157.48040771484375,334.8370361328125,1924.4542236328125,114.8934555053711,50.35874557495117,6.0,62
Not Sweet,242.5653076171875,169.3337860107422,346.3831481933594,2179.656005859375,104.5115203857422,45.42161560058594,6.8,63
Not Sweet,220.6614227294922,159.1737518310547,308.1921691894531,2078.7353515625,91.3610610961914,38.50962829589844,6.8,63
Not Sweet,248.2440948486328,176.1071319580078,368.5871887207031,2307.257080078125,106.58790588378906,45.42161560058594,6.8,63
Not Sweet,236.8865203857422,164.25376892089844,334.8370361328125,2110.0556640625,100.3587417602539,44.43418884277344,6.8,63
Not Sweet,266.9029541015625,179.49380493164062,365.0345458984375,2256.216552734375,123.8911361694336,54.30845260620117,6.8,63
Not Sweet,245.81033325195312,166.7937774658203,348.1594543457031,2315.376953125,121.81475067138672,47.39646911621094,6.8,63
Not Sweet,195.51251220703125,138.0070343017578,297.53424072265625,2416.2978515625,109.3564224243164,38.50962829589844,6.8,63
Not Sweet,246.62158203125,171.02711486816406,325.0672607421875,2271.296630859375,126.65965270996094,54.30845260620117,6.8,63
Not Sweet,269.33673095703125,191.34716796875,374.8043212890625,2411.65771484375,110.74068450927734,45.42161560058594,6.8,63
Not Sweet,273.3930053710937,198.9671936035156,394.3438720703125,2490.538330078125,116.27771759033205,50.35874557495117,6.8,63
Not Sweet,227.9627227783203,160.02041625976562,325.9554138183594,2060.17529296875,107.28003692626952,44.43418884277344,6.8,63
Not Sweet,249.05535888671875,166.7937774658203,329.508056640625,2458.05810546875,123.19900512695312,52.33359909057617,6.8,63
Not Sweet,275.0155334472656,187.11383056640625,363.2582092285156,2499.818359375,125.96752166748048,52.33359909057617,6.8,63
Not Sweet,269.33673095703125,171.02711486816406,338.3896789550781,2575.218994140625,132.88882446289062,52.33359909057617,6.8,63
Not Sweet,281.50555419921875,193.88717651367188,393.4557189941406,2538.0986328125,124.58326721191406,53.32102584838867,6.8,63
Not Sweet,305.8432312011719,206.5872039794922,422.76507568359375,2637.859375,128.04391479492188,52.33359909057617,6.8,63
Not Sweet,292.8631286621094,192.19384765625,372.1398315429688,2410.497802734375,134.9652099609375,54.30845260620117,6.8,63
Not Sweet,293.67437744140625,193.0405120849609,373.9161682128906,2424.41796875,134.9652099609375,54.30845260620117,6.8,63
Not Sweet,286.3730773925781,195.5805206298828,398.7846984863281,2605.379150390625,125.27539825439452,51.34617233276367,6.8,63
Not Sweet,260.4129333496094,171.02711486816406,343.7186584472656,2255.056640625,119.04623413085938,47.39646911621094,6.8,63
Not Sweet,242.5653076171875,170.18045043945312,341.9423217773437,2107.735595703125,107.97216033935548,44.43418884277344,6.8,63
Not Sweet,235.26400756835932,170.18045043945312,338.3896789550781,2128.61572265625,107.28003692626952,45.42161560058594,6.8,63
Not Sweet,239.32028198242188,163.4071044921875,337.50152587890625,2117.015625,112.81707000732422,46.40904235839844,6.8,63
Not Sweet,249.05535888671875,178.6471405029297,365.0345458984375,2244.616455078125,109.3564224243164,46.40904235839844,6.8,63
Not Sweet,238.509033203125,167.64044189453125,364.1463928222656,2092.655517578125,110.04855346679688,45.42161560058594,6.8,63
Not Sweet,241.75405883789065,171.873779296875,335.7251892089844,2227.21630859375,102.43512725830078,45.42161560058594,6.8,63
Not Sweet,256.3566589355469,182.0338134765625,362.37005615234375,2468.498291015625,114.8934555053711,46.40904235839844,6.8,63
Not Sweet,224.7176971435547,167.64044189453125,373.9161682128906,2287.536865234375,115.58558654785156,39.49705505371094,6.8,63
Not Sweet,250.6778564453125,179.49380493164062,362.37005615234375,2582.178955078125,130.8124237060547,53.32102584838867,6.8,63
Not Sweet,259.6016845703125,167.64044189453125,350.8239440917969,2434.85791015625,115.58558654785156,41.47190856933594,6.8,63
Not Sweet,245.81033325195312,172.720458984375,326.84356689453125,2328.13720703125,121.81475067138672,48.38389205932617,6.8,63
Not Sweet,236.8865203857422,161.71376037597656,352.60028076171875,2187.776123046875,119.04623413085938,52.33359909057617,6.8,63
Not Sweet,287.99560546875,196.4271850585937,362.37005615234375,2676.1396484375,127.3517837524414,52.33359909057617,6.0,64
Not Sweet,296.9194030761719,207.4338836669922,422.76507568359375,2688.89990234375,123.19900512695312,51.34617233276367,6.0,64
Not Sweet,280.6943054199219,196.4271850585937,365.9226989746094,2481.25830078125,113.50920104980467,38.50962829589844,6.0,64
Not Sweet,283.9393310546875,198.9671936035156,405.0018310546875,2819.980712890625,128.7360382080078,50.35874557495117,6.0,64
Not Sweet,245.81033325195312,163.4071044921875,397.0083618164063,2610.019287109375,120.43048858642578,48.38389205932617,6.0,64
Not Sweet,248.2440948486328,179.49380493164062,365.0345458984375,2724.860107421875,119.73835754394533,44.43418884277344,6.0,64
Not Sweet,300.9756774902344,194.7338409423828,398.7846984863281,2581.01904296875,133.58094787597656,53.32102584838867,6.0,64
Not Sweet,269.33673095703125,176.1071319580078,364.1463928222656,2748.060302734375,128.7360382080078,50.35874557495117,6.0,64
Not Sweet,223.90643310546875,160.86709594726562,362.37005615234375,2466.17822265625,131.5045623779297,53.32102584838867,6.0,64
Not Sweet,305.8432312011719,207.4338836669922,388.1267395019531,2690.059814453125,130.12030029296875,51.34617233276367,6.0,64
Not Sweet,272.5817565917969,183.72715759277344,363.2582092285156,2549.69873046875,121.12261962890624,49.37131881713867,6.0,64
Not Sweet,266.0917053222656,176.1071319580078,348.1594543457031,2278.2568359375,118.3541030883789,45.42161560058594,6.0,64
Not Sweet,228.7739715576172,149.8603973388672,322.4027709960937,2258.53662109375,125.96752166748048,47.39646911621094,6.0,64
Not Sweet,236.0752716064453,171.873779296875,339.27783203125,2345.537353515625,111.43280792236328,34.5599250793457,6.0,64
Not Sweet,271.7705078125,187.9604949951172,381.90960693359375,2404.69775390625,119.04623413085938,48.38389205932617,6.0,64
Not Sweet,257.1679077148437,173.56712341308594,354.3765869140625,2191.256103515625,129.4281768798828,56.28330612182617,6.0,64
Not Sweet,222.283935546875,161.71376037597656,338.3896789550781,2223.736328125,116.96984100341795,44.43418884277344,6.0,64
Not Sweet,243.37657165527344,154.94041442871094,303.7513732910156,2342.057373046875,122.5068817138672,50.35874557495117,6.0,64
Not Sweet,240.1315460205078,161.71376037597656,320.6264343261719,2333.937255859375,112.81707000732422,37.52220153808594,6.0,64
Not Sweet,248.2440948486328,176.1071319580078,357.04107666015625,2353.6572265625,110.04855346679688,40.48448181152344,6.0,64
Not Sweet,252.3003692626953,168.4871063232422,320.6264343261719,2209.81640625,124.58326721191406,50.35874557495117,6.0,64
Not Sweet,231.20773315429688,170.18045043945312,363.2582092285156,2270.13671875,116.96984100341795,44.43418884277344,6.0,64
Not Sweet,244.9990692138672,165.9470977783203,340.166015625,2275.936767578125,107.97216033935548,38.50962829589844,6.0,64
Not Sweet,235.26400756835932,160.02041625976562,338.3896789550781,2226.056396484375,116.96984100341795,49.37131881713867,6.0,64
Not Sweet,168.7410888671875,137.1603546142578,313.5211486816406,2297.97705078125,114.8934555053711,50.35874557495117,6.0,64
Not Sweet,176.8536376953125,141.39370727539062,294.8697509765625,2089.17529296875,116.27771759033205,49.37131881713867,6.0,64
Not Sweet,237.69778442382807,166.7937774658203,345.4949645996094,2228.37646484375,105.8957748413086,38.50962829589844,6.0,64
Not Sweet,223.90643310546875,152.40040588378906,320.6264343261719,2227.21630859375,111.43280792236328,40.48448181152344,6.0,64
Not Sweet,227.1514587402344,160.02041625976562,320.6264343261719,2104.255615234375,110.74068450927734,40.48448181152344,6.0,64
Not Sweet,239.32028198242188,174.41378784179688,357.9292297363281,2140.2158203125,112.81707000732422,45.42161560058594,6.0,64
Not Sweet,283.9393310546875,204.04721069335932,435.1993408203125,2629.739501953125,109.3564224243164,37.52220153808594,6.0,64
Not Sweet,275.8267822265625,190.50050354003903,384.5740966796875,2584.4990234375,114.20132446289062,40.48448181152344,6.0,64
Not Sweet,296.108154296875,203.20053100585932,412.1071166992188,2458.05810546875,125.27539825439452,52.33359909057617,6.2,65
Not Sweet,283.9393310546875,197.2738494873047,416.5479431152344,2376.857421875,127.3517837524414,58.25815582275391,6.2,65
Not Sweet,276.6380310058594,195.5805206298828,390.7912292480469,2376.857421875,123.8911361694336,54.30845260620117,6.2,65
Not Sweet,286.3730773925781,199.81385803222656,415.6597595214844,2568.259033203125,132.19668579101562,57.27073287963867,6.2,65
Not Sweet,262.0354309082031,178.6471405029297,390.7912292480469,2296.81689453125,128.7360382080078,55.29587936401367,6.2,65
Not Sweet,255.5453948974609,185.4204864501953,390.7912292480469,2331.6171875,123.19900512695312,52.33359909057617,6.2,65
Not Sweet,284.7505798339844,194.7338409423828,404.1136779785156,2339.7373046875,128.7360382080078,55.29587936401367,6.2,65
Not Sweet,298.5419311523437,203.20053100585932,419.21240234375,2427.89794921875,119.73835754394533,48.38389205932617,6.2,65
Not Sweet,292.0518798828125,203.20053100585932,421.87689208984375,2482.418212890625,130.12030029296875,54.30845260620117,6.2,65
Not Sweet,284.7505798339844,198.9671936035156,422.76507568359375,2364.097412109375,129.4281768798828,53.32102584838867,6.2,65
Not Sweet,253.11163330078125,174.41378784179688,356.1529235839844,2133.255615234375,121.12261962890624,54.30845260620117,6.2,65
Not Sweet,259.6016845703125,180.3404693603516,374.8043212890625,2192.416259765625,121.12261962890624,56.28330612182617,6.2,65
Not Sweet,266.9029541015625,186.26715087890625,374.8043212890625,2256.216552734375,125.96752166748048,54.30845260620117,6.2,65
Not Sweet,260.4129333496094,182.0338134765625,373.9161682128906,2318.857177734375,127.3517837524414,56.28330612182617,6.2,65
Not Sweet,275.0155334472656,186.26715087890625,389.0149230957031,2234.176513671875,130.12030029296875,57.27073287963867,6.2,65
Not Sweet,265.28045654296875,182.88047790527344,373.0279846191406,2108.8955078125,112.12493896484376,46.40904235839844,6.2,65
Not Sweet,274.2042541503906,188.80715942382807,379.2451171875,2249.256591796875,125.27539825439452,53.32102584838867,6.2,65
Not Sweet,270.1479797363281,185.4204864501953,392.5675659179688,2235.33642578125,128.7360382080078,53.32102584838867,6.2,65
Not Sweet,279.0718078613281,190.50050354003903,399.6728515625,2434.85791015625,123.19900512695312,44.43418884277344,6.2,65
Not Sweet,257.1679077148437,168.4871063232422,325.9554138183594,2191.256103515625,121.12261962890624,52.33359909057617,6.2,65
Not Sweet,257.1679077148437,169.3337860107422,344.6068115234375,2342.057373046875,125.27539825439452,53.32102584838867,6.2,65
Not Sweet,253.11163330078125,178.6471405029297,367.6990356445313,2287.536865234375,115.58558654785156,46.40904235839844,6.2,65
Not Sweet,251.48912048339844,171.02711486816406,363.2582092285156,2226.056396484375,119.73835754394533,55.29587936401367,6.2,65
Not Sweet,254.734130859375,171.873779296875,354.3765869140625,2163.416015625,106.58790588378906,45.42161560058594,6.2,65
Not Sweet,245.81033325195312,171.02711486816406,327.73175048828125,2135.57568359375,112.12493896484376,46.40904235839844,6.2,65
Not Sweet,280.6943054199219,196.4271850585937,394.3438720703125,2411.65771484375,118.3541030883789,48.38389205932617,6.2,65
Not Sweet,280.6943054199219,200.6605224609375,413.8834533691406,2543.898681640625,120.43048858642578,49.37131881713867,6.2,65
Not Sweet,281.50555419921875,201.5072021484375,431.6466674804688,2429.057861328125,121.12261962890624,51.34617233276367,6.2,65
Not Sweet,262.0354309082031,186.26715087890625,394.3438720703125,2212.13623046875,125.96752166748048,58.25815582275391,6.2,65
Not Sweet,259.6016845703125,179.49380493164062,381.0214538574219,2202.856201171875,116.96984100341795,55.29587936401367,6.2,65
Not Sweet,268.5254821777344,189.65383911132807,399.6728515625,2346.697265625,119.73835754394533,53.32102584838867,6.2,65
Not Sweet,277.44927978515625,187.9604949951172,397.89654541015625,2303.777099609375,117.66197204589844,50.35874557495117,6.2,65
Sweet,236.8865203857422,169.3337860107422,356.1529235839844,2416.2978515625,98.28235626220705,50.35874557495117,8.0,66
Sweet,277.44927978515625,191.34716796875,421.87689208984375,2531.138671875,116.27771759033205,59.245582580566406,8.0,66
Sweet,211.73760986328125,151.55372619628906,332.17254638671875,2132.095703125,88.59254455566406,44.43418884277344,8.0,66
Sweet,242.5653076171875,171.02711486816406,357.04107666015625,2244.616455078125,96.8980941772461,48.38389205932617,8.0,66
Sweet,240.1315460205078,176.1071319580078,379.2451171875,2441.818115234375,99.66661071777344,51.34617233276367,8.0,66
Sweet,216.6051483154297,154.09373474121094,333.9488830566406,2165.736083984375,94.12957763671876,46.40904235839844,8.0,66
Sweet,242.5653076171875,165.9470977783203,347.27130126953125,2301.45703125,94.82170867919922,46.40904235839844,8.0,66
Sweet,237.69778442382807,166.7937774658203,349.0476379394531,2351.33740234375,98.97447967529295,48.38389205932617,8.0,66
Sweet,246.62158203125,176.1071319580078,363.2582092285156,2366.41748046875,101.05087280273438,48.38389205932617,8.0,66
Sweet,248.2440948486328,176.95379638671875,378.3569641113281,2465.01806640625,102.43512725830078,49.37131881713867,8.0,66
Sweet,247.432846069336,166.7937774658203,346.3831481933594,2313.05712890625,108.66429138183594,48.38389205932617,8.0,66
Sweet,249.05535888671875,173.56712341308594,357.9292297363281,2202.856201171875,110.74068450927734,52.33359909057617,8.0,66
Sweet,272.5817565917969,194.7338409423828,404.1136779785156,2604.21923828125,116.96984100341795,55.29587936401367,8.0,66
Sweet,275.8267822265625,193.0405120849609,420.9887390136719,2532.298583984375,117.66197204589844,56.28330612182617,8.0,66
Sweet,257.1679077148437,175.26046752929688,383.6859436035156,2367.577392578125,119.04623413085938,54.30845260620117,8.0,66
Sweet,242.5653076171875,167.64044189453125,340.166015625,2456.898193359375,109.3564224243164,51.34617233276367,8.0,66
Sweet,248.2440948486328,168.4871063232422,370.363525390625,2144.855712890625,107.28003692626952,52.33359909057617,8.0,66
Sweet,218.22764587402344,151.55372619628906,326.84356689453125,2001.0147705078125,110.04855346679688,57.27073287963867,8.0,66
Sweet,223.90643310546875,151.55372619628906,325.9554138183594,1998.6947021484373,100.3587417602539,50.35874557495117,8.0,66
Sweet,219.03890991210932,149.8603973388672,328.6199035644531,2088.015380859375,101.74300384521484,51.34617233276367,8.0,66
Sweet,235.26400756835932,164.25376892089844,344.6068115234375,2136.73583984375,97.59022521972656,41.47190856933594,8.0,66
Sweet,225.5289459228516,151.55372619628906,325.0672607421875,2050.89501953125,103.12725830078124,51.34617233276367,8.0,66
Sweet,225.5289459228516,149.8603973388672,314.4093017578125,2024.2149658203125,97.59022521972656,39.49705505371094,8.0,66
Sweet,227.9627227783203,159.1737518310547,341.9423217773437,2178.49609375,109.3564224243164,52.33359909057617,8.0,66
Sweet,259.6016845703125,182.0338134765625,382.79779052734375,2373.37744140625,109.3564224243164,50.35874557495117,8.0,66
Sweet,257.9791564941406,177.80047607421875,392.5675659179688,2369.8974609375,112.81707000732422,54.30845260620117,8.0,66
Sweet,238.509033203125,165.9470977783203,357.04107666015625,2337.417236328125,101.05087280273438,43.44676208496094,8.0,66
Sweet,226.3402099609375,160.86709594726562,346.3831481933594,2072.935302734375,99.66661071777344,49.37131881713867,8.0,66
Sweet,207.68133544921875,149.8603973388672,332.17254638671875,2072.935302734375,102.43512725830078,53.32102584838867,8.0,66
Sweet,214.98263549804688,148.16705322265625,321.5146179199219,1995.2147216796875,96.8980941772461,50.35874557495117,8.0,66
Sweet,215.7938842773437,148.16705322265625,300.19873046875,1948.8143310546875,96.8980941772461,49.37131881713867,8.0,66
Sweet,224.7176971435547,153.2470703125,336.6133728027344,2119.335693359375,100.3587417602539,49.37131881713867,8.0,66
Sweet,240.1315460205078,185.4204864501953,403.2254943847656,2978.90185546875,116.27771759033205,52.33359909057617,9.6,67
Sweet,276.6380310058594,189.65383911132807,412.9952697753906,2519.53857421875,121.12261962890624,52.33359909057617,9.6,67
Sweet,265.28045654296875,176.1071319580078,381.0214538574219,2430.218017578125,112.12493896484376,50.35874557495117,9.6,67
Sweet,217.41639709472656,147.3203887939453,353.4884338378906,2390.777587890625,106.58790588378906,39.49705505371094,9.6,67
Sweet,185.77745056152344,142.24037170410156,294.8697509765625,2328.13720703125,112.81707000732422,55.29587936401367,9.6,67
Sweet,193.88999938964844,157.48040771484375,341.9423217773437,2197.05615234375,107.28003692626952,52.33359909057617,9.6,67
Sweet,265.28045654296875,182.88047790527344,387.2385864257813,2441.818115234375,106.58790588378906,50.35874557495117,9.6,67
Sweet,270.1479797363281,177.80047607421875,380.13330078125,2339.7373046875,112.81707000732422,51.34617233276367,9.6,67
Sweet,248.2440948486328,180.3404693603516,361.4819030761719,2444.137939453125,100.3587417602539,46.40904235839844,9.6,67
Sweet,270.1479797363281,191.34716796875,399.6728515625,2571.739013671875,112.81707000732422,55.29587936401367,9.6,67
Sweet,239.32028198242188,167.64044189453125,359.70556640625,2303.777099609375,109.3564224243164,47.39646911621094,9.6,67
Sweet,254.734130859375,176.1071319580078,369.475341796875,2345.537353515625,107.97216033935548,48.38389205932617,9.6,67
Sweet,253.92288208007807,179.49380493164062,368.5871887207031,2419.77783203125,108.66429138183594,45.42161560058594,9.6,67
Sweet,286.3730773925781,186.26715087890625,405.0018310546875,2436.01806640625,117.66197204589844,45.42161560058594,9.6,67
Sweet,276.6380310058594,182.0338134765625,385.4622497558594,2474.29833984375,117.66197204589844,50.35874557495117,9.6,67
Sweet,258.7904052734375,187.9604949951172,393.4557189941406,2545.058837890625,109.3564224243164,52.33359909057617,9.6,67
Sweet,253.11163330078125,176.95379638671875,362.37005615234375,2331.6171875,110.04855346679688,49.37131881713867,9.6,67
Sweet,225.5289459228516,154.09373474121094,341.0541687011719,1997.53466796875,105.8957748413086,46.40904235839844,9.6,67
Sweet,185.77745056152344,149.8603973388672,325.0672607421875,2166.89599609375,99.66661071777344,49.37131881713867,9.6,67
Sweet,235.26400756835932,163.4071044921875,339.27783203125,2242.296630859375,91.3610610961914,42.45933532714844,9.6,67
Sweet,241.75405883789065,164.25376892089844,341.9423217773437,2227.21630859375,106.58790588378906,49.37131881713867,9.6,67
Sweet,260.4129333496094,173.56712341308594,380.13330078125,2343.21728515625,105.20364379882812,48.38389205932617,9.6,67
Sweet,214.98263549804688,165.10043334960938,346.3831481933594,2251.57666015625,104.5115203857422,46.40904235839844,9.6,67
Sweet,244.9990692138672,170.18045043945312,358.8174133300781,2371.057373046875,103.81938934326172,48.38389205932617,9.6,67
Sweet,245.81033325195312,171.873779296875,368.5871887207031,2282.896728515625,102.43512725830078,47.39646911621094,9.6,67
Sweet,259.6016845703125,182.88047790527344,399.6728515625,2555.498779296875,110.04855346679688,54.30845260620117,9.6,67
Sweet,244.9990692138672,176.95379638671875,385.4622497558594,2601.899169921875,116.27771759033205,54.30845260620117,9.6,67
Sweet,255.5453948974609,172.720458984375,367.6990356445313,2497.498291015625,105.20364379882812,47.39646911621094,9.6,67
Sweet,231.20773315429688,154.94041442871094,333.9488830566406,2466.17822265625,104.5115203857422,50.35874557495117,9.6,67
Sweet,236.0752716064453,163.4071044921875,344.6068115234375,2445.298095703125,109.3564224243164,49.37131881713867,9.6,67
Sweet,252.3003692626953,179.49380493164062,389.903076171875,2418.617919921875,102.43512725830078,47.39646911621094,9.6,67
Sweet,235.26400756835932,170.18045043945312,373.0279846191406,2507.9384765625,111.43280792236328,52.33359909057617,9.6,67
Not Sweet,270.1479797363281,189.65383911132807,397.89654541015625,2629.739501953125,112.81707000732422,52.33359909057617,5.6,68
Not Sweet,267.7142333984375,177.80047607421875,390.7912292480469,2454.578125,123.19900512695312,59.245582580566406,5.6,68
Not Sweet,257.1679077148437,179.49380493164062,373.9161682128906,2333.937255859375,118.3541030883789,58.25815582275391,5.6,68
Not Sweet,271.7705078125,182.88047790527344,391.6793823242188,2302.616943359375,115.58558654785156,54.30845260620117,5.6,68
Not Sweet,229.5852203369141,158.32708740234375,362.37005615234375,2266.65673828125,114.8934555053711,55.29587936401367,5.6,68
Not Sweet,253.11163330078125,174.41378784179688,345.4949645996094,2325.817138671875,112.81707000732422,50.35874557495117,5.6,68
Not Sweet,259.6016845703125,179.49380493164062,374.8043212890625,2353.6572265625,115.58558654785156,55.29587936401367,5.6,68
Not Sweet,276.6380310058594,198.1205291748047,436.0874938964844,2543.898681640625,117.66197204589844,56.28330612182617,5.6,68
Not Sweet,258.7904052734375,177.80047607421875,397.89654541015625,2459.218017578125,115.58558654785156,55.29587936401367,5.6,68
Not Sweet,263.657958984375,185.4204864501953,397.0083618164063,2449.93798828125,110.04855346679688,47.39646911621094,5.6,68
Not Sweet,253.11163330078125,183.72715759277344,376.5806579589844,2489.37841796875,114.20132446289062,54.30845260620117,5.6,68
Not Sweet,246.62158203125,171.02711486816406,363.2582092285156,2452.258056640625,106.58790588378906,49.37131881713867,5.6,68
Not Sweet,266.9029541015625,187.9604949951172,397.0083618164063,2592.619140625,107.28003692626952,50.35874557495117,5.6,68
Not Sweet,228.7739715576172,157.48040771484375,353.4884338378906,2407.017822265625,107.28003692626952,48.38389205932617,5.6,68
Not Sweet,261.22418212890625,179.49380493164062,382.79779052734375,2433.697998046875,110.04855346679688,45.42161560058594,5.6,68
Not Sweet,245.81033325195312,165.9470977783203,359.70556640625,2144.855712890625,116.27771759033205,56.28330612182617,5.6,68
Not Sweet,229.5852203369141,160.02041625976562,353.4884338378906,2248.0966796875,106.58790588378906,51.34617233276367,5.6,68
Not Sweet,215.7938842773437,156.6337432861328,332.17254638671875,2165.736083984375,99.66661071777344,50.35874557495117,5.6,68
Not Sweet,231.20773315429688,165.10043334960938,346.3831481933594,2213.29638671875,107.97216033935548,52.33359909057617,5.6,68
Not Sweet,236.0752716064453,171.873779296875,372.1398315429688,2442.97802734375,108.66429138183594,54.30845260620117,5.6,68
Not Sweet,245.81033325195312,182.0338134765625,394.3438720703125,2543.898681640625,120.43048858642578,58.25815582275391,5.6,68
Not Sweet,274.2042541503906,193.88717651367188,437.8638305664063,2729.5,120.43048858642578,50.35874557495117,5.6,68
Not Sweet,259.6016845703125,184.5738220214844,397.89654541015625,2659.899658203125,116.96984100341795,59.245582580566406,5.6,68
Not Sweet,255.5453948974609,177.80047607421875,382.79779052734375,2600.7392578125,114.20132446289062,52.33359909057617,5.6,68
Not Sweet,224.7176971435547,152.40040588378906,325.9554138183594,1916.3341064453125,106.58790588378906,43.44676208496094,5.6,68
Not Sweet,223.90643310546875,160.86709594726562,329.508056640625,2242.296630859375,98.97447967529295,47.39646911621094,5.6,68
Not Sweet,233.6415100097656,164.25376892089844,341.9423217773437,2281.73681640625,101.05087280273438,47.39646911621094,5.6,68
Not Sweet,240.1315460205078,166.7937774658203,354.3765869140625,2279.416748046875,106.58790588378906,49.37131881713867,5.6,68
Not Sweet,217.41639709472656,156.6337432861328,325.0672607421875,2143.69580078125,101.74300384521484,44.43418884277344,5.6,68
Not Sweet,215.7938842773437,158.32708740234375,329.508056640625,2199.376220703125,101.05087280273438,49.37131881713867,5.6,68
Not Sweet,270.959228515625,180.3404693603516,394.3438720703125,2347.857421875,114.20132446289062,51.34617233276367,5.6,68
Not Sweet,274.2042541503906,189.65383911132807,420.1005859375,2598.419189453125,117.66197204589844,51.34617233276367,5.6,68
Not Sweet,269.33673095703125,182.88047790527344,376.5806579589844,2461.5380859375,119.04623413085938,53.32102584838867,6.8,69
Not Sweet,234.4527587890625,160.86709594726562,357.04107666015625,2351.33740234375,116.27771759033205,56.28330612182617,6.8,69
Not Sweet,204.43630981445312,154.09373474121094,344.6068115234375,2577.5390625,113.50920104980467,51.34617233276367,6.8,69
Not Sweet,270.959228515625,194.7338409423828,404.1136779785156,2600.7392578125,114.20132446289062,53.32102584838867,6.8,69
Not Sweet,273.3930053710937,187.9604949951172,420.9887390136719,2648.299560546875,120.43048858642578,57.27073287963867,6.8,69
Not Sweet,239.32028198242188,171.02711486816406,381.90960693359375,2294.496826171875,126.65965270996094,56.28330612182617,6.8,69
Not Sweet,228.7739715576172,176.1071319580078,357.04107666015625,2434.85791015625,106.58790588378906,46.40904235839844,6.8,69
Not Sweet,247.432846069336,173.56712341308594,392.5675659179688,2614.6591796875,116.96984100341795,52.33359909057617,6.8,69
Not Sweet,240.9427947998047,171.873779296875,354.3765869140625,2431.3779296875,114.8934555053711,48.38389205932617,6.8,69
Not Sweet,264.4692077636719,180.3404693603516,387.2385864257813,2436.01806640625,114.20132446289062,48.38389205932617,6.8,69
Not Sweet,233.6415100097656,166.7937774658203,333.0606994628906,2425.577880859375,107.28003692626952,50.35874557495117,6.8,69
Not Sweet,236.8865203857422,167.64044189453125,360.5937194824219,2306.096923828125,110.04855346679688,49.37131881713867,6.8,69
Not Sweet,224.7176971435547,170.18045043945312,351.71209716796875,2458.05810546875,108.66429138183594,45.42161560058594,6.8,69
Not Sweet,241.75405883789065,172.720458984375,373.0279846191406,2433.697998046875,107.97216033935548,40.48448181152344,6.8,69
Not Sweet,244.1878204345703,171.02711486816406,351.71209716796875,2144.855712890625,103.12725830078124,38.50962829589844,6.8,69
Not Sweet,241.75405883789065,171.02711486816406,380.13330078125,2375.697509765625,116.27771759033205,49.37131881713867,6.8,69
Not Sweet,242.5653076171875,177.80047607421875,370.363525390625,2467.338134765625,114.20132446289062,45.42161560058594,6.8,69
Not Sweet,257.1679077148437,181.1871490478516,403.2254943847656,2391.937744140625,110.04855346679688,43.44676208496094,6.8,69
Not Sweet,227.1514587402344,166.7937774658203,357.04107666015625,2372.217529296875,116.27771759033205,53.32102584838867,6.8,69
Not Sweet,257.9791564941406,172.720458984375,370.363525390625,2452.258056640625,118.3541030883789,50.35874557495117,6.8,69
Not Sweet,237.69778442382807,170.18045043945312,365.0345458984375,2255.056640625,114.8934555053711,47.39646911621094,6.8,69
Not Sweet,286.3730773925781,201.5072021484375,425.4295349121094,2814.1806640625,118.3541030883789,53.32102584838867,6.8,69
Not Sweet,254.734130859375,185.4204864501953,412.1071166992188,2495.178466796875,118.3541030883789,48.38389205932617,6.8,69
Not Sweet,289.6181030273437,204.8938751220703,440.5282897949219,2956.86181640625,112.12493896484376,42.45933532714844,6.8,69
Not Sweet,280.6943054199219,190.50050354003903,405.8899841308594,2480.098388671875,112.12493896484376,44.43418884277344,6.8,69
Not Sweet,270.1479797363281,185.4204864501953,394.3438720703125,2504.45849609375,121.12261962890624,54.30845260620117,6.8,69
Not Sweet,233.6415100097656,165.9470977783203,372.1398315429688,2396.57763671875,114.20132446289062,55.29587936401367,6.8,69
Not Sweet,231.20773315429688,160.02041625976562,354.3765869140625,2404.69775390625,110.74068450927734,52.33359909057617,6.8,69
Not Sweet,259.6016845703125,176.1071319580078,373.9161682128906,2337.417236328125,113.50920104980467,52.33359909057617,6.8,69
Not Sweet,279.883056640625,193.88717651367188,415.6597595214844,2506.778564453125,113.50920104980467,50.35874557495117,6.8,69
Not Sweet,257.9791564941406,172.720458984375,375.6924743652344,2388.45751953125,121.12261962890624,52.33359909057617,6.8,69
Not Sweet,260.4129333496094,171.873779296875,352.60028076171875,2286.376953125,112.12493896484376,51.34617233276367,6.8,69
Not Sweet,233.6415100097656,159.1737518310547,342.8305053710937,2308.4169921875,112.12493896484376,51.34617233276367,6.4,70
Not Sweet,227.9627227783203,160.02041625976562,347.27130126953125,2251.57666015625,112.81707000732422,53.32102584838867,6.4,70
Not Sweet,234.4527587890625,166.7937774658203,344.6068115234375,2230.696533203125,104.5115203857422,39.49705505371094,6.4,70
Not Sweet,236.0752716064453,161.71376037597656,352.60028076171875,2293.3369140625,117.66197204589844,54.30845260620117,6.4,70
Not Sweet,239.32028198242188,175.26046752929688,359.70556640625,2445.298095703125,101.05087280273438,41.47190856933594,6.4,70
Not Sweet,266.9029541015625,190.50050354003903,395.2320556640625,2477.7783203125,106.58790588378906,48.38389205932617,6.4,70
Not Sweet,274.2042541503906,198.1205291748047,410.330810546875,2590.299072265625,107.28003692626952,50.35874557495117,6.4,70
Not Sweet,261.22418212890625,189.65383911132807,414.7716064453125,2607.69921875,117.66197204589844,54.30845260620117,6.4,70
Not Sweet,283.9393310546875,193.88717651367188,414.7716064453125,2517.218505859375,120.43048858642578,51.34617233276367,6.4,70
Not Sweet,247.432846069336,171.02711486816406,374.8043212890625,2279.416748046875,122.5068817138672,58.25815582275391,6.4,70
Not Sweet,219.03890991210932,153.2470703125,325.0672607421875,2081.055419921875,98.28235626220705,42.45933532714844,6.4,70
Not Sweet,203.62506103515625,149.01373291015625,325.9554138183594,1970.8544921875,101.74300384521484,51.34617233276367,6.4,70
Not Sweet,202.8137969970703,154.09373474121094,322.4027709960937,2317.697021484375,98.97447967529295,43.44676208496094,6.4,70
Not Sweet,233.6415100097656,171.873779296875,375.6924743652344,2336.25732421875,109.3564224243164,51.34617233276367,6.4,70
Not Sweet,185.77745056152344,133.773681640625,341.0541687011719,2212.13623046875,114.20132446289062,49.37131881713867,6.4,70
Not Sweet,232.0189971923828,161.71376037597656,334.8370361328125,2166.89599609375,104.5115203857422,47.39646911621094,6.4,70
Not Sweet,287.1843566894531,200.6605224609375,434.3111572265625,2824.620849609375,122.5068817138672,52.33359909057617,6.4,70
Not Sweet,269.33673095703125,182.88047790527344,383.6859436035156,2438.337890625,121.81475067138672,51.34617233276367,6.4,70
Not Sweet,223.09518432617188,165.10043334960938,357.04107666015625,2460.378173828125,108.66429138183594,48.38389205932617,6.4,70
Not Sweet,228.7739715576172,171.02711486816406,360.5937194824219,2233.016357421875,103.81938934326172,45.42161560058594,6.4,70
Not Sweet,226.3402099609375,160.86709594726562,349.935791015625,2053.215087890625,103.12725830078124,51.34617233276367,6.4,70
Not Sweet,192.2674865722656,138.85369873046875,276.2183532714844,2185.4560546875,101.05087280273438,42.45933532714844,6.4,70
Not Sweet,244.9990692138672,170.18045043945312,348.1594543457031,2311.89697265625,98.97447967529295,45.42161560058594,6.4,70
Not Sweet,219.03890991210932,150.70706176757812,305.5276794433594,2038.135009765625,99.66661071777344,47.39646911621094,6.4,70
Not Sweet,223.09518432617188,163.4071044921875,349.935791015625,2183.135986328125,110.04855346679688,53.32102584838867,6.4,70
Not Sweet,240.1315460205078,161.71376037597656,358.8174133300781,2227.21630859375,107.97216033935548,53.32102584838867,6.4,70
Not Sweet,239.32028198242188,176.1071319580078,382.79779052734375,2467.338134765625,114.20132446289062,50.35874557495117,6.4,70
Not Sweet,194.7012481689453,144.78038024902344,340.166015625,2396.57763671875,112.81707000732422,53.32102584838867,6.4,70
Not Sweet,221.47267150878903,155.78707885742188,333.0606994628906,2146.015869140625,112.81707000732422,55.29587936401367,6.4,70
Not Sweet,238.509033203125,167.64044189453125,352.60028076171875,2207.496337890625,109.3564224243164,52.33359909057617,6.4,70
Not Sweet,228.7739715576172,161.71376037597656,341.0541687011719,2027.6949462890625,112.12493896484376,52.33359909057617,6.4,70
Not Sweet,228.7739715576172,159.1737518310547,350.8239440917969,2098.45556640625,111.43280792236328,56.28330612182617,6.4,70
Sweet,214.1713714599609,149.8603973388672,328.6199035644531,2403.53759765625,119.73835754394533,53.32102584838867,8.0,71
Sweet,259.6016845703125,174.41378784179688,363.2582092285156,2448.778076171875,111.43280792236328,42.45933532714844,8.0,71
Sweet,301.78692626953125,209.1272125244141,432.5348510742188,2730.66015625,110.74068450927734,43.44676208496094,8.0,71
Sweet,248.2440948486328,171.873779296875,391.6793823242188,2413.977783203125,113.50920104980467,50.35874557495117,8.0,71
Sweet,250.6778564453125,175.26046752929688,365.0345458984375,2432.537841796875,112.12493896484376,50.35874557495117,8.0,71
Sweet,246.62158203125,171.873779296875,368.5871887207031,2441.818115234375,111.43280792236328,47.39646911621094,8.0,71
Sweet,248.2440948486328,173.56712341308594,361.4819030761719,2359.457275390625,113.50920104980467,50.35874557495117,8.0,71
Sweet,244.9990692138672,160.86709594726562,368.5871887207031,2424.41796875,119.04623413085938,55.29587936401367,8.0,71
Sweet,244.9990692138672,172.720458984375,344.6068115234375,2336.25732421875,119.73835754394533,54.30845260620117,8.0,71
Sweet,244.9990692138672,171.873779296875,363.2582092285156,2249.256591796875,118.3541030883789,52.33359909057617,8.0,71
Sweet,289.6181030273437,198.1205291748047,432.5348510742188,2710.93994140625,111.43280792236328,47.39646911621094,8.0,71
Sweet,261.22418212890625,186.26715087890625,396.1202087402344,2511.41845703125,112.12493896484376,48.38389205932617,8.0,71
Sweet,256.3566589355469,181.1871490478516,377.46881103515625,2441.818115234375,114.20132446289062,48.38389205932617,8.0,71
Sweet,240.9427947998047,171.873779296875,378.3569641113281,2407.017822265625,115.58558654785156,54.30845260620117,8.0,71
Sweet,230.396484375,163.4071044921875,345.4949645996094,2558.978759765625,114.8934555053711,53.32102584838867,8.0,71
Sweet,249.8666076660156,177.80047607421875,372.1398315429688,2344.377197265625,116.96984100341795,54.30845260620117,8.0,71
Sweet,239.32028198242188,165.10043334960938,364.1463928222656,2181.97607421875,114.8934555053711,53.32102584838867,8.0,71
Sweet,231.20773315429688,162.5604248046875,340.166015625,2079.895263671875,110.04855346679688,53.32102584838867,8.0,71
Sweet,225.5289459228516,161.71376037597656,356.1529235839844,2184.296142578125,116.96984100341795,53.32102584838867,8.0,71
Sweet,222.283935546875,152.40040588378906,341.9423217773437,2209.81640625,114.20132446289062,51.34617233276367,8.0,71
Sweet,247.432846069336,176.95379638671875,343.7186584472656,2355.977294921875,113.50920104980467,52.33359909057617,8.0,71
Sweet,266.0917053222656,187.9604949951172,389.0149230957031,2546.21875,106.58790588378906,46.40904235839844,8.0,71
Sweet,271.7705078125,181.1871490478516,405.8899841308594,2510.258544921875,112.81707000732422,44.43418884277344,8.0,71
Sweet,279.883056640625,197.2738494873047,400.5610046386719,2782.860595703125,116.27771759033205,48.38389205932617,8.0,71
Sweet,279.0718078613281,204.04721069335932,428.0940246582031,2731.820068359375,122.5068817138672,52.33359909057617,8.0,71
Sweet,274.2042541503906,190.50050354003903,406.7781372070313,2477.7783203125,125.27539825439452,58.25815582275391,8.0,71
Sweet,257.1679077148437,175.26046752929688,370.363525390625,2353.6572265625,121.81475067138672,54.30845260620117,8.0,71
Sweet,249.05535888671875,167.64044189453125,355.2647705078125,2201.6962890625,113.50920104980467,48.38389205932617,8.0,71
Sweet,248.2440948486328,178.6471405029297,358.8174133300781,2444.137939453125,105.20364379882812,47.39646911621094,8.0,71
Sweet,257.9791564941406,188.80715942382807,382.79779052734375,2724.860107421875,110.74068450927734,45.42161560058594,8.0,71
Sweet,245.81033325195312,181.1871490478516,392.5675659179688,2500.978515625,110.74068450927734,47.39646911621094,8.0,71
Sweet,262.8466796875,182.0338134765625,390.7912292480469,2649.45947265625,111.43280792236328,49.37131881713867,8.0,71
Not Sweet,257.9791564941406,179.49380493164062,396.1202087402344,2213.29638671875,111.43280792236328,46.40904235839844,7.0,72
Not Sweet,251.48912048339844,180.3404693603516,384.5740966796875,2345.537353515625,114.8934555053711,54.30845260620117,7.0,72
Not Sweet,249.8666076660156,181.1871490478516,389.0149230957031,2427.89794921875,117.66197204589844,54.30845260620117,7.0,72
Not Sweet,273.3930053710937,179.49380493164062,397.0083618164063,2823.460693359375,116.96984100341795,45.42161560058594,7.0,72
Not Sweet,259.6016845703125,195.5805206298828,407.6663208007813,2755.020263671875,127.3517837524414,51.34617233276367,7.0,72
Not Sweet,268.5254821777344,187.11383056640625,394.3438720703125,2311.89697265625,119.73835754394533,52.33359909057617,7.0,72
Not Sweet,253.92288208007807,178.6471405029297,381.0214538574219,2423.2578125,119.73835754394533,57.27073287963867,7.0,72
Not Sweet,251.48912048339844,178.6471405029297,388.1267395019531,2647.139404296875,116.27771759033205,53.32102584838867,7.0,72
Not Sweet,231.20773315429688,161.71376037597656,342.8305053710937,2361.77734375,116.96984100341795,53.32102584838867,7.0,72
Not Sweet,244.1878204345703,171.02711486816406,365.0345458984375,2251.57666015625,111.43280792236328,45.42161560058594,7.0,72
Not Sweet,194.7012481689453,134.620361328125,333.9488830566406,2103.095458984375,112.12493896484376,54.30845260620117,7.0,72
Not Sweet,205.24757385253903,152.40040588378906,321.5146179199219,2315.376953125,110.04855346679688,49.37131881713867,7.0,72
Not Sweet,214.1713714599609,162.5604248046875,349.935791015625,2427.89794921875,105.8957748413086,46.40904235839844,7.0,72
Not Sweet,232.8302459716797,163.4071044921875,304.6395263671875,2315.376953125,112.12493896484376,48.38389205932617,7.0,72
Not Sweet,254.734130859375,184.5738220214844,387.2385864257813,2397.73779296875,116.27771759033205,55.29587936401367,7.0,72
Not Sweet,278.2605285644531,191.34716796875,407.6663208007813,2490.538330078125,129.4281768798828,56.28330612182617,7.0,72
Not Sweet,255.5453948974609,182.88047790527344,391.6793823242188,2366.41748046875,115.58558654785156,44.43418884277344,7.0,72
Not Sweet,249.05535888671875,174.41378784179688,386.3504333496094,2236.49658203125,119.04623413085938,47.39646911621094,7.0,72
Not Sweet,227.9627227783203,155.78707885742188,328.6199035644531,1987.0946044921875,108.66429138183594,49.37131881713867,7.0,72
Not Sweet,225.5289459228516,159.1737518310547,333.9488830566406,2075.25537109375,105.8957748413086,49.37131881713867,7.0,72
Not Sweet,229.5852203369141,160.86709594726562,347.27130126953125,2175.01611328125,114.20132446289062,52.33359909057617,7.0,72
Not Sweet,238.509033203125,169.3337860107422,365.9226989746094,2355.977294921875,110.04855346679688,49.37131881713867,7.0,72
Not Sweet,231.20773315429688,166.7937774658203,357.9292297363281,2396.57763671875,107.28003692626952,48.38389205932617,7.0,72
Not Sweet,200.38003540039065,154.94041442871094,330.396240234375,2590.299072265625,107.28003692626952,44.43418884277344,7.0,72
Not Sweet,259.6016845703125,178.6471405029297,379.2451171875,2658.739501953125,106.58790588378906,47.39646911621094,7.0,72
Not Sweet,219.85015869140625,165.10043334960938,343.7186584472656,2296.81689453125,106.58790588378906,38.50962829589844,7.0,72
Not Sweet,238.509033203125,157.48040771484375,355.2647705078125,2202.856201171875,109.3564224243164,45.42161560058594,7.0,72
Not Sweet,284.7505798339844,200.6605224609375,435.1993408203125,2764.30029296875,119.04623413085938,49.37131881713867,7.0,72
Not Sweet,272.5817565917969,187.11383056640625,366.8108520507813,2547.378662109375,112.12493896484376,41.47190856933594,7.0,72
Not Sweet,243.37657165527344,172.720458984375,381.0214538574219,2318.857177734375,121.81475067138672,54.30845260620117,7.0,72
Not Sweet,231.20773315429688,164.25376892089844,354.3765869140625,2091.495361328125,106.58790588378906,52.33359909057617,7.0,72
Not Sweet,228.7739715576172,161.71376037597656,351.71209716796875,2106.575439453125,107.97216033935548,53.32102584838867,7.0,72
Sweet,245.81033325195312,173.56712341308594,354.3765869140625,2264.336669921875,113.50920104980467,50.35874557495117,8.4,73
Sweet,251.48912048339844,170.18045043945312,359.70556640625,2150.65576171875,103.12725830078124,47.39646911621094,8.4,73
Sweet,262.8466796875,186.26715087890625,397.89654541015625,2603.05908203125,111.43280792236328,50.35874557495117,8.4,73
Sweet,262.8466796875,182.88047790527344,405.8899841308594,2555.498779296875,112.12493896484376,52.33359909057617,8.4,73
Sweet,230.396484375,170.18045043945312,365.0345458984375,2387.297607421875,109.3564224243164,40.48448181152344,8.4,73
Sweet,264.4692077636719,185.4204864501953,395.2320556640625,2576.37890625,111.43280792236328,41.47190856933594,8.4,73
Sweet,246.62158203125,175.26046752929688,362.37005615234375,2253.896728515625,118.3541030883789,54.30845260620117,8.4,73
Sweet,269.33673095703125,183.72715759277344,372.1398315429688,2325.817138671875,116.96984100341795,54.30845260620117,8.4,73
Sweet,247.432846069336,176.1071319580078,361.4819030761719,2323.4970703125,114.8934555053711,50.35874557495117,8.4,73
Sweet,254.734130859375,176.95379638671875,371.2516784667969,2293.3369140625,114.20132446289062,51.34617233276367,8.4,73
Sweet,224.7176971435547,159.1737518310547,346.3831481933594,2034.655029296875,105.8957748413086,52.33359909057617,8.4,73
Sweet,225.5289459228516,160.86709594726562,342.8305053710937,2208.65625,107.97216033935548,50.35874557495117,8.4,73
Sweet,232.8302459716797,170.18045043945312,364.1463928222656,2200.5361328125,116.96984100341795,52.33359909057617,8.4,73
Sweet,238.509033203125,171.02711486816406,365.9226989746094,2266.65673828125,110.74068450927734,51.34617233276367,8.4,73
Sweet,253.92288208007807,182.88047790527344,387.2385864257813,2468.498291015625,121.12261962890624,53.32102584838867,8.4,73
Sweet,262.0354309082031,183.72715759277344,377.46881103515625,2467.338134765625,114.8934555053711,51.34617233276367,8.4,73
Sweet,262.8466796875,182.0338134765625,380.13330078125,2376.857421875,119.04623413085938,53.32102584838867,8.4,73
Sweet,266.0917053222656,180.3404693603516,406.7781372070313,2329.297119140625,115.58558654785156,44.43418884277344,8.4,73
Sweet,236.0752716064453,165.9470977783203,357.04107666015625,2217.936279296875,112.81707000732422,50.35874557495117,8.4,73
Sweet,234.4527587890625,158.32708740234375,347.27130126953125,2289.85693359375,103.81938934326172,46.40904235839844,8.4,73
Sweet,222.283935546875,154.09373474121094,325.0672607421875,2035.8150634765625,103.12725830078124,48.38389205932617,8.4,73
Sweet,229.5852203369141,160.86709594726562,349.0476379394531,2071.775390625,102.43512725830078,44.43418884277344,8.4,73
Sweet,239.32028198242188,168.4871063232422,357.9292297363281,2265.49658203125,102.43512725830078,47.39646911621094,8.4,73
Sweet,222.283935546875,158.32708740234375,333.0606994628906,2136.73583984375,99.66661071777344,46.40904235839844,8.4,73
Sweet,227.9627227783203,155.78707885742188,327.73175048828125,2034.655029296875,106.58790588378906,48.38389205932617,8.4,73
Sweet,219.03890991210932,149.01373291015625,321.5146179199219,2048.5751953125,107.28003692626952,50.35874557495117,8.4,73
Sweet,233.6415100097656,164.25376892089844,348.1594543457031,2192.416259765625,108.66429138183594,53.32102584838867,8.4,73
Sweet,231.20773315429688,165.10043334960938,352.60028076171875,2304.93701171875,113.50920104980467,54.30845260620117,8.4,73
Sweet,239.32028198242188,168.4871063232422,368.5871887207031,2215.6162109375,112.81707000732422,53.32102584838867,8.4,73
Sweet,214.98263549804688,149.8603973388672,338.3896789550781,2318.857177734375,112.12493896484376,52.33359909057617,8.4,73
Sweet,236.0752716064453,163.4071044921875,343.7186584472656,2291.016845703125,121.12261962890624,58.25815582275391,8.4,73
Sweet,248.2440948486328,174.41378784179688,349.0476379394531,2318.857177734375,116.96984100341795,51.34617233276367,8.4,73
Not Sweet,256.3566589355469,179.49380493164062,374.8043212890625,2371.057373046875,118.3541030883789,54.30845260620117,7.8,74
Not Sweet,234.4527587890625,153.2470703125,330.396240234375,2432.537841796875,117.66197204589844,49.37131881713867,7.8,74
Not Sweet,261.22418212890625,175.26046752929688,353.4884338378906,2442.97802734375,112.81707000732422,42.45933532714844,7.8,74
Not Sweet,280.6943054199219,199.81385803222656,421.87689208984375,2758.500244140625,119.73835754394533,49.37131881713867,7.8,74
Not Sweet,258.7904052734375,186.26715087890625,415.6597595214844,2666.859619140625,131.5045623779297,57.27073287963867,7.8,74
Not Sweet,255.5453948974609,187.11383056640625,399.6728515625,2585.658935546875,119.73835754394533,56.28330612182617,7.8,74
Not Sweet,213.3601226806641,139.7003631591797,297.53424072265625,2549.69873046875,110.04855346679688,47.39646911621094,7.8,74
Not Sweet,243.37657165527344,165.10043334960938,352.60028076171875,2354.8173828125,114.20132446289062,51.34617233276367,7.8,74
Not Sweet,253.11163330078125,183.72715759277344,371.2516784667969,2352.497314453125,108.66429138183594,47.39646911621094,7.8,74
Not Sweet,245.81033325195312,165.10043334960938,342.8305053710937,2534.61865234375,115.58558654785156,51.34617233276367,7.8,74
Not Sweet,186.5886993408203,129.54034423828125,292.20526123046875,2337.417236328125,108.66429138183594,45.42161560058594,7.8,74
Not Sweet,214.1713714599609,171.02711486816406,352.60028076171875,2465.01806640625,109.3564224243164,47.39646911621094,7.8,74
Not Sweet,227.1514587402344,156.6337432861328,341.9423217773437,2324.6572265625,114.8934555053711,53.32102584838867,7.8,74
Not Sweet,246.62158203125,173.56712341308594,348.1594543457031,2287.536865234375,97.59022521972656,39.49705505371094,7.8,74
Not Sweet,266.0917053222656,180.3404693603516,367.6990356445313,2352.497314453125,110.04855346679688,46.40904235839844,7.8,74
Not Sweet,268.5254821777344,181.1871490478516,374.8043212890625,2390.777587890625,114.8934555053711,44.43418884277344,7.8,74
Not Sweet,225.5289459228516,140.5470428466797,304.6395263671875,1968.5345458984373,116.96984100341795,51.34617233276367,7.8,74
Not Sweet,214.98263549804688,138.0070343017578,289.540771484375,2135.57568359375,114.20132446289062,51.34617233276367,7.8,74
Not Sweet,205.24757385253903,148.16705322265625,295.7579040527344,2045.0950927734373,108.66429138183594,50.35874557495117,7.8,74
Not Sweet,229.5852203369141,158.32708740234375,341.9423217773437,2034.655029296875,115.58558654785156,53.32102584838867,7.8,74
Not Sweet,214.98263549804688,153.2470703125,311.74481201171875,1948.8143310546875,96.20596313476562,38.50962829589844,7.8,74
Not Sweet,209.3038482666016,146.47372436523438,318.8501281738281,2173.85595703125,94.82170867919922,44.43418884277344,7.8,74
Not Sweet,179.2873992919922,128.6936798095703,296.6460876464844,1904.7340087890625,100.3587417602539,50.35874557495117,7.8,74
Not Sweet,212.5488739013672,143.9337158203125,285.9881286621094,1854.8536376953125,96.20596313476562,43.44676208496094,7.8,74
Not Sweet,227.1514587402344,155.78707885742188,326.84356689453125,2046.255126953125,105.8957748413086,48.38389205932617,7.8,74
Not Sweet,214.1713714599609,147.3203887939453,321.5146179199219,2110.0556640625,111.43280792236328,50.35874557495117,7.8,74
Not Sweet,210.9263610839844,154.94041442871094,337.50152587890625,2134.415771484375,110.74068450927734,51.34617233276367,7.8,74
Not Sweet,227.9627227783203,165.10043334960938,345.4949645996094,2199.376220703125,110.04855346679688,46.40904235839844,7.8,74
Not Sweet,252.3003692626953,166.7937774658203,342.8305053710937,2344.377197265625,113.50920104980467,46.40904235839844,7.8,74
Not Sweet,224.7176971435547,159.1737518310547,323.2909240722656,2362.9375,110.74068450927734,41.47190856933594,7.8,74
Not Sweet,223.09518432617188,152.40040588378906,334.8370361328125,2054.375244140625,103.81938934326172,40.48448181152344,7.8,74
Not Sweet,227.9627227783203,157.48040771484375,342.8305053710937,2248.0966796875,103.12725830078124,48.38389205932617,7.8,74
Not Sweet,280.6943054199219,192.19384765625,407.6663208007813,2405.857666015625,114.20132446289062,34.5599250793457,7.0,75
Not Sweet,253.11163330078125,171.873779296875,367.6990356445313,2163.416015625,122.5068817138672,55.29587936401367,7.0,75
Not Sweet,235.26400756835932,156.6337432861328,344.6068115234375,2159.93603515625,116.96984100341795,49.37131881713867,7.0,75
Not Sweet,243.37657165527344,162.5604248046875,320.6264343261719,2267.816650390625,107.28003692626952,42.45933532714844,7.0,75
Not Sweet,238.509033203125,161.71376037597656,355.2647705078125,2325.817138671875,112.81707000732422,41.47190856933594,7.0,75
Not Sweet,264.4692077636719,182.88047790527344,392.5675659179688,2498.658447265625,117.66197204589844,50.35874557495117,7.0,75
Not Sweet,232.8302459716797,174.41378784179688,367.6990356445313,2511.41845703125,114.20132446289062,41.47190856933594,7.0,75
Not Sweet,279.0718078613281,189.65383911132807,412.1071166992188,2632.059326171875,120.43048858642578,47.39646911621094,7.0,75
Not Sweet,275.8267822265625,174.41378784179688,333.0606994628906,2527.65869140625,116.27771759033205,41.47190856933594,7.0,75
Not Sweet,269.33673095703125,187.11383056640625,393.4557189941406,2591.458984375,120.43048858642578,49.37131881713867,7.0,75
Not Sweet,246.62158203125,163.4071044921875,349.0476379394531,2481.25830078125,112.81707000732422,46.40904235839844,7.0,75
Not Sweet,199.5687866210937,127.84700012207033,288.6526184082031,2387.297607421875,118.3541030883789,52.33359909057617,7.0,75
Not Sweet,244.1878204345703,166.7937774658203,378.3569641113281,2349.017333984375,120.43048858642578,53.32102584838867,7.0,75
Not Sweet,238.509033203125,165.10043334960938,349.935791015625,2213.29638671875,116.96984100341795,52.33359909057617,7.0,75
Not Sweet,231.20773315429688,159.1737518310547,321.5146179199219,2239.9765625,109.3564224243164,46.40904235839844,7.0,75
Not Sweet,225.5289459228516,150.70706176757812,333.0606994628906,2085.6953125,108.66429138183594,43.44676208496094,7.0,75
Not Sweet,195.51251220703125,142.24037170410156,279.77099609375,2202.856201171875,101.74300384521484,36.5347785949707,7.0,75
Not Sweet,245.81033325195312,177.80047607421875,392.5675659179688,2466.17822265625,113.50920104980467,53.32102584838867,7.0,75
Not Sweet,189.0224609375,133.773681640625,330.396240234375,2216.7763671875,114.8934555053711,51.34617233276367,7.0,75
Not Sweet,229.5852203369141,149.01373291015625,303.7513732910156,2202.856201171875,112.12493896484376,50.35874557495117,7.0,75
Not Sweet,236.8865203857422,177.80047607421875,357.04107666015625,2384.9775390625,108.66429138183594,43.44676208496094,7.0,75
Not Sweet,224.7176971435547,169.3337860107422,344.6068115234375,2596.09912109375,106.58790588378906,38.50962829589844,7.0,75
Not Sweet,239.32028198242188,170.18045043945312,378.3569641113281,2282.896728515625,111.43280792236328,44.43418884277344,7.0,75
Not Sweet,223.90643310546875,160.86709594726562,325.0672607421875,2289.85693359375,107.28003692626952,34.5599250793457,7.0,75
Not Sweet,237.69778442382807,169.3337860107422,370.363525390625,2469.658203125,112.12493896484376,49.37131881713867,7.0,75
Not Sweet,255.5453948974609,176.95379638671875,387.2385864257813,2293.3369140625,110.04855346679688,43.44676208496094,7.0,75
Not Sweet,214.1713714599609,147.3203887939453,330.396240234375,2367.577392578125,110.04855346679688,39.49705505371094,7.0,75
Not Sweet,227.1514587402344,156.6337432861328,318.8501281738281,2262.0166015625,106.58790588378906,42.45933532714844,7.0,75
Not Sweet,179.2873992919922,145.62704467773438,337.50152587890625,2380.337646484375,110.04855346679688,48.38389205932617,7.0,75
Not Sweet,213.3601226806641,159.1737518310547,349.935791015625,2376.857421875,116.27771759033205,48.38389205932617,7.0,75
Not Sweet,235.26400756835932,164.25376892089844,336.6133728027344,2549.69873046875,104.5115203857422,33.5724983215332,7.0,75
Not Sweet,240.1315460205078,157.48040771484375,324.1791076660156,2172.696044921875,105.20364379882812,37.52220153808594,7.0,75
Not Sweet,298.5419311523437,207.4338836669922,433.4230041503906,2512.57861328125,123.8911361694336,53.32102584838867,7.8,76
Not Sweet,280.6943054199219,196.4271850585937,431.6466674804688,2607.69921875,124.58326721191406,59.245582580566406,7.8,76
Not Sweet,296.9194030761719,205.74053955078125,421.87689208984375,2684.259765625,123.8911361694336,57.27073287963867,7.8,76
Not Sweet,275.8267822265625,191.34716796875,397.89654541015625,2410.497802734375,119.04623413085938,57.27073287963867,7.8,76
Not Sweet,257.1679077148437,176.95379638671875,397.0083618164063,2488.21826171875,116.96984100341795,51.34617233276367,7.8,76
Not Sweet,243.37657165527344,172.720458984375,370.363525390625,2286.376953125,114.8934555053711,52.33359909057617,7.8,76
Not Sweet,262.8466796875,175.26046752929688,331.2843933105469,2286.376953125,104.5115203857422,46.40904235839844,7.8,76
Not Sweet,257.9791564941406,171.873779296875,357.9292297363281,2357.137451171875,114.20132446289062,49.37131881713867,7.8,76
Not Sweet,265.28045654296875,175.26046752929688,366.8108520507813,2354.8173828125,115.58558654785156,53.32102584838867,7.8,76
Not Sweet,270.959228515625,192.19384765625,424.5413818359375,2517.218505859375,113.50920104980467,45.42161560058594,7.8,76
Not Sweet,244.1878204345703,173.56712341308594,351.71209716796875,2193.576171875,115.58558654785156,54.30845260620117,7.8,76
Not Sweet,256.3566589355469,176.1071319580078,371.2516784667969,2461.5380859375,110.74068450927734,46.40904235839844,7.8,76
Not Sweet,262.8466796875,181.1871490478516,365.0345458984375,2155.2958984375,107.97216033935548,45.42161560058594,7.8,76
Not Sweet,275.8267822265625,189.65383911132807,382.79779052734375,2339.7373046875,118.3541030883789,49.37131881713867,7.8,76
Not Sweet,268.5254821777344,187.11383056640625,397.89654541015625,2469.658203125,118.3541030883789,51.34617233276367,7.8,76
Not Sweet,251.48912048339844,180.3404693603516,361.4819030761719,2115.855712890625,112.81707000732422,49.37131881713867,7.8,76
Not Sweet,277.44927978515625,188.80715942382807,402.33734130859375,2299.136962890625,111.43280792236328,47.39646911621094,7.8,76
Not Sweet,232.0189971923828,157.48040771484375,349.0476379394531,1954.6143798828125,116.27771759033205,56.28330612182617,7.8,76
Not Sweet,236.0752716064453,160.86709594726562,324.1791076660156,1987.0946044921875,108.66429138183594,51.34617233276367,7.8,76
Not Sweet,225.5289459228516,154.09373474121094,320.6264343261719,1937.2142333984373,102.43512725830078,48.38389205932617,7.8,76
Not Sweet,254.734130859375,173.56712341308594,351.71209716796875,2251.57666015625,109.3564224243164,48.38389205932617,7.8,76
Not Sweet,269.33673095703125,180.3404693603516,387.2385864257813,2316.537109375,110.04855346679688,45.42161560058594,7.8,76
Not Sweet,275.8267822265625,197.2738494873047,408.5544738769531,2673.81982421875,107.97216033935548,46.40904235839844,7.8,76
Not Sweet,275.0155334472656,192.19384765625,394.3438720703125,2583.339111328125,108.66429138183594,49.37131881713867,7.8,76
Not Sweet,251.48912048339844,174.41378784179688,386.3504333496094,2294.496826171875,112.81707000732422,55.29587936401367,7.8,76
Not Sweet,256.3566589355469,178.6471405029297,393.4557189941406,2316.537109375,112.81707000732422,51.34617233276367,7.8,76
Not Sweet,283.1280822753906,198.1205291748047,410.330810546875,2487.058349609375,113.50920104980467,51.34617233276367,7.8,76
Not Sweet,265.28045654296875,176.1071319580078,378.3569641113281,2148.3359375,118.3541030883789,55.29587936401367,7.8,76
Not Sweet,268.5254821777344,182.0338134765625,384.5740966796875,2291.016845703125,119.73835754394533,57.27073287963867,7.8,76
Not Sweet,244.1878204345703,173.56712341308594,378.3569641113281,2332.777099609375,118.3541030883789,53.32102584838867,7.8,76
Not Sweet,244.9990692138672,170.18045043945312,352.60028076171875,2105.41552734375,110.74068450927734,50.35874557495117,7.8,76
Not Sweet,254.734130859375,182.0338134765625,386.3504333496094,2402.377685546875,110.74068450927734,50.35874557495117,7.8,76
Not Sweet,241.75405883789065,179.49380493164062,365.0345458984375,2514.8984375,120.43048858642578,48.38389205932617,6.0,77
Not Sweet,269.33673095703125,187.11383056640625,409.442626953125,2367.577392578125,120.43048858642578,53.32102584838867,6.0,77
Not Sweet,245.81033325195312,174.41378784179688,360.5937194824219,2317.697021484375,113.50920104980467,47.39646911621094,6.0,77
Not Sweet,285.56182861328125,196.4271850585937,382.79779052734375,2194.736083984375,128.7360382080078,59.245582580566406,6.0,77
Not Sweet,314.7670288085937,208.28054809570312,443.1927795410156,2830.4208984375,137.7337188720703,57.27073287963867,6.0,77
Not Sweet,308.2769775390625,209.9738922119141,442.30462646484375,2635.539306640625,128.7360382080078,53.32102584838867,6.0,77
Not Sweet,286.3730773925781,193.0405120849609,412.1071166992188,2478.938232421875,125.27539825439452,45.42161560058594,6.0,77
Not Sweet,270.959228515625,182.0338134765625,381.0214538574219,2383.817626953125,112.12493896484376,49.37131881713867,6.0,77
Not Sweet,253.92288208007807,181.1871490478516,374.8043212890625,2239.9765625,121.81475067138672,55.29587936401367,6.0,77
Not Sweet,253.92288208007807,171.02711486816406,366.8108520507813,2168.055908203125,118.3541030883789,51.34617233276367,6.0,77
Not Sweet,246.62158203125,174.41378784179688,366.8108520507813,2079.895263671875,107.28003692626952,49.37131881713867,6.0,77
Not Sweet,244.1878204345703,167.64044189453125,362.37005615234375,2219.096435546875,114.20132446289062,50.35874557495117,6.0,77
Not Sweet,249.05535888671875,173.56712341308594,365.9226989746094,2310.737060546875,113.50920104980467,50.35874557495117,6.0,77
Not Sweet,261.22418212890625,177.80047607421875,377.46881103515625,2390.777587890625,120.43048858642578,54.30845260620117,6.0,77
Not Sweet,253.92288208007807,176.95379638671875,377.46881103515625,2255.056640625,116.96984100341795,57.27073287963867,6.0,77
Not Sweet,244.9990692138672,166.7937774658203,350.8239440917969,2173.85595703125,109.3564224243164,51.34617233276367,6.0,77
Not Sweet,257.9791564941406,182.88047790527344,354.3765869140625,2387.297607421875,107.28003692626952,45.42161560058594,6.0,77
Not Sweet,283.9393310546875,196.4271850585937,412.1071166992188,2531.138671875,112.81707000732422,48.38389205932617,6.0,77
Not Sweet,267.7142333984375,182.0338134765625,391.6793823242188,2371.057373046875,132.19668579101562,59.245582580566406,6.0,77
Not Sweet,262.0354309082031,177.80047607421875,381.0214538574219,2304.93701171875,121.81475067138672,55.29587936401367,6.0,77
Not Sweet,261.22418212890625,183.72715759277344,368.5871887207031,2607.69921875,118.3541030883789,49.37131881713867,6.0,77
Not Sweet,257.9791564941406,187.9604949951172,415.6597595214844,2616.979248046875,123.19900512695312,52.33359909057617,6.0,77
Not Sweet,266.0917053222656,188.80715942382807,405.8899841308594,2513.738525390625,119.04623413085938,49.37131881713867,6.0,77
Not Sweet,275.0155334472656,198.9671936035156,411.2189636230469,2699.33984375,116.27771759033205,51.34617233276367,6.0,77
Not Sweet,279.883056640625,198.9671936035156,398.7846984863281,2503.29833984375,112.12493896484376,46.40904235839844,6.0,77
Not Sweet,279.0718078613281,195.5805206298828,420.9887390136719,2352.497314453125,118.3541030883789,51.34617233276367,6.0,77
Not Sweet,260.4129333496094,183.72715759277344,405.0018310546875,2366.41748046875,110.04855346679688,49.37131881713867,6.0,77
Not Sweet,234.4527587890625,163.4071044921875,358.8174133300781,1998.6947021484373,112.81707000732422,49.37131881713867,6.0,77
Not Sweet,278.2605285644531,192.19384765625,396.1202087402344,2528.818603515625,107.97216033935548,49.37131881713867,6.0,77
Not Sweet,270.1479797363281,186.26715087890625,379.2451171875,2630.8994140625,110.74068450927734,42.45933532714844,6.0,77
Not Sweet,274.2042541503906,197.2738494873047,415.6597595214844,2455.738037109375,119.73835754394533,49.37131881713867,6.0,77
Not Sweet,296.108154296875,209.9738922119141,430.7585144042969,2671.499755859375,123.19900512695312,55.29587936401367,6.0,77
Not Sweet,289.6181030273437,193.88717651367188,419.21240234375,2525.338623046875,129.4281768798828,53.32102584838867,7.4,78
Not Sweet,282.3168029785156,192.19384765625,406.7781372070313,2349.017333984375,125.96752166748048,52.33359909057617,7.4,78
Not Sweet,277.44927978515625,191.34716796875,388.1267395019531,2423.2578125,115.58558654785156,47.39646911621094,7.4,78
Not Sweet,257.1679077148437,177.80047607421875,343.7186584472656,2277.0966796875,108.66429138183594,48.38389205932617,7.4,78
Not Sweet,288.8068542480469,193.0405120849609,400.5610046386719,2424.41796875,120.43048858642578,48.38389205932617,7.4,78
Not Sweet,259.6016845703125,174.41378784179688,381.0214538574219,2336.25732421875,123.19900512695312,52.33359909057617,7.4,78
Not Sweet,254.734130859375,171.873779296875,364.1463928222656,2110.0556640625,125.27539825439452,55.29587936401367,7.4,78
Not Sweet,253.11163330078125,171.873779296875,365.9226989746094,2083.375244140625,125.27539825439452,53.32102584838867,7.4,78
Not Sweet,288.8068542480469,187.11383056640625,381.0214538574219,2498.658447265625,128.7360382080078,50.35874557495117,7.4,78
Not Sweet,271.7705078125,185.4204864501953,348.1594543457031,2487.058349609375,119.04623413085938,43.44676208496094,7.4,78
Not Sweet,249.05535888671875,176.1071319580078,356.1529235839844,2166.89599609375,112.81707000732422,43.44676208496094,7.4,78
Not Sweet,253.92288208007807,175.26046752929688,381.90960693359375,2373.37744140625,119.73835754394533,48.38389205932617,7.4,78
Not Sweet,232.0189971923828,154.09373474121094,317.07379150390625,2442.97802734375,125.27539825439452,49.37131881713867,7.4,78
Not Sweet,266.9029541015625,187.9604949951172,381.0214538574219,2449.93798828125,123.19900512695312,51.34617233276367,7.4,78
Not Sweet,262.0354309082031,184.5738220214844,371.2516784667969,2430.218017578125,126.65965270996094,53.32102584838867,7.4,78
Not Sweet,265.28045654296875,187.9604949951172,381.90960693359375,2337.417236328125,129.4281768798828,54.30845260620117,7.4,78
Not Sweet,267.7142333984375,186.26715087890625,391.6793823242188,2366.41748046875,125.96752166748048,56.28330612182617,7.4,78
Not Sweet,268.5254821777344,186.26715087890625,389.0149230957031,2248.0966796875,118.3541030883789,48.38389205932617,7.4,78
Not Sweet,251.48912048339844,176.1071319580078,375.6924743652344,2194.736083984375,119.73835754394533,49.37131881713867,7.4,78
Not Sweet,231.20773315429688,162.5604248046875,342.8305053710937,2021.8948974609373,115.58558654785156,49.37131881713867,7.4,78
Not Sweet,240.9427947998047,163.4071044921875,350.8239440917969,1989.4146728515625,114.20132446289062,51.34617233276367,7.4,78
Not Sweet,238.509033203125,167.64044189453125,346.3831481933594,2161.095947265625,120.43048858642578,55.29587936401367,7.4,78
Not Sweet,228.7739715576172,150.70706176757812,333.0606994628906,2125.1357421875,112.12493896484376,49.37131881713867,7.4,78
Not Sweet,229.5852203369141,153.2470703125,309.0803527832031,2040.455078125,104.5115203857422,39.49705505371094,7.4,78
Not Sweet,217.41639709472656,153.2470703125,325.9554138183594,2033.4949951171875,108.66429138183594,46.40904235839844,7.4,78
Not Sweet,232.0189971923828,154.94041442871094,317.9619445800781,1773.653076171875,114.8934555053711,53.32102584838867,7.4,78
Not Sweet,252.3003692626953,178.6471405029297,365.9226989746094,2250.41650390625,115.58558654785156,50.35874557495117,7.4,78
Not Sweet,294.48565673828125,198.1205291748047,389.0149230957031,2459.218017578125,116.27771759033205,44.43418884277344,7.4,78
Not Sweet,254.734130859375,177.80047607421875,381.0214538574219,2156.455810546875,125.96752166748048,48.38389205932617,7.4,78
Not Sweet,259.6016845703125,176.95379638671875,379.2451171875,2439.498046875,119.04623413085938,48.38389205932617,7.4,78
Not Sweet,247.432846069336,165.10043334960938,357.9292297363281,2395.417724609375,122.5068817138672,55.29587936401367,7.4,78
Not Sweet,263.657958984375,185.4204864501953,377.46881103515625,2285.216796875,126.65965270996094,53.32102584838867,7.4,78
Not Sweet,269.33673095703125,179.49380493164062,378.3569641113281,2372.217529296875,114.20132446289062,42.45933532714844,6.4,79
Not Sweet,283.1280822753906,190.50050354003903,385.4622497558594,2614.6591796875,128.04391479492188,54.30845260620117,6.4,79
Not Sweet,254.734130859375,167.64044189453125,360.5937194824219,2409.337646484375,123.19900512695312,48.38389205932617,6.4,79
Not Sweet,245.81033325195312,170.18045043945312,334.8370361328125,2237.656494140625,120.43048858642578,44.43418884277344,6.4,79
Not Sweet,242.5653076171875,183.72715759277344,369.475341796875,2605.379150390625,120.43048858642578,49.37131881713867,6.4,79
Not Sweet,232.8302459716797,162.5604248046875,350.8239440917969,2462.6982421875,131.5045623779297,53.32102584838867,6.4,79
Not Sweet,252.3003692626953,165.10043334960938,329.508056640625,2186.6162109375,122.5068817138672,42.45933532714844,6.4,79
Not Sweet,284.7505798339844,184.5738220214844,388.1267395019531,2304.93701171875,113.50920104980467,40.48448181152344,6.4,79
Not Sweet,264.4692077636719,170.18045043945312,364.1463928222656,2280.576904296875,124.58326721191406,52.33359909057617,6.4,79
Not Sweet,234.4527587890625,157.48040771484375,333.0606994628906,2081.055419921875,118.3541030883789,48.38389205932617,6.4,79
Not Sweet,223.90643310546875,156.6337432861328,325.0672607421875,2061.335205078125,107.28003692626952,45.42161560058594,6.4,79
Not Sweet,219.03890991210932,154.94041442871094,338.3896789550781,2139.0556640625,105.8957748413086,42.45933532714844,6.4,79
Not Sweet,225.5289459228516,159.1737518310547,331.2843933105469,2164.575927734375,111.43280792236328,42.45933532714844,6.4,79
Not Sweet,226.3402099609375,154.94041442871094,302.8632202148437,2266.65673828125,116.27771759033205,46.40904235839844,6.4,79
Not Sweet,258.7904052734375,169.3337860107422,350.8239440917969,2352.497314453125,119.73835754394533,43.44676208496094,6.4,79
Not Sweet,240.9427947998047,171.873779296875,347.27130126953125,2325.817138671875,112.81707000732422,40.48448181152344,6.4,79
Not Sweet,260.4129333496094,184.5738220214844,391.6793823242188,2237.656494140625,116.96984100341795,42.45933532714844,6.4,79
Not Sweet,253.92288208007807,170.18045043945312,367.6990356445313,2144.855712890625,121.12261962890624,50.35874557495117,6.4,79
Not Sweet,236.0752716064453,160.86709594726562,334.8370361328125,2068.295166015625,114.20132446289062,48.38389205932617,6.4,79
Not Sweet,177.66488647460938,139.7003631591797,318.8501281738281,2285.216796875,115.58558654785156,46.40904235839844,6.4,79
Not Sweet,196.32376098632807,145.62704467773438,318.8501281738281,2332.777099609375,123.8911361694336,50.35874557495117,6.4,79
Not Sweet,191.45623779296875,160.86709594726562,345.4949645996094,2492.8583984375,117.66197204589844,46.40904235839844,6.4,79
Not Sweet,276.6380310058594,182.88047790527344,367.6990356445313,2647.139404296875,124.58326721191406,46.40904235839844,6.4,79
Not Sweet,243.37657165527344,170.18045043945312,357.04107666015625,2227.21630859375,125.27539825439452,53.32102584838867,6.4,79
Not Sweet,224.7176971435547,144.78038024902344,303.7513732910156,2231.8564453125,110.04855346679688,48.38389205932617,6.4,79
Not Sweet,227.1514587402344,160.02041625976562,327.73175048828125,2060.17529296875,112.12493896484376,49.37131881713867,6.4,79
Not Sweet,234.4527587890625,165.9470977783203,345.4949645996094,2048.5751953125,109.3564224243164,48.38389205932617,6.4,79
Not Sweet,253.11163330078125,180.3404693603516,377.46881103515625,2306.096923828125,114.20132446289062,45.42161560058594,6.4,79
Not Sweet,255.5453948974609,178.6471405029297,372.1398315429688,2417.457763671875,114.8934555053711,45.42161560058594,6.4,79
Not Sweet,250.6778564453125,176.95379638671875,379.2451171875,2369.8974609375,119.04623413085938,51.34617233276367,6.4,79
Not Sweet,242.5653076171875,170.18045043945312,366.8108520507813,2205.17626953125,115.58558654785156,47.39646911621094,6.4,79
Not Sweet,252.3003692626953,168.4871063232422,366.8108520507813,2197.05615234375,109.3564224243164,33.5724983215332,6.4,79
Not Sweet,293.67437744140625,204.8938751220703,418.3242492675781,2645.9794921875,136.34945678710938,54.30845260620117,6.8,80
Not Sweet,285.56182861328125,199.81385803222656,422.76507568359375,2541.57861328125,134.9652099609375,54.30845260620117,6.8,80
Not Sweet,256.3566589355469,182.88047790527344,362.37005615234375,2282.896728515625,116.27771759033205,51.34617233276367,6.8,80
Not Sweet,257.9791564941406,183.72715759277344,363.2582092285156,2286.376953125,116.96984100341795,51.34617233276367,6.8,80
Not Sweet,257.9791564941406,176.95379638671875,368.5871887207031,2166.89599609375,119.04623413085938,52.33359909057617,6.8,80
Not Sweet,252.3003692626953,171.873779296875,372.1398315429688,2140.2158203125,124.58326721191406,52.33359909057617,6.8,80
Not Sweet,253.92288208007807,173.56712341308594,355.2647705078125,2113.53564453125,116.27771759033205,50.35874557495117,6.8,80
Not Sweet,255.5453948974609,180.3404693603516,389.0149230957031,2259.696533203125,121.12261962890624,54.30845260620117,6.8,80
Not Sweet,252.3003692626953,176.1071319580078,373.0279846191406,2242.296630859375,112.12493896484376,51.34617233276367,6.8,80
Not Sweet,255.5453948974609,181.1871490478516,386.3504333496094,2336.25732421875,113.50920104980467,49.37131881713867,6.8,80
Not Sweet,251.48912048339844,174.41378784179688,373.0279846191406,2265.49658203125,122.5068817138672,54.30845260620117,6.8,80
Not Sweet,244.1878204345703,170.18045043945312,360.5937194824219,2150.65576171875,121.81475067138672,55.29587936401367,6.8,80
Not Sweet,252.3003692626953,176.1071319580078,358.8174133300781,2287.536865234375,122.5068817138672,50.35874557495117,6.8,80
Not Sweet,255.5453948974609,172.720458984375,373.9161682128906,2096.135498046875,123.8911361694336,44.43418884277344,6.8,80
Not Sweet,247.432846069336,167.64044189453125,330.396240234375,2016.0948486328125,111.43280792236328,47.39646911621094,6.8,80
Not Sweet,257.1679077148437,175.26046752929688,359.70556640625,2166.89599609375,119.73835754394533,52.33359909057617,6.8,80
Not Sweet,246.62158203125,170.18045043945312,340.166015625,2042.7750244140625,114.8934555053711,50.35874557495117,6.8,80
Not Sweet,237.69778442382807,171.873779296875,347.27130126953125,2077.5751953125,112.81707000732422,48.38389205932617,6.8,80
Not Sweet,253.11163330078125,175.26046752929688,372.1398315429688,2310.737060546875,121.81475067138672,52.33359909057617,6.8,80
Not Sweet,231.20773315429688,162.5604248046875,339.27783203125,2083.375244140625,115.58558654785156,53.32102584838867,6.8,80
Not Sweet,246.62158203125,171.02711486816406,357.04107666015625,2230.696533203125,117.66197204589844,51.34617233276367,6.8,80
Not Sweet,253.92288208007807,181.1871490478516,382.79779052734375,2456.898193359375,121.81475067138672,50.35874557495117,6.8,80
Not Sweet,270.1479797363281,186.26715087890625,383.6859436035156,2526.49853515625,122.5068817138672,50.35874557495117,6.8,80
Not Sweet,284.7505798339844,193.0405120849609,396.1202087402344,2563.618896484375,125.27539825439452,53.32102584838867,6.8,80
Not Sweet,259.6016845703125,174.41378784179688,374.8043212890625,2185.4560546875,126.65965270996094,57.27073287963867,6.8,80
Not Sweet,244.1878204345703,171.873779296875,365.0345458984375,2194.736083984375,121.12261962890624,54.30845260620117,6.8,80
Not Sweet,237.69778442382807,167.64044189453125,357.9292297363281,2076.415283203125,119.04623413085938,54.30845260620117,6.8,80
Not Sweet,264.4692077636719,187.11383056640625,405.8899841308594,2265.49658203125,121.12261962890624,52.33359909057617,6.8,80
Not Sweet,256.3566589355469,177.80047607421875,371.2516784667969,2311.89697265625,120.43048858642578,51.34617233276367,6.8,80
Not Sweet,253.92288208007807,175.26046752929688,372.1398315429688,2155.2958984375,118.3541030883789,53.32102584838867,6.8,80
Not Sweet,252.3003692626953,176.1071319580078,365.0345458984375,2136.73583984375,115.58558654785156,50.35874557495117,6.8,80
Not Sweet,241.75405883789065,172.720458984375,352.60028076171875,2159.93603515625,119.73835754394533,52.33359909057617,6.8,80
Not Sweet,257.9791564941406,182.0338134765625,374.8043212890625,2318.857177734375,116.27771759033205,49.37131881713867,7.0,81
Not Sweet,270.1479797363281,180.3404693603516,380.13330078125,2243.45654296875,126.65965270996094,54.30845260620117,7.0,81
Not Sweet,261.22418212890625,172.720458984375,359.70556640625,2144.855712890625,128.04391479492188,53.32102584838867,7.0,81
Not Sweet,253.11163330078125,166.7937774658203,354.3765869140625,2064.815185546875,121.12261962890624,47.39646911621094,7.0,81
Not Sweet,269.33673095703125,178.6471405029297,366.8108520507813,2214.456298828125,121.12261962890624,51.34617233276367,7.0,81
Not Sweet,255.5453948974609,180.3404693603516,376.5806579589844,2282.896728515625,125.27539825439452,55.29587936401367,7.0,81
Not Sweet,270.959228515625,193.88717651367188,409.442626953125,2497.498291015625,132.88882446289062,59.245582580566406,7.0,81
Not Sweet,267.7142333984375,190.50050354003903,398.7846984863281,2503.29833984375,132.88882446289062,57.27073287963867,7.0,81
Not Sweet,274.2042541503906,199.81385803222656,410.330810546875,2662.2197265625,140.5022430419922,57.27073287963867,7.0,81
Not Sweet,282.3168029785156,187.11383056640625,383.6859436035156,2345.537353515625,139.8101043701172,51.34617233276367,7.0,81
Not Sweet,257.9791564941406,178.6471405029297,370.363525390625,2361.77734375,127.3517837524414,47.39646911621094,7.0,81
Not Sweet,258.7904052734375,176.95379638671875,355.2647705078125,2221.416259765625,117.66197204589844,46.40904235839844,7.0,81
Not Sweet,271.7705078125,182.0338134765625,381.90960693359375,2391.937744140625,132.19668579101562,55.29587936401367,7.0,81
Not Sweet,252.3003692626953,173.56712341308594,351.71209716796875,2227.21630859375,121.81475067138672,54.30845260620117,7.0,81
Not Sweet,230.396484375,164.25376892089844,349.0476379394531,2157.615966796875,122.5068817138672,53.32102584838867,7.0,81
Not Sweet,258.7904052734375,172.720458984375,359.70556640625,2251.57666015625,113.50920104980467,48.38389205932617,7.0,81
Not Sweet,247.432846069336,170.18045043945312,348.1594543457031,2136.73583984375,112.81707000732422,47.39646911621094,7.0,81
Not Sweet,252.3003692626953,171.02711486816406,347.27130126953125,2062.4951171875,116.96984100341795,47.39646911621094,7.0,81
Not Sweet,268.5254821777344,180.3404693603516,372.1398315429688,2286.376953125,114.8934555053711,46.40904235839844,7.0,81
Not Sweet,250.6778564453125,174.41378784179688,362.37005615234375,2150.65576171875,115.58558654785156,50.35874557495117,7.0,81
Not Sweet,252.3003692626953,176.1071319580078,361.4819030761719,2107.735595703125,114.8934555053711,51.34617233276367,7.0,81
Not Sweet,265.28045654296875,187.9604949951172,377.46881103515625,2373.37744140625,118.3541030883789,50.35874557495117,7.0,81
Not Sweet,283.1280822753906,191.34716796875,418.3242492675781,2471.978271484375,130.12030029296875,50.35874557495117,7.0,81
Not Sweet,274.2042541503906,185.4204864501953,381.90960693359375,2441.818115234375,121.12261962890624,44.43418884277344,7.0,81
Not Sweet,281.50555419921875,188.80715942382807,369.475341796875,2389.61767578125,127.3517837524414,50.35874557495117,7.0,81
Not Sweet,271.7705078125,184.5738220214844,394.3438720703125,2528.818603515625,122.5068817138672,49.37131881713867,7.0,81
Not Sweet,253.92288208007807,174.41378784179688,378.3569641113281,2208.65625,122.5068817138672,52.33359909057617,7.0,81
Not Sweet,247.432846069336,175.26046752929688,364.1463928222656,2170.3759765625,123.19900512695312,53.32102584838867,7.0,81
Not Sweet,266.0917053222656,188.80715942382807,384.5740966796875,2277.0966796875,121.12261962890624,51.34617233276367,7.0,81
Not Sweet,262.8466796875,188.80715942382807,402.33734130859375,2372.217529296875,130.12030029296875,58.25815582275391,7.0,81
Not Sweet,261.22418212890625,179.49380493164062,389.903076171875,2184.296142578125,120.43048858642578,55.29587936401367,7.0,81
Not Sweet,243.37657165527344,170.18045043945312,365.0345458984375,2172.696044921875,118.3541030883789,51.34617233276367,7.0,81
Not Sweet,257.9791564941406,175.26046752929688,348.1594543457031,2333.937255859375,121.12261962890624,49.37131881713867,7.4,82
Not Sweet,235.26400756835932,177.80047607421875,364.1463928222656,2459.218017578125,125.27539825439452,50.35874557495117,7.4,82
Not Sweet,253.92288208007807,170.18045043945312,376.5806579589844,2306.096923828125,127.3517837524414,46.40904235839844,7.4,82
Not Sweet,247.432846069336,173.56712341308594,349.0476379394531,2402.377685546875,126.65965270996094,47.39646911621094,7.4,82
Not Sweet,273.3930053710937,187.11383056640625,383.6859436035156,2447.617919921875,122.5068817138672,49.37131881713867,7.4,82
Not Sweet,284.7505798339844,190.50050354003903,389.0149230957031,2352.497314453125,138.4258575439453,58.25815582275391,7.4,82
Not Sweet,242.5653076171875,181.1871490478516,379.2451171875,2626.25927734375,132.19668579101562,53.32102584838867,7.4,82
Not Sweet,228.7739715576172,165.10043334960938,340.166015625,2656.419677734375,127.3517837524414,43.44676208496094,7.4,82
Not Sweet,280.6943054199219,186.26715087890625,367.6990356445313,2279.416748046875,123.8911361694336,48.38389205932617,7.4,82
Not Sweet,257.1679077148437,181.1871490478516,381.90960693359375,2394.257568359375,119.73835754394533,44.43418884277344,7.4,82
Not Sweet,232.8302459716797,149.01373291015625,327.73175048828125,2105.41552734375,114.20132446289062,34.5599250793457,7.4,82
Not Sweet,220.6614227294922,148.16705322265625,324.1791076660156,2006.8148193359373,110.04855346679688,39.49705505371094,7.4,82
Not Sweet,228.7739715576172,159.1737518310547,312.63299560546875,2001.0147705078125,107.28003692626952,40.48448181152344,7.4,82
Not Sweet,231.20773315429688,152.40040588378906,341.9423217773437,2133.255615234375,116.96984100341795,48.38389205932617,7.4,82
Not Sweet,225.5289459228516,156.6337432861328,285.0999755859375,2068.295166015625,114.20132446289062,47.39646911621094,7.4,82
Not Sweet,237.69778442382807,170.18045043945312,346.3831481933594,2156.455810546875,111.43280792236328,45.42161560058594,7.4,82
Not Sweet,257.9791564941406,176.1071319580078,349.935791015625,2117.015625,116.27771759033205,48.38389205932617,7.4,82
Not Sweet,251.48912048339844,174.41378784179688,373.9161682128906,2331.6171875,124.58326721191406,48.38389205932617,7.4,82
Not Sweet,225.5289459228516,168.4871063232422,359.70556640625,2389.61767578125,125.96752166748048,50.35874557495117,7.4,82
Not Sweet,260.4129333496094,180.3404693603516,361.4819030761719,2231.8564453125,121.81475067138672,43.44676208496094,7.4,82
Not Sweet,253.92288208007807,175.26046752929688,364.1463928222656,2021.8948974609373,109.3564224243164,46.40904235839844,7.4,82
Not Sweet,222.283935546875,149.8603973388672,290.428955078125,2219.096435546875,114.8934555053711,40.48448181152344,7.4,82
Not Sweet,242.5653076171875,162.5604248046875,362.37005615234375,2193.576171875,120.43048858642578,48.38389205932617,7.4,82
Not Sweet,174.4198760986328,127.84700012207033,240.6918792724609,2057.855224609375,121.81475067138672,48.38389205932617,7.4,82
Not Sweet,265.28045654296875,182.88047790527344,372.1398315429688,2329.297119140625,118.3541030883789,48.38389205932617,7.4,82
Not Sweet,244.1878204345703,159.1737518310547,315.2974853515625,2241.136474609375,116.96984100341795,47.39646911621094,7.4,82
Not Sweet,165.49606323242188,136.31369018554688,295.7579040527344,2213.29638671875,115.58558654785156,46.40904235839844,7.4,82
Not Sweet,221.47267150878903,165.10043334960938,343.7186584472656,2169.216064453125,116.27771759033205,46.40904235839844,7.4,82
Not Sweet,249.05535888671875,173.56712341308594,371.2516784667969,2243.45654296875,110.74068450927734,45.42161560058594,7.4,82
Not Sweet,249.8666076660156,171.02711486816406,365.0345458984375,2280.576904296875,113.50920104980467,43.44676208496094,7.4,82
Not Sweet,216.6051483154297,174.41378784179688,356.1529235839844,2210.976318359375,111.43280792236328,45.42161560058594,7.4,82
Not Sweet,232.0189971923828,162.5604248046875,369.475341796875,2221.416259765625,112.81707000732422,47.39646911621094,7.4,82
Not Sweet,258.7904052734375,184.5738220214844,369.475341796875,2246.9365234375,115.58558654785156,49.37131881713867,7.8,83
Not Sweet,274.2042541503906,187.11383056640625,411.2189636230469,2426.73779296875,128.04391479492188,57.27073287963867,7.8,83
Not Sweet,287.99560546875,201.5072021484375,405.0018310546875,2401.2177734375,131.5045623779297,53.32102584838867,7.8,83
Not Sweet,274.2042541503906,193.88717651367188,418.3242492675781,2656.419677734375,137.04159545898438,57.27073287963867,7.8,83
Not Sweet,270.959228515625,194.7338409423828,408.5544738769531,2570.578857421875,127.3517837524414,48.38389205932617,7.8,83
Not Sweet,269.33673095703125,177.80047607421875,381.0214538574219,2497.498291015625,130.8124237060547,52.33359909057617,7.8,83
Not Sweet,291.2406311035156,201.5072021484375,399.6728515625,2592.619140625,126.65965270996094,50.35874557495117,7.8,83
Not Sweet,295.2969055175781,190.50050354003903,412.9952697753906,2822.30078125,130.8124237060547,50.35874557495117,7.8,83
Not Sweet,281.50555419921875,193.88717651367188,399.6728515625,2688.89990234375,117.66197204589844,44.43418884277344,7.8,83
Not Sweet,270.1479797363281,183.72715759277344,359.70556640625,2364.097412109375,117.66197204589844,48.38389205932617,7.8,83
Not Sweet,239.32028198242188,168.4871063232422,350.8239440917969,2236.49658203125,113.50920104980467,49.37131881713867,7.8,83
Not Sweet,246.62158203125,171.02711486816406,350.8239440917969,2236.49658203125,114.20132446289062,52.33359909057617,7.8,83
Not Sweet,247.432846069336,167.64044189453125,349.935791015625,2023.054931640625,114.20132446289062,49.37131881713867,7.8,83
Not Sweet,254.734130859375,182.0338134765625,380.13330078125,2366.41748046875,125.27539825439452,49.37131881713867,7.8,83
Not Sweet,251.48912048339844,165.10043334960938,353.4884338378906,2155.2958984375,120.43048858642578,53.32102584838867,7.8,83
Not Sweet,229.5852203369141,164.25376892089844,326.84356689453125,2105.41552734375,107.97216033935548,44.43418884277344,7.8,83
Not Sweet,253.11163330078125,179.49380493164062,362.37005615234375,2287.536865234375,117.66197204589844,48.38389205932617,7.8,83
Not Sweet,281.50555419921875,194.7338409423828,403.2254943847656,2640.179443359375,118.3541030883789,45.42161560058594,7.8,83
Not Sweet,257.9791564941406,173.56712341308594,338.3896789550781,2429.057861328125,116.27771759033205,44.43418884277344,7.8,83
Not Sweet,262.8466796875,184.5738220214844,390.7912292480469,2511.41845703125,121.12261962890624,48.38389205932617,7.8,83
Not Sweet,256.3566589355469,174.41378784179688,363.2582092285156,2347.857421875,123.8911361694336,55.29587936401367,7.8,83
Not Sweet,257.9791564941406,180.3404693603516,365.0345458984375,2456.898193359375,119.04623413085938,50.35874557495117,7.8,83
Not Sweet,249.8666076660156,177.80047607421875,370.363525390625,2379.177490234375,119.73835754394533,50.35874557495117,7.8,83
Not Sweet,244.1878204345703,163.4071044921875,349.0476379394531,2089.17529296875,121.81475067138672,55.29587936401367,7.8,83
Not Sweet,237.69778442382807,167.64044189453125,348.1594543457031,2222.576416015625,110.74068450927734,51.34617233276367,7.8,83
Not Sweet,221.47267150878903,154.94041442871094,333.0606994628906,2228.37646484375,113.50920104980467,46.40904235839844,7.8,83
Not Sweet,237.69778442382807,161.71376037597656,340.166015625,2280.576904296875,112.12493896484376,47.39646911621094,7.8,83
Not Sweet,247.432846069336,167.64044189453125,350.8239440917969,2115.855712890625,116.27771759033205,48.38389205932617,7.8,83
Not Sweet,227.9627227783203,169.3337860107422,341.9423217773437,2118.175537109375,105.20364379882812,40.48448181152344,7.8,83
Not Sweet,255.5453948974609,182.88047790527344,378.3569641113281,2437.177978515625,115.58558654785156,47.39646911621094,7.8,83
Not Sweet,274.2042541503906,188.80715942382807,389.0149230957031,2471.978271484375,126.65965270996094,53.32102584838867,7.8,83
Not Sweet,189.833724975586,145.62704467773438,330.396240234375,2244.616455078125,121.81475067138672,55.29587936401367,7.8,83
Not Sweet,215.7938842773437,157.48040771484375,298.4223937988281,2171.535888671875,109.3564224243164,37.52220153808594,7.2,84
Not Sweet,221.47267150878903,149.8603973388672,363.2582092285156,2314.217041015625,124.58326721191406,54.30845260620117,7.2,84
Not Sweet,200.38003540039065,133.773681640625,265.5603942871094,2209.81640625,110.04855346679688,32.5850715637207,7.2,84
Not Sweet,205.24757385253903,141.39370727539062,307.30401611328125,2442.97802734375,118.3541030883789,34.5599250793457,7.2,84
Not Sweet,176.04238891601562,138.0070343017578,258.4551086425781,2333.937255859375,129.4281768798828,53.32102584838867,7.2,84
Not Sweet,263.657958984375,187.11383056640625,391.6793823242188,2391.937744140625,132.19668579101562,55.29587936401367,7.2,84
Not Sweet,245.81033325195312,185.4204864501953,406.7781372070313,2585.658935546875,131.5045623779297,39.49705505371094,7.2,84
Not Sweet,221.47267150878903,166.7937774658203,379.2451171875,2476.6181640625,123.8911361694336,42.45933532714844,7.2,84
Not Sweet,210.9263610839844,160.86709594726562,341.9423217773437,2361.77734375,115.58558654785156,33.5724983215332,7.2,84
Not Sweet,228.7739715576172,163.4071044921875,352.60028076171875,2455.738037109375,123.19900512695312,45.42161560058594,7.2,84
Not Sweet,221.47267150878903,181.1871490478516,401.4491882324219,2741.10009765625,117.66197204589844,38.50962829589844,7.2,84
Not Sweet,217.41639709472656,154.09373474121094,372.1398315429688,2384.9775390625,120.43048858642578,43.44676208496094,7.2,84
Not Sweet,180.909912109375,142.24037170410156,292.20526123046875,2241.136474609375,121.81475067138672,53.32102584838867,7.2,84
Not Sweet,232.0189971923828,162.5604248046875,337.50152587890625,2132.095703125,119.73835754394533,49.37131881713867,7.2,84
Not Sweet,246.62158203125,171.02711486816406,339.27783203125,2256.216552734375,112.81707000732422,46.40904235839844,7.2,84
Not Sweet,199.5687866210937,145.62704467773438,347.27130126953125,2292.177001953125,114.20132446289062,41.47190856933594,7.2,84
Not Sweet,189.833724975586,132.92701721191406,282.4354858398437,2257.376708984375,103.12725830078124,28.635366439819336,7.2,84
Not Sweet,223.90643310546875,163.4071044921875,285.0999755859375,2228.37646484375,105.8957748413086,33.5724983215332,7.2,84
Not Sweet,169.55233764648438,126.1536636352539,337.50152587890625,2372.217529296875,119.73835754394533,44.43418884277344,7.2,84
Not Sweet,208.4925842285156,154.09373474121094,279.77099609375,2426.73779296875,127.3517837524414,50.35874557495117,7.2,84
Not Sweet,251.48912048339844,169.3337860107422,352.60028076171875,2420.937744140625,125.96752166748048,53.32102584838867,7.2,84
Not Sweet,296.9194030761719,218.44058227539065,473.3902893066406,3000.942138671875,121.12261962890624,36.5347785949707,7.2,84
Not Sweet,304.220703125,204.04721069335932,451.1862487792969,2810.70068359375,126.65965270996094,38.50962829589844,7.2,84
Not Sweet,279.883056640625,192.19384765625,406.7781372070313,2459.218017578125,135.65733337402344,44.43418884277344,7.2,84
Not Sweet,298.5419311523437,201.5072021484375,436.97564697265625,2555.498779296875,130.12030029296875,49.37131881713867,7.2,84
Not Sweet,253.92288208007807,187.9604949951172,395.2320556640625,2543.898681640625,121.81475067138672,47.39646911621094,7.2,84
Not Sweet,271.7705078125,197.2738494873047,416.5479431152344,2645.9794921875,117.66197204589844,39.49705505371094,7.2,84
Not Sweet,264.4692077636719,177.80047607421875,386.3504333496094,2408.177734375,119.04623413085938,47.39646911621094,7.2,84
Not Sweet,249.8666076660156,175.26046752929688,364.1463928222656,2396.57763671875,112.81707000732422,45.42161560058594,7.2,84
Not Sweet,241.75405883789065,170.18045043945312,341.0541687011719,2369.8974609375,119.73835754394533,44.43418884277344,7.2,84
Not Sweet,252.3003692626953,198.9671936035156,418.3242492675781,2605.379150390625,113.50920104980467,33.5724983215332,7.2,84
Not Sweet,287.99560546875,200.6605224609375,411.2189636230469,2853.62109375,114.8934555053711,42.45933532714844,7.2,84
Not Sweet,257.9791564941406,182.88047790527344,397.89654541015625,2324.6572265625,123.8911361694336,47.39646911621094,5.6,85
Not Sweet,253.11163330078125,174.41378784179688,366.8108520507813,2190.09619140625,123.19900512695312,53.32102584838867,5.6,85
Not Sweet,255.5453948974609,176.1071319580078,357.9292297363281,2091.495361328125,124.58326721191406,57.27073287963867,5.6,85
Not Sweet,240.1315460205078,165.9470977783203,364.1463928222656,2187.776123046875,115.58558654785156,54.30845260620117,5.6,85
Not Sweet,215.7938842773437,147.3203887939453,314.4093017578125,1970.8544921875,104.5115203857422,39.49705505371094,5.6,85
Not Sweet,263.657958984375,178.6471405029297,381.90960693359375,2263.1767578125,126.65965270996094,54.30845260620117,5.6,85
Not Sweet,272.5817565917969,185.4204864501953,376.5806579589844,2314.217041015625,122.5068817138672,47.39646911621094,5.6,85
Not Sweet,270.1479797363281,185.4204864501953,410.330810546875,2521.858642578125,130.12030029296875,56.28330612182617,5.6,85
Not Sweet,176.8536376953125,135.46702575683594,302.8632202148437,2308.4169921875,118.3541030883789,49.37131881713867,5.6,85
Not Sweet,257.9791564941406,184.5738220214844,382.79779052734375,2458.05810546875,110.74068450927734,39.49705505371094,5.6,85
Not Sweet,253.92288208007807,164.25376892089844,327.73175048828125,2135.57568359375,111.43280792236328,45.42161560058594,5.6,85
Not Sweet,276.6380310058594,189.65383911132807,376.5806579589844,2307.257080078125,108.66429138183594,45.42161560058594,5.6,85
Not Sweet,284.7505798339844,197.2738494873047,418.3242492675781,2625.099365234375,121.81475067138672,49.37131881713867,5.6,85
Not Sweet,262.0354309082031,184.5738220214844,389.0149230957031,2214.456298828125,123.8911361694336,54.30845260620117,5.6,85
Not Sweet,249.05535888671875,166.7937774658203,366.8108520507813,2119.335693359375,124.58326721191406,58.25815582275391,5.6,85
Not Sweet,240.9427947998047,167.64044189453125,354.3765869140625,2149.495849609375,115.58558654785156,51.34617233276367,5.6,85
Not Sweet,232.8302459716797,159.1737518310547,328.6199035644531,2050.89501953125,108.66429138183594,46.40904235839844,5.6,85
Not Sweet,231.20773315429688,155.78707885742188,339.27783203125,1940.6943359375,112.12493896484376,52.33359909057617,5.6,85
Not Sweet,225.5289459228516,154.09373474121094,323.2909240722656,1995.2147216796875,111.43280792236328,47.39646911621094,5.6,85
Not Sweet,246.62158203125,171.02711486816406,354.3765869140625,2193.576171875,119.04623413085938,55.29587936401367,5.6,85
Not Sweet,254.734130859375,165.9470977783203,323.2909240722656,2198.21630859375,110.04855346679688,44.43418884277344,5.6,85
Not Sweet,254.734130859375,173.56712341308594,357.04107666015625,2368.737548828125,110.04855346679688,47.39646911621094,5.6,85
Not Sweet,275.0155334472656,188.80715942382807,389.903076171875,2797.940673828125,124.58326721191406,47.39646911621094,5.6,85
Not Sweet,271.7705078125,187.11383056640625,382.79779052734375,2417.457763671875,120.43048858642578,52.33359909057617,5.6,85
Not Sweet,264.4692077636719,183.72715759277344,400.5610046386719,2368.737548828125,135.65733337402344,54.30845260620117,5.6,85
Not Sweet,249.05535888671875,175.26046752929688,388.1267395019531,2339.7373046875,125.96752166748048,54.30845260620117,5.6,85
Not Sweet,249.8666076660156,174.41378784179688,368.5871887207031,2216.7763671875,116.27771759033205,46.40904235839844,5.6,85
Not Sweet,244.9990692138672,175.26046752929688,364.1463928222656,2200.5361328125,112.81707000732422,47.39646911621094,5.6,85
Not Sweet,237.69778442382807,166.7937774658203,351.71209716796875,2194.736083984375,115.58558654785156,50.35874557495117,5.6,85
Not Sweet,200.38003540039065,130.3870086669922,284.2118225097656,2162.255859375,117.66197204589844,51.34617233276367,5.6,85
Not Sweet,229.5852203369141,157.48040771484375,301.0868835449219,2227.21630859375,112.81707000732422,47.39646911621094,5.6,85
Not Sweet,232.8302459716797,166.7937774658203,346.3831481933594,2134.415771484375,117.66197204589844,48.38389205932617,5.6,85
Not Sweet,301.78692626953125,201.5072021484375,406.7781372070313,2557.81884765625,125.27539825439452,49.37131881713867,7.0,86
Not Sweet,262.8466796875,175.26046752929688,376.5806579589844,2739.940185546875,128.7360382080078,44.43418884277344,7.0,86
Not Sweet,291.2406311035156,198.1205291748047,394.3438720703125,2591.458984375,137.04159545898438,57.27073287963867,7.0,86
Not Sweet,275.8267822265625,189.65383911132807,398.7846984863281,2318.857177734375,121.12261962890624,50.35874557495117,7.0,86
Not Sweet,250.6778564453125,171.02711486816406,349.0476379394531,2308.4169921875,121.81475067138672,52.33359909057617,7.0,86
Not Sweet,235.26400756835932,172.720458984375,365.9226989746094,2285.216796875,114.8934555053711,46.40904235839844,7.0,86
Not Sweet,232.0189971923828,160.02041625976562,336.6133728027344,2234.176513671875,123.19900512695312,55.29587936401367,7.0,86
Not Sweet,234.4527587890625,154.09373474121094,320.6264343261719,2003.334716796875,120.43048858642578,51.34617233276367,7.0,86
Not Sweet,219.85015869140625,146.47372436523438,316.1856384277344,2288.69677734375,112.12493896484376,42.45933532714844,7.0,86
Not Sweet,262.0354309082031,170.18045043945312,352.60028076171875,2275.936767578125,120.43048858642578,44.43418884277344,7.0,86
Not Sweet,238.509033203125,164.25376892089844,339.27783203125,2268.976806640625,112.81707000732422,40.48448181152344,7.0,86
Not Sweet,236.0752716064453,166.7937774658203,317.07379150390625,2271.296630859375,116.96984100341795,44.43418884277344,7.0,86
Not Sweet,261.22418212890625,172.720458984375,365.9226989746094,2521.858642578125,129.4281768798828,41.47190856933594,7.0,86
Not Sweet,281.50555419921875,187.11383056640625,381.0214538574219,2250.41650390625,124.58326721191406,50.35874557495117,7.0,86
Not Sweet,268.5254821777344,180.3404693603516,398.7846984863281,2321.177001953125,123.19900512695312,48.38389205932617,7.0,86
Not Sweet,230.396484375,154.94041442871094,333.9488830566406,2108.8955078125,125.27539825439452,48.38389205932617,7.0,86
Not Sweet,238.509033203125,160.02041625976562,326.84356689453125,2024.2149658203125,119.04623413085938,47.39646911621094,7.0,86
Not Sweet,203.62506103515625,157.48040771484375,344.6068115234375,2252.736572265625,110.74068450927734,43.44676208496094,7.0,86
Not Sweet,219.03890991210932,157.48040771484375,331.2843933105469,2061.335205078125,119.73835754394533,47.39646911621094,7.0,86
Not Sweet,225.5289459228516,156.6337432861328,335.7251892089844,1954.6143798828125,107.97216033935548,41.47190856933594,7.0,86
Not Sweet,202.8137969970703,152.40040588378906,312.63299560546875,1937.2142333984373,108.66429138183594,45.42161560058594,7.0,86
Not Sweet,227.1514587402344,163.4071044921875,339.27783203125,2159.93603515625,109.3564224243164,49.37131881713867,7.0,86
Not Sweet,222.283935546875,155.78707885742188,333.9488830566406,2249.256591796875,115.58558654785156,48.38389205932617,7.0,86
Not Sweet,231.20773315429688,161.71376037597656,326.84356689453125,2163.416015625,104.5115203857422,34.5599250793457,7.0,86
Not Sweet,246.62158203125,161.71376037597656,340.166015625,2216.7763671875,117.66197204589844,48.38389205932617,7.0,86
Not Sweet,250.6778564453125,173.56712341308594,339.27783203125,2260.856689453125,125.96752166748048,52.33359909057617,7.0,86
Not Sweet,217.41639709472656,154.94041442871094,335.7251892089844,2333.937255859375,125.27539825439452,54.30845260620117,7.0,86
Not Sweet,244.1878204345703,174.41378784179688,352.60028076171875,2357.137451171875,123.19900512695312,51.34617233276367,7.0,86
Not Sweet,266.0917053222656,184.5738220214844,397.89654541015625,2534.61865234375,125.27539825439452,49.37131881713867,7.0,86
Not Sweet,262.8466796875,180.3404693603516,372.1398315429688,2409.337646484375,122.5068817138672,48.38389205932617,7.0,86
Not Sweet,233.6415100097656,166.7937774658203,362.37005615234375,2193.576171875,114.20132446289062,47.39646911621094,7.0,86
Not Sweet,232.8302459716797,154.94041442871094,285.9881286621094,1945.3343505859373,112.12493896484376,51.34617233276367,7.0,86
Not Sweet,269.33673095703125,182.88047790527344,407.6663208007813,2335.09716796875,132.19668579101562,59.245582580566406,5.8,87
Not Sweet,250.6778564453125,172.720458984375,349.0476379394531,2176.176025390625,125.96752166748048,52.33359909057617,5.8,87
Not Sweet,234.4527587890625,161.71376037597656,344.6068115234375,2121.655517578125,120.43048858642578,43.44676208496094,5.8,87
Not Sweet,275.8267822265625,188.80715942382807,398.7846984863281,2329.297119140625,132.19668579101562,55.29587936401367,5.8,87
Not Sweet,271.7705078125,183.72715759277344,388.1267395019531,2236.49658203125,127.3517837524414,54.30845260620117,5.8,87
Not Sweet,254.734130859375,177.80047607421875,392.5675659179688,2516.05859375,123.8911361694336,47.39646911621094,5.8,87
Not Sweet,248.2440948486328,167.64044189453125,332.17254638671875,2076.415283203125,109.3564224243164,48.38389205932617,5.8,87
Not Sweet,245.81033325195312,166.7937774658203,349.0476379394531,2208.65625,119.04623413085938,53.32102584838867,5.8,87
Not Sweet,274.2042541503906,186.26715087890625,388.1267395019531,2507.9384765625,124.58326721191406,53.32102584838867,5.8,87
Not Sweet,256.3566589355469,185.4204864501953,367.6990356445313,2359.457275390625,125.27539825439452,47.39646911621094,5.8,87
Not Sweet,252.3003692626953,178.6471405029297,380.13330078125,2266.65673828125,122.5068817138672,52.33359909057617,5.8,87
Not Sweet,263.657958984375,186.26715087890625,412.9952697753906,2563.618896484375,134.2730712890625,63.195289611816406,5.8,87
Not Sweet,265.28045654296875,183.72715759277344,386.3504333496094,2471.978271484375,114.20132446289062,46.40904235839844,5.8,87
Not Sweet,240.9427947998047,167.64044189453125,356.1529235839844,2336.25732421875,112.12493896484376,48.38389205932617,5.8,87
Not Sweet,258.7904052734375,181.1871490478516,389.0149230957031,2395.417724609375,116.96984100341795,51.34617233276367,5.8,87
Not Sweet,280.6943054199219,193.88717651367188,418.3242492675781,2463.858154296875,130.8124237060547,55.29587936401367,5.8,87
Not Sweet,246.62158203125,172.720458984375,371.2516784667969,2040.455078125,132.88882446289062,59.245582580566406,5.8,87
Not Sweet,234.4527587890625,161.71376037597656,308.1921691894531,2026.534912109375,107.28003692626952,46.40904235839844,5.8,87
Not Sweet,228.7739715576172,157.48040771484375,347.27130126953125,2151.81591796875,111.43280792236328,49.37131881713867,5.8,87
Not Sweet,223.09518432617188,157.48040771484375,335.7251892089844,2143.69580078125,116.27771759033205,50.35874557495117,5.8,87
Not Sweet,247.432846069336,172.720458984375,338.3896789550781,2147.17578125,114.20132446289062,51.34617233276367,5.8,87
Not Sweet,280.6943054199219,191.34716796875,419.21240234375,2677.2998046875,121.81475067138672,50.35874557495117,5.8,87
Not Sweet,237.69778442382807,160.02041625976562,348.1594543457031,2184.296142578125,119.04623413085938,51.34617233276367,5.8,87
Not Sweet,258.7904052734375,179.49380493164062,376.5806579589844,2419.77783203125,123.19900512695312,54.30845260620117,5.8,87
Not Sweet,248.2440948486328,177.80047607421875,375.6924743652344,2437.177978515625,121.12261962890624,50.35874557495117,5.8,87
Not Sweet,262.0354309082031,178.6471405029297,377.46881103515625,2166.89599609375,129.4281768798828,58.25815582275391,5.8,87
Not Sweet,262.0354309082031,181.1871490478516,378.3569641113281,2330.457275390625,118.3541030883789,45.42161560058594,5.8,87
Not Sweet,274.2042541503906,192.19384765625,397.89654541015625,2362.9375,125.27539825439452,55.29587936401367,5.8,87
Not Sweet,251.48912048339844,176.95379638671875,380.13330078125,2378.017578125,129.4281768798828,58.25815582275391,5.8,87
Not Sweet,230.396484375,155.78707885742188,329.508056640625,1980.1346435546875,123.8911361694336,57.27073287963867,5.8,87
Not Sweet,241.75405883789065,170.18045043945312,345.4949645996094,2156.455810546875,117.66197204589844,53.32102584838867,5.8,87
Not Sweet,246.62158203125,175.26046752929688,373.0279846191406,2272.456787109375,112.81707000732422,48.38389205932617,5.8,87
Sweet,249.05535888671875,171.02711486816406,357.04107666015625,2264.336669921875,122.5068817138672,52.33359909057617,9.0,88
Sweet,234.4527587890625,160.02041625976562,328.6199035644531,2308.4169921875,116.96984100341795,43.44676208496094,9.0,88
Sweet,237.69778442382807,165.10043334960938,334.8370361328125,2152.975830078125,113.50920104980467,48.38389205932617,9.0,88
Sweet,255.5453948974609,172.720458984375,347.27130126953125,2344.377197265625,119.73835754394533,50.35874557495117,9.0,88
Sweet,253.92288208007807,181.1871490478516,369.475341796875,2349.017333984375,116.96984100341795,48.38389205932617,9.0,88
Sweet,298.5419311523437,201.5072021484375,410.330810546875,2599.5791015625,128.7360382080078,52.33359909057617,9.0,88
Sweet,277.44927978515625,198.1205291748047,435.1993408203125,2808.380615234375,125.96752166748048,43.44676208496094,9.0,88
Sweet,278.2605285644531,193.88717651367188,400.5610046386719,2491.698486328125,134.2730712890625,57.27073287963867,9.0,88
Sweet,269.33673095703125,187.9604949951172,401.4491882324219,2597.259033203125,133.58094787597656,54.30845260620117,9.0,88
Sweet,231.20773315429688,172.720458984375,381.90960693359375,2328.13720703125,128.7360382080078,51.34617233276367,9.0,88
Sweet,213.3601226806641,164.25376892089844,334.8370361328125,2383.817626953125,122.5068817138672,55.29587936401367,9.0,88
Sweet,264.4692077636719,181.1871490478516,369.475341796875,2266.65673828125,116.27771759033205,48.38389205932617,9.0,88
Sweet,273.3930053710937,186.26715087890625,396.1202087402344,2524.1787109375,118.3541030883789,51.34617233276367,9.0,88
Sweet,240.9427947998047,168.4871063232422,355.2647705078125,2127.45556640625,115.58558654785156,46.40904235839844,9.0,88
Sweet,163.0623016357422,128.6936798095703,301.0868835449219,2317.697021484375,114.20132446289062,46.40904235839844,9.0,88
Sweet,258.7904052734375,179.49380493164062,367.6990356445313,2139.0556640625,117.66197204589844,50.35874557495117,9.0,88
Sweet,267.7142333984375,192.19384765625,388.1267395019531,2445.298095703125,110.74068450927734,47.39646911621094,9.0,88
Sweet,267.7142333984375,176.1071319580078,356.1529235839844,2391.937744140625,119.73835754394533,46.40904235839844,9.0,88
Sweet,222.283935546875,157.48040771484375,323.2909240722656,2128.61572265625,114.20132446289062,44.43418884277344,9.0,88
Sweet,223.90643310546875,151.55372619628906,318.8501281738281,2226.056396484375,112.12493896484376,41.47190856933594,9.0,88
Sweet,246.62158203125,176.95379638671875,349.935791015625,2214.456298828125,114.8934555053711,43.44676208496094,9.0,88
Sweet,227.1514587402344,160.86709594726562,336.6133728027344,1982.45458984375,113.50920104980467,51.34617233276367,9.0,88
Sweet,218.22764587402344,154.09373474121094,329.508056640625,1966.2144775390625,110.04855346679688,47.39646911621094,9.0,88
Sweet,217.41639709472656,151.55372619628906,286.87628173828125,2027.6949462890625,108.66429138183594,43.44676208496094,9.0,88
Sweet,266.0917053222656,183.72715759277344,367.6990356445313,2299.136962890625,107.97216033935548,39.49705505371094,9.0,88
Sweet,251.48912048339844,172.720458984375,362.37005615234375,2086.85546875,118.3541030883789,45.42161560058594,9.0,88
Sweet,171.1748504638672,140.5470428466797,314.4093017578125,2079.895263671875,113.50920104980467,42.45933532714844,9.0,88
Sweet,253.92288208007807,176.1071319580078,349.935791015625,2170.3759765625,121.12261962890624,49.37131881713867,9.0,88
Sweet,232.0189971923828,180.3404693603516,375.6924743652344,2404.69775390625,122.5068817138672,49.37131881713867,9.0,88
Sweet,256.3566589355469,179.49380493164062,384.5740966796875,2419.77783203125,120.43048858642578,41.47190856933594,9.0,88
Sweet,236.0752716064453,182.88047790527344,376.5806579589844,2427.89794921875,115.58558654785156,44.43418884277344,9.0,88
Sweet,208.4925842285156,139.7003631591797,316.1856384277344,2296.81689453125,115.58558654785156,44.43418884277344,9.0,88
Sweet,236.0752716064453,154.09373474121094,326.84356689453125,2533.458740234375,135.65733337402344,53.32102584838867,9.4,89
Sweet,259.6016845703125,180.3404693603516,363.2582092285156,2175.01611328125,123.19900512695312,44.43418884277344,9.4,89
Sweet,251.48912048339844,176.1071319580078,377.46881103515625,2389.61767578125,113.50920104980467,41.47190856933594,9.4,89
Sweet,246.62158203125,175.26046752929688,353.4884338378906,2451.09814453125,114.20132446289062,49.37131881713867,9.4,89
Sweet,253.92288208007807,172.720458984375,336.6133728027344,2344.377197265625,116.96984100341795,44.43418884277344,9.4,89
Sweet,256.3566589355469,181.1871490478516,371.2516784667969,2362.9375,129.4281768798828,53.32102584838867,9.4,89
Sweet,283.9393310546875,190.50050354003903,399.6728515625,2448.778076171875,130.12030029296875,44.43418884277344,9.4,89
Sweet,245.81033325195312,170.18045043945312,362.37005615234375,2393.09765625,127.3517837524414,54.30845260620117,9.4,89
Sweet,210.11509704589844,142.24037170410156,311.74481201171875,2244.616455078125,116.27771759033205,49.37131881713867,9.4,89
Sweet,257.9791564941406,177.80047607421875,350.8239440917969,2120.49560546875,115.58558654785156,50.35874557495117,9.4,89
Sweet,257.9791564941406,182.88047790527344,361.4819030761719,2307.257080078125,120.43048858642578,51.34617233276367,9.4,89
Sweet,277.44927978515625,189.65383911132807,389.0149230957031,2476.6181640625,110.04855346679688,42.45933532714844,9.4,89
Sweet,251.48912048339844,176.95379638671875,349.935791015625,2202.856201171875,112.81707000732422,46.40904235839844,9.4,89
Sweet,300.1644287109375,199.81385803222656,417.4360961914063,2613.499267578125,124.58326721191406,42.45933532714844,9.4,89
Sweet,256.3566589355469,181.1871490478516,373.9161682128906,2523.0185546875,122.5068817138672,38.50962829589844,9.4,89
Sweet,234.4527587890625,160.02041625976562,315.2974853515625,2306.096923828125,114.20132446289062,43.44676208496094,9.4,89
Sweet,232.8302459716797,162.5604248046875,343.7186584472656,2222.576416015625,116.96984100341795,44.43418884277344,9.4,89
Sweet,227.1514587402344,163.4071044921875,324.1791076660156,2252.736572265625,110.04855346679688,43.44676208496094,9.4,89
Sweet,251.48912048339844,178.6471405029297,365.9226989746094,2208.65625,119.73835754394533,51.34617233276367,9.4,89
Sweet,269.33673095703125,188.80715942382807,388.1267395019531,2380.337646484375,119.73835754394533,51.34617233276367,9.4,89
Sweet,180.909912109375,138.0070343017578,294.8697509765625,2347.857421875,120.43048858642578,49.37131881713867,9.4,89
Sweet,273.3930053710937,188.80715942382807,393.4557189941406,2426.73779296875,123.8911361694336,48.38389205932617,9.4,89
Sweet,246.62158203125,159.1737518310547,342.8305053710937,2296.81689453125,119.04623413085938,52.33359909057617,9.4,89
Sweet,257.1679077148437,175.26046752929688,356.1529235839844,2242.296630859375,111.43280792236328,41.47190856933594,9.4,89
Sweet,215.7938842773437,155.78707885742188,294.8697509765625,2123.9755859375,110.04855346679688,45.42161560058594,9.4,89
Sweet,273.3930053710937,189.65383911132807,399.6728515625,2538.0986328125,120.43048858642578,51.34617233276367,9.4,89
Sweet,236.0752716064453,163.4071044921875,350.8239440917969,2049.735107421875,122.5068817138672,54.30845260620117,9.4,89
Sweet,266.9029541015625,185.4204864501953,386.3504333496094,2520.698486328125,123.8911361694336,52.33359909057617,9.4,89
Sweet,262.0354309082031,176.95379638671875,375.6924743652344,2353.6572265625,121.12261962890624,47.39646911621094,9.4,89
Sweet,205.24757385253903,154.09373474121094,331.2843933105469,2236.49658203125,115.58558654785156,41.47190856933594,9.4,89
Sweet,189.833724975586,137.1603546142578,275.3302001953125,2349.017333984375,112.12493896484376,42.45933532714844,9.4,89
Sweet,249.8666076660156,171.873779296875,352.60028076171875,2135.57568359375,116.96984100341795,52.33359909057617,9.4,89
Not Sweet,253.92288208007807,182.0338134765625,367.6990356445313,2161.095947265625,117.66197204589844,48.38389205932617,6.0,90
Not Sweet,264.4692077636719,182.88047790527344,399.6728515625,2313.05712890625,123.19900512695312,52.33359909057617,6.0,90
Not Sweet,244.9990692138672,171.02711486816406,338.3896789550781,2084.535400390625,124.58326721191406,54.30845260620117,6.0,90
Not Sweet,243.37657165527344,161.71376037597656,361.4819030761719,2034.655029296875,124.58326721191406,56.28330612182617,6.0,90
Not Sweet,280.6943054199219,190.50050354003903,381.0214538574219,2241.136474609375,124.58326721191406,51.34617233276367,6.0,90
Not Sweet,287.99560546875,191.34716796875,389.903076171875,2387.297607421875,123.19900512695312,49.37131881713867,6.0,90
Not Sweet,273.3930053710937,187.11383056640625,409.442626953125,2412.81787109375,122.5068817138672,46.40904235839844,6.0,90
Not Sweet,229.5852203369141,154.09373474121094,329.508056640625,2287.536865234375,119.04623413085938,48.38389205932617,6.0,90
Not Sweet,249.8666076660156,178.6471405029297,360.5937194824219,2242.296630859375,119.73835754394533,50.35874557495117,6.0,90
Not Sweet,269.33673095703125,179.49380493164062,347.27130126953125,2321.177001953125,114.8934555053711,46.40904235839844,6.0,90
Not Sweet,246.62158203125,172.720458984375,360.5937194824219,2302.616943359375,113.50920104980467,43.44676208496094,6.0,90
Not Sweet,252.3003692626953,171.873779296875,354.3765869140625,2215.6162109375,111.43280792236328,44.43418884277344,6.0,90
Not Sweet,237.69778442382807,158.32708740234375,323.2909240722656,1954.6143798828125,121.81475067138672,52.33359909057617,6.0,90
Not Sweet,270.1479797363281,185.4204864501953,370.363525390625,2383.817626953125,115.58558654785156,49.37131881713867,6.0,90
Not Sweet,253.92288208007807,176.95379638671875,355.2647705078125,2324.6572265625,113.50920104980467,50.35874557495117,6.0,90
Not Sweet,234.4527587890625,164.25376892089844,339.27783203125,2083.375244140625,111.43280792236328,51.34617233276367,6.0,90
Not Sweet,210.9263610839844,152.40040588378906,320.6264343261719,2075.25537109375,116.96984100341795,54.30845260620117,6.0,90
Not Sweet,222.283935546875,160.86709594726562,315.2974853515625,2033.4949951171875,114.20132446289062,53.32102584838867,6.0,90
Not Sweet,260.4129333496094,182.0338134765625,377.46881103515625,2339.7373046875,119.04623413085938,55.29587936401367,6.0,90
Not Sweet,233.6415100097656,165.10043334960938,356.1529235839844,2122.815673828125,123.19900512695312,57.27073287963867,6.0,90
Not Sweet,253.11163330078125,177.80047607421875,362.37005615234375,2180.816162109375,106.58790588378906,39.49705505371094,6.0,90
Not Sweet,243.37657165527344,165.9470977783203,342.8305053710937,2180.816162109375,112.81707000732422,51.34617233276367,6.0,90
Not Sweet,240.9427947998047,176.1071319580078,363.2582092285156,2346.697265625,116.27771759033205,54.30845260620117,6.0,90
Not Sweet,281.50555419921875,200.6605224609375,380.13330078125,2420.937744140625,105.8957748413086,45.42161560058594,6.0,90
Not Sweet,267.7142333984375,193.0405120849609,384.5740966796875,2465.01806640625,119.04623413085938,49.37131881713867,6.0,90
Not Sweet,276.6380310058594,193.0405120849609,414.7716064453125,2426.73779296875,116.96984100341795,42.45933532714844,6.0,90
Not Sweet,249.05535888671875,174.41378784179688,375.6924743652344,2382.657470703125,118.3541030883789,48.38389205932617,6.0,90
Not Sweet,260.4129333496094,176.95379638671875,381.90960693359375,2375.697509765625,116.96984100341795,49.37131881713867,6.0,90
Not Sweet,236.0752716064453,161.71376037597656,330.396240234375,1929.09423828125,110.74068450927734,50.35874557495117,6.0,90
Not Sweet,223.90643310546875,154.09373474121094,316.1856384277344,1888.493896484375,108.66429138183594,46.40904235839844,6.0,90
Not Sweet,257.1679077148437,174.41378784179688,339.27783203125,2166.89599609375,113.50920104980467,48.38389205932617,6.0,90
Not Sweet,254.734130859375,180.3404693603516,368.5871887207031,2317.697021484375,120.43048858642578,53.32102584838867,6.0,90
Sweet,205.24757385253903,159.1737518310547,343.7186584472656,2250.41650390625,119.04623413085938,50.35874557495117,10.0,91
Sweet,221.47267150878903,156.6337432861328,331.2843933105469,2202.856201171875,114.8934555053711,46.40904235839844,10.0,91
Sweet,235.26400756835932,165.9470977783203,334.8370361328125,2355.977294921875,112.12493896484376,40.48448181152344,10.0,91
Sweet,254.734130859375,176.1071319580078,365.0345458984375,2228.37646484375,113.50920104980467,42.45933532714844,10.0,91
Sweet,261.22418212890625,177.80047607421875,375.6924743652344,2344.377197265625,123.19900512695312,50.35874557495117,10.0,91
Sweet,249.8666076660156,170.18045043945312,344.6068115234375,2496.33837890625,121.81475067138672,41.47190856933594,10.0,91
Sweet,241.75405883789065,164.25376892089844,313.5211486816406,2320.01708984375,117.66197204589844,41.47190856933594,10.0,91
Sweet,292.8631286621094,194.7338409423828,397.89654541015625,2796.780517578125,126.65965270996094,34.5599250793457,10.0,91
Sweet,299.3531799316406,204.8938751220703,436.97564697265625,2636.699462890625,129.4281768798828,47.39646911621094,10.0,91
Sweet,278.2605285644531,181.1871490478516,393.4557189941406,2489.37841796875,121.81475067138672,46.40904235839844,10.0,91
Sweet,276.6380310058594,191.34716796875,394.3438720703125,2461.5380859375,121.12261962890624,43.44676208496094,10.0,91
Sweet,259.6016845703125,174.41378784179688,352.60028076171875,2337.417236328125,114.20132446289062,46.40904235839844,10.0,91
Sweet,224.7176971435547,162.5604248046875,335.7251892089844,2255.056640625,116.27771759033205,47.39646911621094,10.0,91
Sweet,227.9627227783203,168.4871063232422,336.6133728027344,2183.135986328125,114.8934555053711,43.44676208496094,10.0,91
Sweet,211.73760986328125,162.5604248046875,365.0345458984375,2354.8173828125,110.74068450927734,45.42161560058594,10.0,91
Sweet,250.6778564453125,176.1071319580078,371.2516784667969,2252.736572265625,111.43280792236328,42.45933532714844,10.0,91
Sweet,243.37657165527344,170.18045043945312,357.04107666015625,2130.935791015625,110.04855346679688,44.43418884277344,10.0,91
Sweet,215.7938842773437,171.02711486816406,357.04107666015625,2388.45751953125,114.8934555053711,47.39646911621094,10.0,91
Sweet,241.75405883789065,174.41378784179688,354.3765869140625,2186.6162109375,119.04623413085938,43.44676208496094,10.0,91
Sweet,233.6415100097656,158.32708740234375,338.3896789550781,2191.256103515625,117.66197204589844,41.47190856933594,10.0,91
Sweet,244.9990692138672,170.18045043945312,344.6068115234375,2346.697265625,112.81707000732422,42.45933532714844,10.0,91
Sweet,264.4692077636719,185.4204864501953,374.8043212890625,2447.617919921875,123.19900512695312,45.42161560058594,10.0,91
Sweet,226.3402099609375,156.6337432861328,325.9554138183594,2165.736083984375,123.8911361694336,50.35874557495117,10.0,91
Sweet,199.5687866210937,150.70706176757812,316.1856384277344,2267.816650390625,114.20132446289062,39.49705505371094,10.0,91
Sweet,252.3003692626953,182.0338134765625,341.9423217773437,2372.217529296875,118.3541030883789,49.37131881713867,10.0,91
Sweet,251.48912048339844,165.10043334960938,345.4949645996094,2391.937744140625,118.3541030883789,42.45933532714844,10.0,91
Sweet,283.9393310546875,187.9604949951172,367.6990356445313,2549.69873046875,118.3541030883789,46.40904235839844,10.0,91
Sweet,276.6380310058594,180.3404693603516,371.2516784667969,2380.337646484375,119.73835754394533,49.37131881713867,10.0,91
Sweet,206.058822631836,163.4071044921875,368.5871887207031,2244.616455078125,124.58326721191406,52.33359909057617,10.0,91
Sweet,205.24757385253903,155.78707885742188,316.1856384277344,2237.656494140625,122.5068817138672,54.30845260620117,10.0,91
Sweet,249.05535888671875,159.1737518310547,318.8501281738281,2275.936767578125,113.50920104980467,48.38389205932617,10.0,91
Sweet,160.6285400390625,134.620361328125,310.8566589355469,2281.73681640625,117.66197204589844,45.42161560058594,10.0,91
Not Sweet,313.9557800292969,220.1339111328125,445.8572692871094,2741.10009765625,137.04159545898438,56.28330612182617,7.0,92
Not Sweet,321.257080078125,218.44058227539065,442.30462646484375,2690.059814453125,136.34945678710938,57.27073287963867,7.0,92
Not Sweet,287.1843566894531,199.81385803222656,420.9887390136719,2568.259033203125,130.12030029296875,46.40904235839844,7.0,92
Not Sweet,270.1479797363281,189.65383911132807,389.0149230957031,2337.417236328125,135.65733337402344,58.25815582275391,7.0,92
Not Sweet,293.67437744140625,197.2738494873047,411.2189636230469,2483.578369140625,120.43048858642578,49.37131881713867,7.0,92
Not Sweet,284.7505798339844,197.2738494873047,404.1136779785156,2410.497802734375,126.65965270996094,53.32102584838867,7.0,92
Not Sweet,288.8068542480469,202.35386657714844,413.8834533691406,2532.298583984375,132.19668579101562,53.32102584838867,7.0,92
Not Sweet,300.1644287109375,209.1272125244141,428.9822082519531,2652.939453125,120.43048858642578,51.34617233276367,7.0,92
Not Sweet,276.6380310058594,198.9671936035156,422.76507568359375,2465.01806640625,123.19900512695312,53.32102584838867,7.0,92
Not Sweet,269.33673095703125,185.4204864501953,373.0279846191406,2224.896484375,128.04391479492188,56.28330612182617,7.0,92
Not Sweet,287.99560546875,199.81385803222656,397.0083618164063,2427.89794921875,128.7360382080078,57.27073287963867,7.0,92
Not Sweet,313.9557800292969,220.1339111328125,438.7519836425781,2789.820556640625,132.88882446289062,56.28330612182617,7.0,92
Not Sweet,299.3531799316406,213.36056518554688,439.64013671875,2792.140625,134.2730712890625,56.28330612182617,7.0,92
Not Sweet,315.5782775878906,219.2872467041016,459.1796875,2700.5,136.34945678710938,56.28330612182617,7.0,92
Not Sweet,295.2969055175781,206.5872039794922,444.0809631347656,2547.378662109375,132.19668579101562,54.30845260620117,7.0,92
Not Sweet,296.9194030761719,204.8938751220703,425.4295349121094,2463.858154296875,135.65733337402344,53.32102584838867,7.0,92
Not Sweet,301.78692626953125,204.8938751220703,430.7585144042969,2473.13818359375,135.65733337402344,55.29587936401367,7.0,92
Not Sweet,278.2605285644531,190.50050354003903,393.4557189941406,2539.2587890625,133.58094787597656,59.245582580566406,7.0,92
Not Sweet,289.6181030273437,198.9671936035156,412.1071166992188,2484.73828125,125.27539825439452,55.29587936401367,7.0,92
Not Sweet,295.2969055175781,208.28054809570312,431.6466674804688,2656.419677734375,130.8124237060547,58.25815582275391,7.0,92
Not Sweet,266.0917053222656,187.9604949951172,389.0149230957031,2238.81640625,123.8911361694336,55.29587936401367,7.0,92
Not Sweet,278.2605285644531,190.50050354003903,397.89654541015625,2424.41796875,135.65733337402344,58.25815582275391,7.0,92
Not Sweet,299.3531799316406,202.35386657714844,405.8899841308594,2371.057373046875,130.12030029296875,55.29587936401367,7.0,92
Not Sweet,277.44927978515625,197.2738494873047,395.2320556640625,2590.299072265625,121.81475067138672,52.33359909057617,7.0,92
Not Sweet,293.67437744140625,206.5872039794922,418.3242492675781,2596.09912109375,122.5068817138672,54.30845260620117,7.0,92
Not Sweet,309.0882263183594,215.05389404296875,461.84417724609375,2764.30029296875,123.8911361694336,51.34617233276367,7.0,92
Not Sweet,296.9194030761719,209.1272125244141,447.6336059570313,2511.41845703125,130.12030029296875,55.29587936401367,7.0,92
Not Sweet,305.8432312011719,209.9738922119141,437.8638305664063,2584.4990234375,129.4281768798828,52.33359909057617,7.0,92
Not Sweet,308.2769775390625,215.90057373046875,431.6466674804688,2630.8994140625,125.27539825439452,51.34617233276367,7.0,92
Not Sweet,284.7505798339844,198.9671936035156,428.9822082519531,2592.619140625,127.3517837524414,54.30845260620117,7.0,92
Not Sweet,293.67437744140625,210.820556640625,446.7454223632813,2561.298828125,124.58326721191406,54.30845260620117,7.0,92
Not Sweet,288.8068542480469,208.28054809570312,431.6466674804688,2524.1787109375,121.12261962890624,50.35874557495117,7.0,92
Not Sweet,267.7142333984375,186.26715087890625,392.5675659179688,2405.857666015625,130.12030029296875,60.233009338378906,7.4,93
Not Sweet,261.22418212890625,183.72715759277344,358.8174133300781,2315.376953125,122.5068817138672,51.34617233276367,7.4,93
Not Sweet,287.99560546875,198.1205291748047,394.3438720703125,2429.057861328125,123.8911361694336,53.32102584838867,7.4,93
Not Sweet,295.2969055175781,199.81385803222656,409.442626953125,2499.818359375,130.8124237060547,55.29587936401367,7.4,93
Not Sweet,311.5220031738281,210.820556640625,428.0940246582031,2577.5390625,129.4281768798828,51.34617233276367,7.4,93
Not Sweet,283.1280822753906,187.11383056640625,384.5740966796875,2604.21923828125,133.58094787597656,53.32102584838867,7.4,93
Not Sweet,286.3730773925781,194.7338409423828,385.4622497558594,2267.816650390625,138.4258575439453,62.20786285400391,7.4,93
Not Sweet,309.8995056152344,210.820556640625,428.0940246582031,2545.058837890625,125.27539825439452,47.39646911621094,7.4,93
Not Sweet,326.1246032714844,223.5205841064453,465.3968200683594,2871.021240234375,132.88882446289062,49.37131881713867,7.4,93
Not Sweet,304.220703125,207.4338836669922,409.442626953125,2831.580810546875,128.7360382080078,53.32102584838867,7.4,93
Not Sweet,288.8068542480469,194.7338409423828,403.2254943847656,2517.218505859375,132.19668579101562,49.37131881713867,7.4,93
Not Sweet,263.657958984375,171.02711486816406,351.71209716796875,2264.336669921875,125.96752166748048,47.39646911621094,7.4,93
Not Sweet,234.4527587890625,160.02041625976562,331.2843933105469,2033.4949951171875,119.04623413085938,52.33359909057617,7.4,93
Not Sweet,244.9990692138672,167.64044189453125,352.60028076171875,2002.1748046875,116.27771759033205,53.32102584838867,7.4,93
Not Sweet,249.8666076660156,174.41378784179688,357.04107666015625,2127.45556640625,112.81707000732422,51.34617233276367,7.4,93
Not Sweet,251.48912048339844,176.1071319580078,356.1529235839844,2223.736328125,112.12493896484376,49.37131881713867,7.4,93
Not Sweet,266.0917053222656,189.65383911132807,366.8108520507813,2455.738037109375,119.04623413085938,51.34617233276367,7.4,93
Not Sweet,224.7176971435547,171.02711486816406,375.6924743652344,2320.01708984375,125.96752166748048,55.29587936401367,7.4,93
Not Sweet,270.959228515625,183.72715759277344,378.3569641113281,2192.416259765625,121.81475067138672,52.33359909057617,7.4,93
Not Sweet,273.3930053710937,190.50050354003903,408.5544738769531,2306.096923828125,118.3541030883789,49.37131881713867,7.4,93
Not Sweet,290.42938232421875,201.5072021484375,410.330810546875,2761.98046875,118.3541030883789,51.34617233276367,7.4,93
Not Sweet,255.5453948974609,181.1871490478516,373.0279846191406,2359.457275390625,129.4281768798828,56.28330612182617,7.4,93
Not Sweet,246.62158203125,175.26046752929688,365.0345458984375,2179.656005859375,121.12261962890624,55.29587936401367,7.4,93
Not Sweet,279.0718078613281,188.80715942382807,389.0149230957031,2444.137939453125,127.3517837524414,57.27073287963867,7.4,93
Not Sweet,272.5817565917969,186.26715087890625,386.3504333496094,2382.657470703125,127.3517837524414,51.34617233276367,7.4,93
Not Sweet,258.7904052734375,182.0338134765625,366.8108520507813,2391.937744140625,129.4281768798828,56.28330612182617,7.4,93
Not Sweet,253.11163330078125,182.0338134765625,378.3569641113281,2255.056640625,112.12493896484376,46.40904235839844,7.4,93
Not Sweet,249.05535888671875,169.3337860107422,351.71209716796875,2263.1767578125,112.81707000732422,52.33359909057617,7.4,93
Not Sweet,240.1315460205078,167.64044189453125,357.04107666015625,2115.855712890625,112.12493896484376,50.35874557495117,7.4,93
Not Sweet,263.657958984375,184.5738220214844,362.37005615234375,2125.1357421875,110.74068450927734,46.40904235839844,7.4,93
Not Sweet,250.6778564453125,181.1871490478516,374.8043212890625,2274.77685546875,122.5068817138672,53.32102584838867,7.4,93
Not Sweet,265.28045654296875,187.11383056640625,383.6859436035156,2279.416748046875,119.04623413085938,50.35874557495117,7.4,93
Sweet,287.99560546875,199.81385803222656,396.1202087402344,2520.698486328125,121.81475067138672,50.35874557495117,8.2,94
Sweet,250.6778564453125,161.71376037597656,358.8174133300781,2475.458251953125,128.04391479492188,56.28330612182617,8.2,94
Sweet,260.4129333496094,182.0338134765625,358.8174133300781,2358.29736328125,125.27539825439452,56.28330612182617,8.2,94
Sweet,219.85015869140625,166.7937774658203,356.1529235839844,2268.976806640625,123.19900512695312,53.32102584838867,8.2,94
Sweet,186.5886993408203,137.1603546142578,313.5211486816406,2265.49658203125,119.04623413085938,48.38389205932617,8.2,94
Sweet,221.47267150878903,160.02041625976562,304.6395263671875,2263.1767578125,117.66197204589844,45.42161560058594,8.2,94
Sweet,219.85015869140625,154.09373474121094,337.50152587890625,2118.175537109375,123.19900512695312,47.39646911621094,8.2,94
Sweet,223.90643310546875,149.8603973388672,314.4093017578125,2150.65576171875,118.3541030883789,53.32102584838867,8.2,94
Sweet,240.1315460205078,162.5604248046875,328.6199035644531,2188.93603515625,116.96984100341795,49.37131881713867,8.2,94
Sweet,244.1878204345703,161.71376037597656,317.07379150390625,2279.416748046875,109.3564224243164,35.5473518371582,8.2,94
Sweet,249.8666076660156,177.80047607421875,365.9226989746094,2331.6171875,115.58558654785156,45.42161560058594,8.2,94
Sweet,270.959228515625,181.1871490478516,365.9226989746094,2491.698486328125,121.81475067138672,45.42161560058594,8.2,94
Sweet,187.3999481201172,143.9337158203125,305.5276794433594,2526.49853515625,123.19900512695312,49.37131881713867,8.2,94
Sweet,268.5254821777344,181.1871490478516,363.2582092285156,2470.818115234375,124.58326721191406,48.38389205932617,8.2,94
Sweet,268.5254821777344,187.11383056640625,379.2451171875,2297.97705078125,116.96984100341795,38.50962829589844,8.2,94
Sweet,235.26400756835932,159.1737518310547,336.6133728027344,2339.7373046875,118.3541030883789,47.39646911621094,8.2,94
Sweet,227.1514587402344,154.09373474121094,301.9750366210937,2104.255615234375,119.73835754394533,54.30845260620117,8.2,94
Sweet,211.73760986328125,149.8603973388672,317.07379150390625,2110.0556640625,110.74068450927734,50.35874557495117,8.2,94
Sweet,197.9462738037109,144.78038024902344,301.9750366210937,2286.376953125,111.43280792236328,39.49705505371094,8.2,94
Sweet,251.48912048339844,173.56712341308594,342.8305053710937,2130.935791015625,110.04855346679688,40.48448181152344,8.2,94
Sweet,187.3999481201172,141.39370727539062,317.9619445800781,2107.735595703125,115.58558654785156,47.39646911621094,8.2,94
Sweet,217.41639709472656,147.3203887939453,299.310546875,2155.2958984375,110.04855346679688,49.37131881713867,8.2,94
Sweet,244.1878204345703,172.720458984375,337.50152587890625,2291.016845703125,100.3587417602539,40.48448181152344,8.2,94
Sweet,268.5254821777344,182.88047790527344,367.6990356445313,2344.377197265625,109.3564224243164,44.43418884277344,8.2,94
Sweet,264.4692077636719,184.5738220214844,363.2582092285156,2549.69873046875,116.27771759033205,49.37131881713867,8.2,94
Sweet,230.396484375,174.41378784179688,362.37005615234375,2668.019775390625,120.43048858642578,44.43418884277344,8.2,94
Sweet,193.0787353515625,162.5604248046875,356.1529235839844,2532.298583984375,121.81475067138672,47.39646911621094,8.2,94
Sweet,249.05535888671875,176.1071319580078,351.71209716796875,2209.81640625,119.73835754394533,47.39646911621094,8.2,94
Sweet,249.05535888671875,171.02711486816406,362.37005615234375,2110.0556640625,112.81707000732422,45.42161560058594,8.2,94
Sweet,249.8666076660156,171.873779296875,345.4949645996094,2113.53564453125,128.7360382080078,60.233009338378906,8.2,94
Sweet,237.69778442382807,169.3337860107422,358.8174133300781,2132.095703125,116.27771759033205,50.35874557495117,8.2,94
Sweet,253.92288208007807,178.6471405029297,370.363525390625,2409.337646484375,109.3564224243164,46.40904235839844,8.2,94
Not Sweet,247.432846069336,186.26715087890625,413.8834533691406,2555.498779296875,115.58558654785156,42.45933532714844,7.4,95
Not Sweet,279.883056640625,190.50050354003903,362.37005615234375,2303.777099609375,107.97216033935548,45.42161560058594,7.4,95
Not Sweet,299.3531799316406,189.65383911132807,364.1463928222656,2364.097412109375,124.58326721191406,50.35874557495117,7.4,95
Not Sweet,223.90643310546875,165.9470977783203,335.7251892089844,2303.777099609375,121.81475067138672,53.32102584838867,7.4,95
Not Sweet,223.90643310546875,158.32708740234375,361.4819030761719,2337.417236328125,131.5045623779297,59.245582580566406,7.4,95
Not Sweet,250.6778564453125,170.18045043945312,341.0541687011719,2056.695068359375,114.20132446289062,44.43418884277344,7.4,95
Not Sweet,240.9427947998047,171.02711486816406,347.27130126953125,2183.135986328125,118.3541030883789,54.30845260620117,7.4,95
Not Sweet,249.05535888671875,174.41378784179688,357.9292297363281,2077.5751953125,119.73835754394533,58.25815582275391,7.4,95
Not Sweet,219.85015869140625,149.01373291015625,309.0803527832031,2006.8148193359373,106.58790588378906,48.38389205932617,7.4,95
Not Sweet,234.4527587890625,183.72715759277344,374.8043212890625,2545.058837890625,117.66197204589844,51.34617233276367,7.4,95
Not Sweet,272.5817565917969,182.0338134765625,399.6728515625,2507.9384765625,122.5068817138672,52.33359909057617,7.4,95
Not Sweet,236.0752716064453,163.4071044921875,348.1594543457031,2195.896240234375,114.8934555053711,51.34617233276367,7.4,95
Not Sweet,215.7938842773437,148.16705322265625,319.73828125,2104.255615234375,112.12493896484376,48.38389205932617,7.4,95
Not Sweet,207.68133544921875,146.47372436523438,306.4158630371094,2072.935302734375,106.58790588378906,45.42161560058594,7.4,95
Not Sweet,203.62506103515625,143.08705139160156,277.9946594238281,1949.974365234375,105.20364379882812,47.39646911621094,7.4,95
Not Sweet,232.0189971923828,154.94041442871094,312.63299560546875,1999.854736328125,105.20364379882812,47.39646911621094,7.4,95
Not Sweet,196.32376098632807,136.31369018554688,297.53424072265625,2148.3359375,107.97216033935548,47.39646911621094,7.4,95
Not Sweet,218.22764587402344,161.71376037597656,309.0803527832031,2154.135986328125,110.74068450927734,48.38389205932617,7.4,95
Not Sweet,240.1315460205078,168.4871063232422,350.8239440917969,2036.9749755859373,107.28003692626952,46.40904235839844,7.4,95
Not Sweet,229.5852203369141,154.09373474121094,347.27130126953125,2050.89501953125,114.8934555053711,47.39646911621094,7.4,95
Not Sweet,224.7176971435547,157.48040771484375,292.20526123046875,1973.174560546875,108.66429138183594,48.38389205932617,7.4,95
Not Sweet,257.9791564941406,193.0405120849609,395.2320556640625,2462.6982421875,112.12493896484376,41.47190856933594,7.4,95
Not Sweet,266.0917053222656,184.5738220214844,389.903076171875,2306.096923828125,123.8911361694336,52.33359909057617,7.4,95
Not Sweet,265.28045654296875,185.4204864501953,413.8834533691406,2342.057373046875,115.58558654785156,49.37131881713867,7.4,95
Not Sweet,252.3003692626953,166.7937774658203,342.8305053710937,2309.576904296875,109.3564224243164,47.39646911621094,7.4,95
Not Sweet,217.41639709472656,155.78707885742188,325.9554138183594,2028.85498046875,110.04855346679688,50.35874557495117,7.4,95
Not Sweet,251.48912048339844,177.80047607421875,384.5740966796875,2380.337646484375,106.58790588378906,43.44676208496094,7.4,95
Not Sweet,242.5653076171875,176.1071319580078,350.8239440917969,2289.85693359375,114.20132446289062,50.35874557495117,7.4,95
Not Sweet,251.48912048339844,182.0338134765625,367.6990356445313,2279.416748046875,112.81707000732422,51.34617233276367,7.4,95
Not Sweet,231.20773315429688,154.94041442871094,346.3831481933594,2005.65478515625,110.04855346679688,47.39646911621094,7.4,95
Not Sweet,270.959228515625,197.2738494873047,380.13330078125,2456.898193359375,114.20132446289062,47.39646911621094,7.4,95
Not Sweet,285.56182861328125,194.7338409423828,409.442626953125,2468.498291015625,122.5068817138672,49.37131881713867,7.4,95
Sweet,203.62506103515625,164.25376892089844,360.5937194824219,2578.698974609375,126.65965270996094,48.38389205932617,8.0,96
Sweet,189.0224609375,138.85369873046875,320.6264343261719,2380.337646484375,119.73835754394533,48.38389205932617,8.0,96
Sweet,213.3601226806641,162.5604248046875,296.6460876464844,2339.7373046875,119.73835754394533,50.35874557495117,8.0,96
Sweet,267.7142333984375,187.11383056640625,405.0018310546875,2452.258056640625,125.96752166748048,45.42161560058594,8.0,96
Sweet,274.2042541503906,182.0338134765625,381.0214538574219,2375.697509765625,122.5068817138672,46.40904235839844,8.0,96
Sweet,261.22418212890625,186.26715087890625,389.903076171875,2459.218017578125,123.19900512695312,48.38389205932617,8.0,96
Sweet,246.62158203125,166.7937774658203,357.9292297363281,2176.176025390625,120.43048858642578,52.33359909057617,8.0,96
Sweet,206.058822631836,154.94041442871094,349.935791015625,2187.776123046875,117.66197204589844,53.32102584838867,8.0,96
Sweet,282.3168029785156,193.0405120849609,375.6924743652344,2529.978759765625,133.58094787597656,56.28330612182617,8.0,96
Sweet,249.8666076660156,172.720458984375,365.9226989746094,2207.496337890625,128.7360382080078,58.25815582275391,8.0,96
Sweet,202.8137969970703,168.4871063232422,346.3831481933594,2229.536376953125,116.27771759033205,49.37131881713867,8.0,96
Sweet,239.32028198242188,178.6471405029297,365.0345458984375,2217.936279296875,111.43280792236328,45.42161560058594,8.0,96
Sweet,264.4692077636719,188.80715942382807,396.1202087402344,2394.257568359375,113.50920104980467,48.38389205932617,8.0,96
Sweet,265.28045654296875,182.0338134765625,381.90960693359375,2207.496337890625,123.19900512695312,55.29587936401367,8.0,96
Sweet,255.5453948974609,174.41378784179688,378.3569641113281,2441.818115234375,125.96752166748048,55.29587936401367,8.0,96
Sweet,172.79736328125,148.16705322265625,335.7251892089844,2329.297119140625,114.8934555053711,43.44676208496094,8.0,96
Sweet,244.9990692138672,169.3337860107422,340.166015625,2132.095703125,109.3564224243164,42.45933532714844,8.0,96
Sweet,215.7938842773437,139.7003631591797,300.19873046875,2350.17724609375,116.96984100341795,48.38389205932617,8.0,96
Sweet,261.22418212890625,172.720458984375,321.5146179199219,2383.817626953125,114.8934555053711,51.34617233276367,8.0,96
Sweet,219.85015869140625,142.24037170410156,299.310546875,2194.736083984375,119.73835754394533,49.37131881713867,8.0,96
Sweet,180.09866333007812,149.01373291015625,313.5211486816406,1998.6947021484373,107.97216033935548,43.44676208496094,8.0,96
Sweet,232.0189971923828,164.25376892089844,333.9488830566406,2111.215576171875,108.66429138183594,49.37131881713867,8.0,96
Sweet,221.47267150878903,158.32708740234375,337.50152587890625,2076.415283203125,102.43512725830078,31.597644805908203,8.0,96
Sweet,178.4761505126953,151.55372619628906,312.63299560546875,2289.85693359375,105.8957748413086,44.43418884277344,8.0,96
Sweet,227.9627227783203,154.09373474121094,337.50152587890625,2104.255615234375,114.20132446289062,53.32102584838867,8.0,96
Sweet,242.5653076171875,165.10043334960938,341.9423217773437,2004.4947509765625,115.58558654785156,54.30845260620117,8.0,96
Sweet,244.9990692138672,163.4071044921875,325.0672607421875,1907.0540771484373,115.58558654785156,42.45933532714844,8.0,96
Sweet,252.3003692626953,166.7937774658203,341.9423217773437,2190.09619140625,120.43048858642578,48.38389205932617,8.0,96
Sweet,218.22764587402344,150.70706176757812,298.4223937988281,2318.857177734375,119.04623413085938,46.40904235839844,8.0,96
Sweet,256.3566589355469,165.9470977783203,330.396240234375,2417.457763671875,115.58558654785156,44.43418884277344,8.0,96
Sweet,235.26400756835932,161.71376037597656,319.73828125,2079.895263671875,114.20132446289062,47.39646911621094,8.0,96
Sweet,212.5488739013672,167.64044189453125,349.0476379394531,2142.535888671875,112.81707000732422,39.49705505371094,8.0,96
Not Sweet,252.3003692626953,168.4871063232422,330.396240234375,2408.177734375,120.43048858642578,53.32102584838867,7.0,97
Not Sweet,251.48912048339844,177.80047607421875,339.27783203125,2178.49609375,109.3564224243164,41.47190856933594,7.0,97
Not Sweet,262.8466796875,182.0338134765625,382.79779052734375,2221.416259765625,119.73835754394533,56.28330612182617,7.0,97
Not Sweet,247.432846069336,171.873779296875,369.475341796875,2113.53564453125,123.19900512695312,54.30845260620117,7.0,97
Not Sweet,210.11509704589844,158.32708740234375,335.7251892089844,1985.9346923828125,114.8934555053711,52.33359909057617,7.0,97
Not Sweet,234.4527587890625,166.7937774658203,357.9292297363281,2135.57568359375,114.20132446289062,44.43418884277344,7.0,97
Not Sweet,257.9791564941406,186.26715087890625,383.6859436035156,2279.416748046875,119.04623413085938,48.38389205932617,7.0,97
Not Sweet,251.48912048339844,174.41378784179688,390.7912292480469,2410.497802734375,123.8911361694336,52.33359909057617,7.0,97
Not Sweet,247.432846069336,177.80047607421875,354.3765869140625,2279.416748046875,121.81475067138672,54.30845260620117,7.0,97
Not Sweet,233.6415100097656,155.78707885742188,364.1463928222656,2285.216796875,116.27771759033205,48.38389205932617,7.0,97
Not Sweet,253.92288208007807,172.720458984375,352.60028076171875,2114.695556640625,105.8957748413086,35.5473518371582,7.0,97
Not Sweet,232.0189971923828,165.9470977783203,353.4884338378906,2322.337158203125,107.28003692626952,45.42161560058594,7.0,97
Not Sweet,218.22764587402344,153.2470703125,297.53424072265625,2200.5361328125,116.27771759033205,41.47190856933594,7.0,97
Not Sweet,243.37657165527344,165.9470977783203,341.9423217773437,2212.13623046875,110.74068450927734,41.47190856933594,7.0,97
Not Sweet,225.5289459228516,149.01373291015625,302.8632202148437,1961.574462890625,107.97216033935548,47.39646911621094,7.0,97
Not Sweet,255.5453948974609,175.26046752929688,348.1594543457031,2142.535888671875,116.96984100341795,52.33359909057617,7.0,97
Not Sweet,232.0189971923828,162.5604248046875,349.935791015625,2057.855224609375,116.96984100341795,52.33359909057617,7.0,97
Not Sweet,227.1514587402344,155.78707885742188,324.1791076660156,2023.054931640625,111.43280792236328,48.38389205932617,7.0,97
Not Sweet,223.90643310546875,157.48040771484375,326.84356689453125,1956.9344482421875,114.20132446289062,52.33359909057617,7.0,97
Not Sweet,247.432846069336,177.80047607421875,342.8305053710937,2197.05615234375,112.81707000732422,51.34617233276367,7.0,97
Not Sweet,251.48912048339844,169.3337860107422,351.71209716796875,2220.25634765625,126.65965270996094,48.38389205932617,7.0,97
Not Sweet,238.509033203125,173.56712341308594,347.27130126953125,2357.137451171875,119.73835754394533,47.39646911621094,7.0,97
Not Sweet,279.883056640625,192.19384765625,423.6532287597656,2594.939208984375,117.66197204589844,43.44676208496094,7.0,97
Not Sweet,223.09518432617188,160.02041625976562,325.0672607421875,2169.216064453125,110.74068450927734,42.45933532714844,7.0,97
Not Sweet,267.7142333984375,174.41378784179688,358.8174133300781,2361.77734375,114.20132446289062,46.40904235839844,7.0,97
Not Sweet,239.32028198242188,158.32708740234375,319.73828125,2009.134765625,109.3564224243164,43.44676208496094,7.0,97
Not Sweet,223.90643310546875,154.09373474121094,338.3896789550781,1960.4144287109373,112.12493896484376,49.37131881713867,7.0,97
Not Sweet,204.43630981445312,143.9337158203125,285.9881286621094,1813.0933837890625,100.3587417602539,34.5599250793457,7.0,97
Not Sweet,228.7739715576172,155.78707885742188,309.0803527832031,1893.1339111328125,105.20364379882812,46.40904235839844,7.0,97
Not Sweet,255.5453948974609,172.720458984375,352.60028076171875,2169.216064453125,117.66197204589844,49.37131881713867,7.0,97
Not Sweet,253.11163330078125,171.02711486816406,352.60028076171875,2089.17529296875,108.66429138183594,44.43418884277344,7.0,97
Not Sweet,242.5653076171875,168.4871063232422,346.3831481933594,2241.136474609375,114.20132446289062,51.34617233276367,7.0,97
Not Sweet,279.0718078613281,196.4271850585937,439.64013671875,2611.17919921875,132.19668579101562,59.245582580566406,6.0,98
Not Sweet,275.0155334472656,188.80715942382807,386.3504333496094,2311.89697265625,125.96752166748048,57.27073287963867,6.0,98
Not Sweet,278.2605285644531,193.0405120849609,389.0149230957031,2386.1376953125,108.66429138183594,47.39646911621094,6.0,98
Not Sweet,279.0718078613281,197.2738494873047,416.5479431152344,2554.3388671875,123.19900512695312,52.33359909057617,6.0,98
Not Sweet,292.8631286621094,198.9671936035156,406.7781372070313,2482.418212890625,127.3517837524414,56.28330612182617,6.0,98
Not Sweet,292.0518798828125,197.2738494873047,410.330810546875,2441.818115234375,127.3517837524414,56.28330612182617,6.0,98
Not Sweet,275.0155334472656,193.88717651367188,414.7716064453125,2546.21875,129.4281768798828,55.29587936401367,6.0,98
Not Sweet,283.1280822753906,202.35386657714844,411.2189636230469,2549.69873046875,125.27539825439452,53.32102584838867,6.0,98
Not Sweet,300.1644287109375,204.8938751220703,435.1993408203125,2535.77880859375,130.8124237060547,54.30845260620117,6.0,98
Not Sweet,260.4129333496094,190.50050354003903,392.5675659179688,2416.2978515625,123.19900512695312,56.28330612182617,6.0,98
Not Sweet,256.3566589355469,176.95379638671875,357.04107666015625,2192.416259765625,121.81475067138672,52.33359909057617,6.0,98
Not Sweet,287.99560546875,202.35386657714844,428.9822082519531,2507.9384765625,121.12261962890624,55.29587936401367,6.0,98
Not Sweet,281.50555419921875,198.1205291748047,395.2320556640625,2510.258544921875,128.7360382080078,56.28330612182617,6.0,98
Not Sweet,306.65447998046875,211.667221069336,444.9691162109375,2685.419677734375,130.8124237060547,57.27073287963867,6.0,98
Not Sweet,271.7705078125,190.50050354003903,397.89654541015625,2447.617919921875,121.12261962890624,52.33359909057617,6.0,98
Not Sweet,257.9791564941406,169.3337860107422,359.70556640625,2104.255615234375,122.5068817138672,55.29587936401367,6.0,98
Not Sweet,291.2406311035156,202.35386657714844,414.7716064453125,2427.89794921875,121.81475067138672,55.29587936401367,6.0,98
Not Sweet,292.0518798828125,200.6605224609375,414.7716064453125,2525.338623046875,120.43048858642578,51.34617233276367,6.0,98
Not Sweet,283.1280822753906,196.4271850585937,408.5544738769531,2477.7783203125,113.50920104980467,51.34617233276367,6.0,98
Not Sweet,262.0354309082031,182.88047790527344,383.6859436035156,2296.81689453125,128.04391479492188,56.28330612182617,6.0,98
Not Sweet,257.9791564941406,182.88047790527344,362.37005615234375,2219.096435546875,116.96984100341795,50.35874557495117,6.0,98
Not Sweet,287.99560546875,197.2738494873047,386.3504333496094,2313.05712890625,118.3541030883789,52.33359909057617,6.0,98
Not Sweet,275.0155334472656,193.0405120849609,407.6663208007813,2529.978759765625,123.19900512695312,52.33359909057617,6.0,98
Not Sweet,254.734130859375,182.0338134765625,374.8043212890625,2419.77783203125,113.50920104980467,50.35874557495117,6.0,98
Not Sweet,294.48565673828125,211.667221069336,436.97564697265625,2846.660888671875,125.27539825439452,52.33359909057617,6.0,98
Not Sweet,267.7142333984375,186.26715087890625,393.4557189941406,2415.1376953125,128.04391479492188,52.33359909057617,6.0,98
Not Sweet,303.4094543457031,212.513900756836,436.0874938964844,2538.0986328125,125.27539825439452,51.34617233276367,6.0,98
Not Sweet,258.7904052734375,177.80047607421875,365.9226989746094,2157.615966796875,121.12261962890624,53.32102584838867,6.0,98
Not Sweet,257.1679077148437,181.1871490478516,376.5806579589844,2484.73828125,121.81475067138672,53.32102584838867,6.0,98
Not Sweet,293.67437744140625,195.5805206298828,416.5479431152344,2447.617919921875,127.3517837524414,53.32102584838867,6.0,98
Not Sweet,253.11163330078125,173.56712341308594,354.3765869140625,2170.3759765625,116.27771759033205,51.34617233276367,6.0,98
Not Sweet,257.9791564941406,178.6471405029297,365.0345458984375,2172.696044921875,122.5068817138672,52.33359909057617,6.0,98
Not Sweet,242.5653076171875,172.720458984375,375.6924743652344,2318.857177734375,106.58790588378906,36.5347785949707,6.4,99
Not Sweet,216.6051483154297,157.48040771484375,333.0606994628906,2079.895263671875,112.81707000732422,41.47190856933594,6.4,99
Not Sweet,238.509033203125,168.4871063232422,341.0541687011719,2141.375732421875,116.96984100341795,47.39646911621094,6.4,99
Not Sweet,270.1479797363281,187.9604949951172,364.1463928222656,2289.85693359375,116.27771759033205,46.40904235839844,6.4,99
Not Sweet,267.7142333984375,184.5738220214844,379.2451171875,2208.65625,114.8934555053711,52.33359909057617,6.4,99
Not Sweet,266.0917053222656,189.65383911132807,393.4557189941406,2665.69970703125,106.58790588378906,33.5724983215332,6.4,99
Not Sweet,275.8267822265625,195.5805206298828,430.7585144042969,2542.73876953125,114.20132446289062,45.42161560058594,6.4,99
Not Sweet,262.0354309082031,181.1871490478516,380.13330078125,2239.9765625,128.04391479492188,57.27073287963867,6.4,99
Not Sweet,262.8466796875,181.1871490478516,364.1463928222656,2266.65673828125,119.73835754394533,46.40904235839844,6.4,99
Not Sweet,251.48912048339844,169.3337860107422,381.0214538574219,2242.296630859375,112.12493896484376,41.47190856933594,6.4,99
Not Sweet,249.05535888671875,164.25376892089844,368.5871887207031,2140.2158203125,116.96984100341795,52.33359909057617,6.4,99
Not Sweet,235.26400756835932,160.02041625976562,329.508056640625,2078.7353515625,102.43512725830078,35.5473518371582,6.4,99
Not Sweet,219.03890991210932,151.55372619628906,321.5146179199219,1932.57421875,118.3541030883789,54.30845260620117,6.4,99
Not Sweet,216.6051483154297,158.32708740234375,306.4158630371094,2201.6962890625,114.8934555053711,40.48448181152344,6.4,99
Not Sweet,227.1514587402344,154.09373474121094,343.7186584472656,2103.095458984375,120.43048858642578,53.32102584838867,6.4,99
Not Sweet,181.7211761474609,126.1536636352539,252.23797607421875,2072.935302734375,106.58790588378906,42.45933532714844,6.4,99
Not Sweet,176.8536376953125,120.22698211669922,258.4551086425781,2147.17578125,111.43280792236328,47.39646911621094,6.4,99
Not Sweet,180.09866333007812,141.39370727539062,307.30401611328125,2345.537353515625,110.04855346679688,45.42161560058594,6.4,99
Not Sweet,232.8302459716797,164.25376892089844,341.0541687011719,2142.535888671875,118.3541030883789,48.38389205932617,6.4,99
Not Sweet,214.98263549804688,162.5604248046875,335.7251892089844,2391.937744140625,121.81475067138672,48.38389205932617,6.4,99
Not Sweet,223.90643310546875,138.85369873046875,316.1856384277344,2265.49658203125,127.3517837524414,55.29587936401367,6.4,99
Not Sweet,252.3003692626953,177.80047607421875,358.8174133300781,2420.937744140625,112.81707000732422,42.45933532714844,6.4,99
Not Sweet,216.6051483154297,160.86709594726562,343.7186584472656,2474.29833984375,114.20132446289062,45.42161560058594,6.4,99
Not Sweet,241.75405883789065,165.10043334960938,352.60028076171875,2417.457763671875,124.58326721191406,55.29587936401367,6.4,99
Not Sweet,234.4527587890625,160.86709594726562,308.1921691894531,2164.575927734375,120.43048858642578,54.30845260620117,6.4,99
Not Sweet,220.6614227294922,155.78707885742188,358.8174133300781,2238.81640625,114.20132446289062,46.40904235839844,6.4,99
Not Sweet,197.1350250244141,147.3203887939453,294.8697509765625,2197.05615234375,107.97216033935548,42.45933532714844,6.4,99
Not Sweet,253.92288208007807,176.1071319580078,356.1529235839844,2294.496826171875,109.3564224243164,45.42161560058594,6.4,99
Not Sweet,227.9627227783203,152.40040588378906,327.73175048828125,2256.216552734375,116.27771759033205,53.32102584838867,6.4,99
Not Sweet,223.90643310546875,158.32708740234375,326.84356689453125,2038.135009765625,117.66197204589844,53.32102584838867,6.4,99
Not Sweet,219.85015869140625,157.48040771484375,356.1529235839844,2316.537109375,110.74068450927734,40.48448181152344,6.4,99
Not Sweet,230.396484375,162.5604248046875,346.3831481933594,2144.855712890625,112.12493896484376,44.43418884277344,6.4,99
Sweet,264.4692077636719,185.4204864501953,394.3438720703125,2358.29736328125,106.58790588378906,50.35874557495117,10.0,100
Sweet,276.6380310058594,192.19384765625,409.442626953125,2440.657958984375,114.20132446289062,56.28330612182617,10.0,100
Sweet,254.734130859375,177.80047607421875,385.4622497558594,2302.616943359375,108.66429138183594,51.34617233276367,10.0,100
Sweet,260.4129333496094,179.49380493164062,379.2451171875,2325.817138671875,98.97447967529295,46.40904235839844,10.0,100
Sweet,239.32028198242188,161.71376037597656,325.0672607421875,1997.53466796875,105.20364379882812,52.33359909057617,10.0,100
Sweet,255.5453948974609,175.26046752929688,377.46881103515625,2294.496826171875,102.43512725830078,48.38389205932617,10.0,100
Sweet,276.6380310058594,194.7338409423828,418.3242492675781,2539.2587890625,112.12493896484376,51.34617233276367,10.0,100
Sweet,263.657958984375,182.0338134765625,389.903076171875,2350.17724609375,110.04855346679688,51.34617233276367,10.0,100
Sweet,251.48912048339844,172.720458984375,369.475341796875,2409.337646484375,106.58790588378906,52.33359909057617,10.0,100
Sweet,261.22418212890625,187.11383056640625,386.3504333496094,2570.578857421875,92.05319213867188,43.44676208496094,10.0,100
Sweet,257.9791564941406,182.88047790527344,387.2385864257813,2581.01904296875,111.43280792236328,55.29587936401367,10.0,100
Sweet,258.7904052734375,178.6471405029297,376.5806579589844,2407.017822265625,106.58790588378906,54.30845260620117,10.0,100
Sweet,240.9427947998047,165.9470977783203,348.1594543457031,2152.975830078125,100.3587417602539,50.35874557495117,10.0,100
Sweet,236.8865203857422,166.7937774658203,348.1594543457031,2144.855712890625,98.28235626220705,48.38389205932617,10.0,100
Sweet,232.0189971923828,165.10043334960938,342.8305053710937,2105.41552734375,96.8980941772461,50.35874557495117,10.0,100
Sweet,247.432846069336,168.4871063232422,348.1594543457031,2111.215576171875,93.43744659423828,45.42161560058594,10.0,100
Sweet,266.9029541015625,176.95379638671875,364.1463928222656,2221.416259765625,96.8980941772461,47.39646911621094,10.0,100
Sweet,272.5817565917969,194.7338409423828,386.3504333496094,2516.05859375,101.74300384521484,46.40904235839844,10.0,100
Sweet,303.4094543457031,209.9738922119141,441.4164733886719,2806.060791015625,108.66429138183594,46.40904235839844,10.0,100
Sweet,275.0155334472656,195.5805206298828,411.2189636230469,2553.1787109375,117.66197204589844,57.27073287963867,10.0,100
Sweet,238.509033203125,173.56712341308594,359.70556640625,2378.017578125,110.04855346679688,52.33359909057617,10.0,100
Sweet,244.9990692138672,176.1071319580078,357.9292297363281,2336.25732421875,106.58790588378906,54.30845260620117,10.0,100
Sweet,244.9990692138672,171.873779296875,362.37005615234375,2369.8974609375,103.81938934326172,51.34617233276367,10.0,100
Sweet,241.75405883789065,168.4871063232422,356.1529235839844,2294.496826171875,103.12725830078124,52.33359909057617,10.0,100
Sweet,225.5289459228516,170.18045043945312,357.9292297363281,2275.936767578125,100.3587417602539,50.35874557495117,10.0,100
Sweet,239.32028198242188,167.64044189453125,358.8174133300781,2257.376708984375,100.3587417602539,51.34617233276367,10.0,100
Sweet,252.3003692626953,174.41378784179688,363.2582092285156,2237.656494140625,95.51383972167967,45.42161560058594,10.0,100
Sweet,232.8302459716797,164.25376892089844,347.27130126953125,2071.775390625,98.97447967529295,51.34617233276367,10.0,100
Sweet,257.1679077148437,174.41378784179688,354.3765869140625,2219.096435546875,102.43512725830078,48.38389205932617,10.0,100
Sweet,269.33673095703125,180.3404693603516,376.5806579589844,2470.818115234375,105.8957748413086,52.33359909057617,10.0,100
Sweet,275.0155334472656,187.11383056640625,403.2254943847656,2591.458984375,110.74068450927734,52.33359909057617,10.0,100
Sweet,254.734130859375,174.41378784179688,363.2582092285156,2395.417724609375,110.04855346679688,52.33359909057617,10.0,100
Not Sweet,280.6943054199219,190.50050354003903,389.0149230957031,2582.178955078125,111.43280792236328,50.35874557495117,7.6,101
Not Sweet,244.1878204345703,174.41378784179688,348.1594543457031,2132.095703125,112.81707000732422,52.33359909057617,7.6,101
Not Sweet,254.734130859375,176.95379638671875,369.475341796875,2210.976318359375,108.66429138183594,52.33359909057617,7.6,101
Not Sweet,260.4129333496094,178.6471405029297,389.903076171875,2241.136474609375,106.58790588378906,49.37131881713867,7.6,101
Not Sweet,249.8666076660156,171.873779296875,359.70556640625,2244.616455078125,107.28003692626952,51.34617233276367,7.6,101
Not Sweet,295.2969055175781,202.35386657714844,402.33734130859375,2683.099853515625,98.97447967529295,37.52220153808594,7.6,101
Not Sweet,329.36962890625,216.7472381591797,462.73236083984375,2832.740966796875,121.81475067138672,50.35874557495117,7.6,101
Not Sweet,304.220703125,211.667221069336,423.6532287597656,2549.69873046875,123.19900512695312,52.33359909057617,7.6,101
Not Sweet,282.3168029785156,193.88717651367188,423.6532287597656,2456.898193359375,115.58558654785156,53.32102584838867,7.6,101
Not Sweet,281.50555419921875,197.2738494873047,406.7781372070313,2586.819091796875,114.20132446289062,54.30845260620117,7.6,101
Not Sweet,283.1280822753906,193.88717651367188,430.7585144042969,2585.658935546875,114.20132446289062,49.37131881713867,7.6,101
Not Sweet,266.0917053222656,178.6471405029297,370.363525390625,2191.256103515625,112.81707000732422,49.37131881713867,7.6,101
Not Sweet,241.75405883789065,171.02711486816406,367.6990356445313,2152.975830078125,115.58558654785156,57.27073287963867,7.6,101
Not Sweet,254.734130859375,175.26046752929688,356.1529235839844,2277.0966796875,101.74300384521484,47.39646911621094,7.6,101
Not Sweet,244.1878204345703,170.18045043945312,342.8305053710937,2149.495849609375,96.8980941772461,45.42161560058594,7.6,101
Not Sweet,249.8666076660156,171.873779296875,349.0476379394531,2275.936767578125,105.20364379882812,46.40904235839844,7.6,101
Not Sweet,248.2440948486328,171.873779296875,348.1594543457031,2127.45556640625,103.81938934326172,47.39646911621094,7.6,101
Not Sweet,251.48912048339844,176.95379638671875,367.6990356445313,2075.25537109375,114.20132446289062,55.29587936401367,7.6,101
Not Sweet,262.0354309082031,179.49380493164062,362.37005615234375,2123.9755859375,110.74068450927734,53.32102584838867,7.6,101
Not Sweet,260.4129333496094,182.88047790527344,389.903076171875,2390.777587890625,112.81707000732422,52.33359909057617,7.6,101
Not Sweet,296.9194030761719,205.74053955078125,426.3177185058594,2854.781005859375,116.27771759033205,54.30845260620117,7.6,101
Not Sweet,271.7705078125,189.65383911132807,399.6728515625,2507.9384765625,111.43280792236328,49.37131881713867,7.6,101
Not Sweet,262.0354309082031,178.6471405029297,375.6924743652344,2373.37744140625,114.20132446289062,50.35874557495117,7.6,101
Not Sweet,252.3003692626953,177.80047607421875,371.2516784667969,2253.896728515625,107.97216033935548,48.38389205932617,7.6,101
Not Sweet,252.3003692626953,179.49380493164062,384.5740966796875,2239.9765625,106.58790588378906,50.35874557495117,7.6,101
Not Sweet,249.8666076660156,170.18045043945312,367.6990356445313,2236.49658203125,104.5115203857422,49.37131881713867,7.6,101
Not Sweet,232.8302459716797,167.64044189453125,350.8239440917969,2202.856201171875,98.97447967529295,47.39646911621094,7.6,101
Not Sweet,256.3566589355469,176.1071319580078,372.1398315429688,2207.496337890625,109.3564224243164,52.33359909057617,7.6,101
Not Sweet,236.8865203857422,161.71376037597656,346.3831481933594,2030.0150146484373,108.66429138183594,53.32102584838867,7.6,101
Not Sweet,237.69778442382807,171.02711486816406,352.60028076171875,2119.335693359375,103.81938934326172,49.37131881713867,7.6,101
Not Sweet,247.432846069336,175.26046752929688,373.0279846191406,2330.457275390625,98.97447967529295,46.40904235839844,7.6,101
Not Sweet,262.0354309082031,185.4204864501953,390.7912292480469,2542.73876953125,112.81707000732422,50.35874557495117,7.6,101
Not Sweet,295.2969055175781,200.6605224609375,426.3177185058594,2448.778076171875,121.81475067138672,54.30845260620117,7.4,102
Not Sweet,273.3930053710937,187.11383056640625,386.3504333496094,2359.457275390625,110.04855346679688,52.33359909057617,7.4,102
Not Sweet,262.8466796875,182.0338134765625,373.0279846191406,2337.417236328125,115.58558654785156,52.33359909057617,7.4,102
Not Sweet,254.734130859375,179.49380493164062,378.3569641113281,2317.697021484375,112.12493896484376,51.34617233276367,7.4,102
Not Sweet,267.7142333984375,188.80715942382807,391.6793823242188,2326.97705078125,121.12261962890624,57.27073287963867,7.4,102
Not Sweet,282.3168029785156,195.5805206298828,409.442626953125,2519.53857421875,121.12261962890624,54.30845260620117,7.4,102
Not Sweet,283.9393310546875,201.5072021484375,400.5610046386719,2498.658447265625,112.12493896484376,51.34617233276367,7.4,102
Not Sweet,285.56182861328125,197.2738494873047,416.5479431152344,2540.418701171875,125.27539825439452,53.32102584838867,7.4,102
Not Sweet,321.257080078125,220.1339111328125,442.30462646484375,2765.46044921875,126.65965270996094,53.32102584838867,7.4,102
Not Sweet,307.4657287597656,204.04721069335932,431.6466674804688,2640.179443359375,122.5068817138672,53.32102584838867,7.4,102
Not Sweet,306.65447998046875,213.36056518554688,436.0874938964844,2749.22021484375,116.27771759033205,50.35874557495117,7.4,102
Not Sweet,283.1280822753906,199.81385803222656,418.3242492675781,2585.658935546875,115.58558654785156,52.33359909057617,7.4,102
Not Sweet,270.959228515625,178.6471405029297,397.89654541015625,2303.777099609375,123.8911361694336,58.25815582275391,7.4,102
Not Sweet,265.28045654296875,180.3404693603516,373.0279846191406,2316.537109375,112.12493896484376,52.33359909057617,7.4,102
Not Sweet,250.6778564453125,171.873779296875,360.5937194824219,2216.7763671875,111.43280792236328,52.33359909057617,7.4,102
Not Sweet,255.5453948974609,177.80047607421875,365.9226989746094,2155.2958984375,107.28003692626952,50.35874557495117,7.4,102
Not Sweet,253.92288208007807,171.02711486816406,360.5937194824219,2215.6162109375,108.66429138183594,49.37131881713867,7.4,102
Not Sweet,282.3168029785156,196.4271850585937,390.7912292480469,2394.257568359375,110.74068450927734,50.35874557495117,7.4,102
Not Sweet,296.9194030761719,207.4338836669922,421.87689208984375,2712.10009765625,114.8934555053711,48.38389205932617,7.4,102
Not Sweet,279.883056640625,194.7338409423828,411.2189636230469,2471.978271484375,114.20132446289062,53.32102584838867,7.4,102
Not Sweet,306.65447998046875,214.2072296142578,436.97564697265625,2722.5400390625,113.50920104980467,48.38389205932617,7.4,102
Not Sweet,265.28045654296875,184.5738220214844,401.4491882324219,2390.777587890625,123.8911361694336,57.27073287963867,7.4,102
Not Sweet,271.7705078125,191.34716796875,396.1202087402344,2521.858642578125,114.20132446289062,52.33359909057617,7.4,102
Not Sweet,253.92288208007807,178.6471405029297,346.3831481933594,2209.81640625,101.05087280273438,44.43418884277344,7.4,102
Not Sweet,266.0917053222656,182.88047790527344,382.79779052734375,2408.177734375,109.3564224243164,49.37131881713867,7.4,102
Not Sweet,246.62158203125,171.873779296875,365.9226989746094,2238.81640625,107.97216033935548,47.39646911621094,7.4,102
Not Sweet,250.6778564453125,171.02711486816406,357.9292297363281,2086.85546875,113.50920104980467,52.33359909057617,7.4,102
Not Sweet,266.0917053222656,187.9604949951172,384.5740966796875,2446.4580078125,105.20364379882812,45.42161560058594,7.4,102
Not Sweet,269.33673095703125,190.50050354003903,372.1398315429688,2374.53759765625,103.81938934326172,45.42161560058594,7.4,102
Not Sweet,291.2406311035156,200.6605224609375,418.3242492675781,2533.458740234375,117.66197204589844,51.34617233276367,7.4,102
Not Sweet,275.8267822265625,198.1205291748047,405.0018310546875,2514.8984375,122.5068817138672,55.29587936401367,7.4,102
Not Sweet,285.56182861328125,191.34716796875,414.7716064453125,2511.41845703125,123.19900512695312,55.29587936401367,7.4,102
Not Sweet,214.98263549804688,150.70706176757812,274.4420166015625,1808.453369140625,105.8957748413086,48.38389205932617,7.2,103
Not Sweet,246.62158203125,172.720458984375,365.9226989746094,2228.37646484375,112.12493896484376,53.32102584838867,7.2,103
Not Sweet,242.5653076171875,166.7937774658203,366.8108520507813,2204.016357421875,107.97216033935548,50.35874557495117,7.2,103
Not Sweet,230.396484375,161.71376037597656,323.2909240722656,2070.615234375,110.74068450927734,49.37131881713867,7.2,103
Not Sweet,259.6016845703125,180.3404693603516,369.475341796875,2364.097412109375,110.74068450927734,46.40904235839844,7.2,103
Not Sweet,259.6016845703125,181.1871490478516,378.3569641113281,2314.217041015625,113.50920104980467,48.38389205932617,7.2,103
Not Sweet,250.6778564453125,162.5604248046875,343.7186584472656,2255.056640625,106.58790588378906,46.40904235839844,7.2,103
Not Sweet,274.2042541503906,190.50050354003903,394.3438720703125,2594.939208984375,122.5068817138672,52.33359909057617,7.2,103
Not Sweet,271.7705078125,185.4204864501953,381.90960693359375,2391.937744140625,114.8934555053711,49.37131881713867,7.2,103
Not Sweet,249.8666076660156,169.3337860107422,362.37005615234375,2289.85693359375,113.50920104980467,50.35874557495117,7.2,103
Not Sweet,224.7176971435547,160.02041625976562,320.6264343261719,2083.375244140625,107.28003692626952,51.34617233276367,7.2,103
Not Sweet,227.9627227783203,156.6337432861328,325.9554138183594,2075.25537109375,99.66661071777344,45.42161560058594,7.2,103
Not Sweet,228.7739715576172,155.78707885742188,326.84356689453125,2028.85498046875,105.8957748413086,50.35874557495117,7.2,103
Not Sweet,217.41639709472656,156.6337432861328,312.63299560546875,1947.654296875,96.20596313476562,43.44676208496094,7.2,103
Not Sweet,223.90643310546875,150.70706176757812,321.5146179199219,2281.73681640625,109.3564224243164,49.37131881713867,7.2,103
Not Sweet,229.5852203369141,161.71376037597656,312.63299560546875,2103.095458984375,96.20596313476562,42.45933532714844,7.2,103
Not Sweet,249.8666076660156,168.4871063232422,349.0476379394531,2355.977294921875,107.97216033935548,45.42161560058594,7.2,103
Not Sweet,285.56182861328125,198.1205291748047,407.6663208007813,2770.100341796875,116.27771759033205,46.40904235839844,7.2,103
Not Sweet,271.7705078125,189.65383911132807,393.4557189941406,2652.939453125,121.12261962890624,50.35874557495117,7.2,103
Not Sweet,275.8267822265625,189.65383911132807,404.1136779785156,2248.0966796875,128.7360382080078,56.28330612182617,7.2,103
Not Sweet,258.7904052734375,171.02711486816406,363.2582092285156,2192.416259765625,106.58790588378906,42.45933532714844,7.2,103
Not Sweet,217.41639709472656,151.55372619628906,337.50152587890625,2033.4949951171875,103.81938934326172,46.40904235839844,7.2,103
Not Sweet,213.3601226806641,140.5470428466797,277.9946594238281,2106.575439453125,101.05087280273438,43.44676208496094,7.2,103
Not Sweet,217.41639709472656,149.01373291015625,306.4158630371094,1902.4140625,103.12725830078124,48.38389205932617,7.2,103
Not Sweet,237.69778442382807,162.5604248046875,332.17254638671875,1988.254638671875,105.20364379882812,49.37131881713867,7.2,103
Not Sweet,234.4527587890625,162.5604248046875,336.6133728027344,2016.0948486328125,109.3564224243164,51.34617233276367,7.2,103
Not Sweet,219.85015869140625,156.6337432861328,317.07379150390625,1948.8143310546875,101.74300384521484,47.39646911621094,7.2,103
Not Sweet,234.4527587890625,157.48040771484375,354.3765869140625,2117.015625,107.97216033935548,46.40904235839844,7.2,103
Not Sweet,248.2440948486328,160.86709594726562,309.0803527832031,2220.25634765625,103.81938934326172,44.43418884277344,7.2,103
Not Sweet,249.8666076660156,176.95379638671875,377.46881103515625,2322.337158203125,108.66429138183594,46.40904235839844,7.2,103
Not Sweet,253.92288208007807,176.95379638671875,346.3831481933594,2162.255859375,110.74068450927734,52.33359909057617,7.2,103
Not Sweet,241.75405883789065,171.02711486816406,349.935791015625,2100.775390625,116.27771759033205,52.33359909057617,7.2,103
Not Sweet,228.7739715576172,160.02041625976562,324.1791076660156,1920.97412109375,102.43512725830078,47.39646911621094,6.2,104
Not Sweet,229.5852203369141,155.78707885742188,325.0672607421875,1840.93359375,103.12725830078124,47.39646911621094,6.2,104
Not Sweet,229.5852203369141,160.02041625976562,322.4027709960937,1895.4539794921875,102.43512725830078,47.39646911621094,6.2,104
Not Sweet,255.5453948974609,173.56712341308594,336.6133728027344,2129.775634765625,98.28235626220705,44.43418884277344,6.2,104
Not Sweet,200.38003540039065,143.08705139160156,275.3302001953125,1810.7733154296875,85.13189697265625,38.50962829589844,6.2,104
Not Sweet,236.0752716064453,165.10043334960938,335.7251892089844,1946.494384765625,98.97447967529295,42.45933532714844,6.2,104
Not Sweet,233.6415100097656,162.5604248046875,333.9488830566406,2060.17529296875,93.43744659423828,41.47190856933594,6.2,104
Not Sweet,237.69778442382807,163.4071044921875,342.8305053710937,1911.694091796875,110.74068450927734,51.34617233276367,6.2,104
Not Sweet,232.0189971923828,160.86709594726562,318.8501281738281,1948.8143310546875,94.12957763671876,40.48448181152344,6.2,104
Not Sweet,220.6614227294922,156.6337432861328,313.5211486816406,1961.574462890625,92.74532318115234,41.47190856933594,6.2,104
Not Sweet,232.0189971923828,160.02041625976562,329.508056640625,2067.13525390625,99.66661071777344,43.44676208496094,6.2,104
Not Sweet,217.41639709472656,151.55372619628906,317.9619445800781,1952.29443359375,101.05087280273438,45.42161560058594,6.2,104
Not Sweet,250.6778564453125,168.4871063232422,347.27130126953125,1988.254638671875,103.12725830078124,46.40904235839844,6.2,104
Not Sweet,240.9427947998047,166.7937774658203,338.3896789550781,1978.974609375,95.51383972167967,39.49705505371094,6.2,104
Not Sweet,236.0752716064453,162.5604248046875,340.166015625,1981.2945556640625,94.12957763671876,42.45933532714844,6.2,104
Not Sweet,226.3402099609375,160.02041625976562,318.8501281738281,1999.854736328125,103.81938934326172,51.34617233276367,6.2,104
Not Sweet,232.0189971923828,161.71376037597656,328.6199035644531,2002.1748046875,100.3587417602539,45.42161560058594,6.2,104
Not Sweet,235.26400756835932,163.4071044921875,340.166015625,1967.37451171875,111.43280792236328,52.33359909057617,6.2,104
Not Sweet,216.6051483154297,153.2470703125,311.74481201171875,1844.41357421875,110.04855346679688,53.32102584838867,6.2,104
Not Sweet,221.47267150878903,157.48040771484375,322.4027709960937,1997.53466796875,103.81938934326172,50.35874557495117,6.2,104
Not Sweet,211.73760986328125,149.8603973388672,309.968505859375,2001.0147705078125,104.5115203857422,50.35874557495117,6.2,104
Not Sweet,232.8302459716797,158.32708740234375,333.0606994628906,2047.4150390625,105.8957748413086,49.37131881713867,6.2,104
Not Sweet,221.47267150878903,153.2470703125,304.6395263671875,1832.8134765625,109.3564224243164,51.34617233276367,6.2,104
Not Sweet,224.7176971435547,158.32708740234375,325.9554138183594,2005.65478515625,101.05087280273438,47.39646911621094,6.2,104
Not Sweet,203.62506103515625,143.9337158203125,293.9815979003906,1649.5321044921875,105.20364379882812,51.34617233276367,6.2,104
Not Sweet,214.98263549804688,146.47372436523438,312.63299560546875,1814.25341796875,103.12725830078124,46.40904235839844,6.2,104
Not Sweet,213.3601226806641,147.3203887939453,310.8566589355469,1927.9342041015625,89.976806640625,38.50962829589844,6.2,104
Not Sweet,238.509033203125,160.86709594726562,333.9488830566406,1934.894287109375,96.8980941772461,40.48448181152344,6.2,104
Not Sweet,225.5289459228516,147.3203887939453,319.73828125,2063.6552734375,104.5115203857422,47.39646911621094,6.2,104
Not Sweet,206.058822631836,146.47372436523438,285.0999755859375,1611.2518310546875,105.8957748413086,50.35874557495117,6.2,104
Not Sweet,229.5852203369141,158.32708740234375,337.50152587890625,2113.53564453125,99.66661071777344,41.47190856933594,6.2,104
Not Sweet,232.0189971923828,158.32708740234375,339.27783203125,1953.454345703125,106.58790588378906,45.42161560058594,6.2,104
Sweet,268.5254821777344,188.80715942382807,388.1267395019531,2489.37841796875,115.58558654785156,49.37131881713867,8.2,105
Sweet,278.2605285644531,198.1205291748047,412.1071166992188,2481.25830078125,121.81475067138672,51.34617233276367,8.2,105
Sweet,277.44927978515625,189.65383911132807,395.2320556640625,2459.218017578125,121.12261962890624,56.28330612182617,8.2,105
Sweet,280.6943054199219,194.7338409423828,403.2254943847656,2448.778076171875,124.58326721191406,57.27073287963867,8.2,105
Sweet,300.9756774902344,209.1272125244141,432.5348510742188,2561.298828125,127.3517837524414,55.29587936401367,8.2,105
Sweet,294.48565673828125,199.81385803222656,420.9887390136719,2467.338134765625,124.58326721191406,57.27073287963867,8.2,105
Sweet,275.0155334472656,187.9604949951172,410.330810546875,2478.938232421875,124.58326721191406,55.29587936401367,8.2,105
Sweet,269.33673095703125,187.11383056640625,397.89654541015625,2350.17724609375,129.4281768798828,58.25815582275391,8.2,105
Sweet,275.8267822265625,197.2738494873047,397.89654541015625,2409.337646484375,116.27771759033205,51.34617233276367,8.2,105
Sweet,276.6380310058594,196.4271850585937,401.4491882324219,2394.257568359375,113.50920104980467,49.37131881713867,8.2,105
Sweet,285.56182861328125,200.6605224609375,413.8834533691406,2570.578857421875,122.5068817138672,53.32102584838867,8.2,105
Sweet,279.0718078613281,196.4271850585937,421.87689208984375,2610.019287109375,127.3517837524414,55.29587936401367,8.2,105
Sweet,257.1679077148437,182.88047790527344,390.7912292480469,2300.296875,121.81475067138672,54.30845260620117,8.2,105
Sweet,266.0917053222656,183.72715759277344,387.2385864257813,2233.016357421875,119.73835754394533,53.32102584838867,8.2,105
Sweet,240.9427947998047,165.9470977783203,357.04107666015625,2089.17529296875,110.04855346679688,51.34617233276367,8.2,105
Sweet,236.0752716064453,163.4071044921875,347.27130126953125,2091.495361328125,112.12493896484376,52.33359909057617,8.2,105
Sweet,237.69778442382807,162.5604248046875,331.2843933105469,2013.77490234375,112.12493896484376,51.34617233276367,8.2,105
Sweet,257.1679077148437,174.41378784179688,344.6068115234375,2173.85595703125,110.04855346679688,49.37131881713867,8.2,105
Sweet,246.62158203125,175.26046752929688,364.1463928222656,2209.81640625,119.04623413085938,53.32102584838867,8.2,105
Sweet,245.81033325195312,173.56712341308594,366.8108520507813,2214.456298828125,116.27771759033205,52.33359909057617,8.2,105
Sweet,255.5453948974609,182.0338134765625,367.6990356445313,2092.655517578125,106.58790588378906,49.37131881713867,8.2,105
Sweet,262.0354309082031,185.4204864501953,377.46881103515625,2351.33740234375,112.81707000732422,46.40904235839844,8.2,105
Sweet,280.6943054199219,190.50050354003903,374.8043212890625,2316.537109375,109.3564224243164,46.40904235839844,8.2,105
Sweet,286.3730773925781,196.4271850585937,407.6663208007813,2540.418701171875,121.81475067138672,50.35874557495117,8.2,105
Sweet,275.0155334472656,188.80715942382807,400.5610046386719,2342.057373046875,127.3517837524414,53.32102584838867,8.2,105
Sweet,270.959228515625,188.80715942382807,390.7912292480469,2326.97705078125,122.5068817138672,53.32102584838867,8.2,105
Sweet,257.9791564941406,187.11383056640625,389.0149230957031,2499.818359375,124.58326721191406,53.32102584838867,8.2,105
Sweet,253.92288208007807,174.41378784179688,367.6990356445313,2042.7750244140625,119.04623413085938,52.33359909057617,8.2,105
Sweet,233.6415100097656,161.71376037597656,347.27130126953125,2004.4947509765625,112.81707000732422,52.33359909057617,8.2,105
Sweet,220.6614227294922,155.78707885742188,327.73175048828125,1893.1339111328125,110.04855346679688,52.33359909057617,8.2,105
Sweet,223.90643310546875,155.78707885742188,333.0606994628906,1968.5345458984373,106.58790588378906,52.33359909057617,8.2,105
Sweet,230.396484375,160.86709594726562,337.50152587890625,2068.295166015625,106.58790588378906,49.37131881713867,8.2,105
Not Sweet,262.8466796875,185.4204864501953,379.2451171875,2405.857666015625,112.81707000732422,49.37131881713867,7.2,106
Not Sweet,258.7904052734375,177.80047607421875,373.9161682128906,2336.25732421875,116.27771759033205,49.37131881713867,7.2,106
Not Sweet,249.8666076660156,176.95379638671875,369.475341796875,2093.8154296875,118.3541030883789,54.30845260620117,7.2,106
Not Sweet,257.9791564941406,182.0338134765625,388.1267395019531,2274.77685546875,108.66429138183594,47.39646911621094,7.2,106
Not Sweet,253.92288208007807,181.1871490478516,379.2451171875,2161.095947265625,123.8911361694336,57.27073287963867,7.2,106
Not Sweet,254.734130859375,182.0338134765625,383.6859436035156,2288.69677734375,126.65965270996094,56.28330612182617,7.2,106
Not Sweet,280.6943054199219,197.2738494873047,397.0083618164063,2380.337646484375,114.8934555053711,45.42161560058594,7.2,106
Not Sweet,285.56182861328125,201.5072021484375,401.4491882324219,2517.218505859375,107.97216033935548,44.43418884277344,7.2,106
Not Sweet,279.883056640625,197.2738494873047,407.6663208007813,2521.858642578125,113.50920104980467,48.38389205932617,7.2,106
Not Sweet,252.3003692626953,171.873779296875,382.79779052734375,2296.81689453125,122.5068817138672,50.35874557495117,7.2,106
Not Sweet,257.1679077148437,177.80047607421875,369.475341796875,2125.1357421875,115.58558654785156,47.39646911621094,7.2,106
Not Sweet,248.2440948486328,172.720458984375,354.3765869140625,2148.3359375,105.20364379882812,45.42161560058594,7.2,106
Not Sweet,237.69778442382807,165.10043334960938,337.50152587890625,2165.736083984375,112.81707000732422,50.35874557495117,7.2,106
Not Sweet,242.5653076171875,171.02711486816406,352.60028076171875,2106.575439453125,116.96984100341795,53.32102584838867,7.2,106
Not Sweet,234.4527587890625,165.9470977783203,352.60028076171875,1939.5343017578125,114.20132446289062,49.37131881713867,7.2,106
Not Sweet,238.509033203125,168.4871063232422,345.4949645996094,2119.335693359375,104.5115203857422,44.43418884277344,7.2,106
Not Sweet,239.32028198242188,165.10043334960938,339.27783203125,2134.415771484375,105.8957748413086,44.43418884277344,7.2,106
Not Sweet,237.69778442382807,165.9470977783203,330.396240234375,2090.33544921875,105.20364379882812,45.42161560058594,7.2,106
Not Sweet,228.7739715576172,162.5604248046875,317.07379150390625,2067.13525390625,102.43512725830078,45.42161560058594,7.2,106
Not Sweet,256.3566589355469,177.80047607421875,351.71209716796875,2223.736328125,119.04623413085938,51.34617233276367,7.2,106
Not Sweet,254.734130859375,168.4871063232422,321.5146179199219,2019.5748291015625,104.5115203857422,43.44676208496094,7.2,106
Not Sweet,244.9990692138672,166.7937774658203,360.5937194824219,2019.5748291015625,115.58558654785156,50.35874557495117,7.2,106
Not Sweet,235.26400756835932,169.3337860107422,345.4949645996094,2045.0950927734373,114.8934555053711,53.32102584838867,7.2,106
Not Sweet,240.1315460205078,167.64044189453125,349.935791015625,1915.174072265625,117.66197204589844,56.28330612182617,7.2,106
Not Sweet,233.6415100097656,163.4071044921875,343.7186584472656,1980.1346435546875,111.43280792236328,53.32102584838867,7.2,106
Not Sweet,195.51251220703125,140.5470428466797,288.6526184082031,1630.9720458984375,109.3564224243164,52.33359909057617,7.2,106
Not Sweet,224.7176971435547,156.6337432861328,340.166015625,2027.6949462890625,110.74068450927734,53.32102584838867,7.2,106
Not Sweet,204.43630981445312,147.3203887939453,306.4158630371094,1720.292724609375,111.43280792236328,54.30845260620117,7.2,106
Not Sweet,228.7739715576172,159.1737518310547,333.9488830566406,1962.7344970703125,108.66429138183594,52.33359909057617,7.2,106
Not Sweet,225.5289459228516,158.32708740234375,326.84356689453125,1801.4932861328125,107.97216033935548,50.35874557495117,7.2,106
Not Sweet,250.6778564453125,172.720458984375,356.1529235839844,2097.29541015625,110.04855346679688,48.38389205932617,7.2,106
Not Sweet,257.9791564941406,176.1071319580078,370.363525390625,2267.816650390625,109.3564224243164,44.43418884277344,7.2,106
Not Sweet,244.9990692138672,169.3337860107422,359.70556640625,2217.936279296875,105.8957748413086,40.48448181152344,7.4,107
Not Sweet,253.11163330078125,176.95379638671875,354.3765869140625,2155.2958984375,116.96984100341795,49.37131881713867,7.4,107
Not Sweet,245.81033325195312,171.02711486816406,356.1529235839844,2194.736083984375,105.20364379882812,44.43418884277344,7.4,107
Not Sweet,245.81033325195312,165.10043334960938,327.73175048828125,2117.015625,98.28235626220705,41.47190856933594,7.4,107
Not Sweet,255.5453948974609,174.41378784179688,360.5937194824219,2166.89599609375,107.97216033935548,46.40904235839844,7.4,107
Not Sweet,250.6778564453125,174.41378784179688,350.8239440917969,2092.655517578125,110.74068450927734,47.39646911621094,7.4,107
Not Sweet,253.11163330078125,173.56712341308594,350.8239440917969,2234.176513671875,116.96984100341795,51.34617233276367,7.4,107
Not Sweet,263.657958984375,183.72715759277344,371.2516784667969,2317.697021484375,116.27771759033205,51.34617233276367,7.4,107
Not Sweet,249.8666076660156,172.720458984375,370.363525390625,2304.93701171875,119.73835754394533,52.33359909057617,7.4,107
Not Sweet,259.6016845703125,172.720458984375,365.9226989746094,2215.6162109375,120.43048858642578,49.37131881713867,7.4,107
Not Sweet,241.75405883789065,170.18045043945312,359.70556640625,2175.01611328125,121.12261962890624,52.33359909057617,7.4,107
Not Sweet,247.432846069336,171.873779296875,344.6068115234375,2040.455078125,104.5115203857422,41.47190856933594,7.4,107
Not Sweet,245.81033325195312,170.18045043945312,371.2516784667969,2181.97607421875,120.43048858642578,49.37131881713867,7.4,107
Not Sweet,241.75405883789065,169.3337860107422,353.4884338378906,2166.89599609375,113.50920104980467,42.45933532714844,7.4,107
Not Sweet,242.5653076171875,166.7937774658203,344.6068115234375,2064.815185546875,112.81707000732422,50.35874557495117,7.4,107
Not Sweet,233.6415100097656,166.7937774658203,345.4949645996094,2151.81591796875,111.43280792236328,48.38389205932617,7.4,107
Not Sweet,235.26400756835932,165.10043334960938,344.6068115234375,2061.335205078125,109.3564224243164,48.38389205932617,7.4,107
Not Sweet,228.7739715576172,161.71376037597656,335.7251892089844,1968.5345458984373,114.20132446289062,50.35874557495117,7.4,107
Not Sweet,236.8865203857422,164.25376892089844,343.7186584472656,2150.65576171875,106.58790588378906,41.47190856933594,7.4,107
Not Sweet,238.509033203125,162.5604248046875,333.9488830566406,2128.61572265625,114.20132446289062,47.39646911621094,7.4,107
Not Sweet,216.6051483154297,151.55372619628906,309.0803527832031,2125.1357421875,112.12493896484376,49.37131881713867,7.4,107
Not Sweet,233.6415100097656,164.25376892089844,340.166015625,2083.375244140625,110.74068450927734,44.43418884277344,7.4,107
Not Sweet,240.1315460205078,166.7937774658203,342.8305053710937,2159.93603515625,112.81707000732422,46.40904235839844,7.4,107
Not Sweet,219.03890991210932,146.47372436523438,317.9619445800781,1824.6934814453125,114.8934555053711,53.32102584838867,7.4,107
Not Sweet,233.6415100097656,164.25376892089844,351.71209716796875,2173.85595703125,111.43280792236328,52.33359909057617,7.4,107
Not Sweet,244.1878204345703,171.02711486816406,357.04107666015625,2347.857421875,113.50920104980467,47.39646911621094,7.4,107
Not Sweet,227.9627227783203,160.86709594726562,358.8174133300781,2222.576416015625,110.04855346679688,44.43418884277344,7.4,107
Not Sweet,223.09518432617188,153.2470703125,303.7513732910156,2027.6949462890625,105.8957748413086,40.48448181152344,7.4,107
Not Sweet,258.7904052734375,178.6471405029297,366.8108520507813,2244.616455078125,105.20364379882812,41.47190856933594,7.4,107
Not Sweet,224.7176971435547,149.01373291015625,290.428955078125,2144.855712890625,112.81707000732422,45.42161560058594,7.4,107
Not Sweet,240.1315460205078,162.5604248046875,341.0541687011719,2068.295166015625,113.50920104980467,50.35874557495117,7.4,107
Not Sweet,224.7176971435547,160.02041625976562,341.9423217773437,2170.3759765625,107.28003692626952,43.44676208496094,7.4,107
Sweet,264.4692077636719,184.5738220214844,379.2451171875,2359.457275390625,117.66197204589844,50.35874557495117,8.6,108
Sweet,283.1280822753906,194.7338409423828,397.89654541015625,2528.818603515625,116.96984100341795,52.33359909057617,8.6,108
Sweet,290.42938232421875,198.9671936035156,403.2254943847656,2529.978759765625,121.12261962890624,51.34617233276367,8.6,108
Sweet,268.5254821777344,191.34716796875,384.5740966796875,2386.1376953125,117.66197204589844,50.35874557495117,8.6,108
Sweet,295.2969055175781,199.81385803222656,415.6597595214844,2585.658935546875,130.8124237060547,55.29587936401367,8.6,108
Sweet,270.959228515625,191.34716796875,397.0083618164063,2338.5771484375,132.88882446289062,57.27073287963867,8.6,108
Sweet,263.657958984375,182.88047790527344,365.9226989746094,2253.896728515625,125.96752166748048,54.30845260620117,8.6,108
Sweet,279.883056640625,198.1205291748047,399.6728515625,2451.09814453125,128.04391479492188,54.30845260620117,8.6,108
Sweet,288.8068542480469,201.5072021484375,389.903076171875,2490.538330078125,125.96752166748048,52.33359909057617,8.6,108
Sweet,290.42938232421875,210.820556640625,421.87689208984375,2640.179443359375,132.19668579101562,55.29587936401367,8.6,108
Sweet,280.6943054199219,193.88717651367188,400.5610046386719,2422.097900390625,124.58326721191406,48.38389205932617,8.6,108
Sweet,270.1479797363281,193.88717651367188,394.3438720703125,2380.337646484375,128.7360382080078,49.37131881713867,8.6,108
Sweet,294.48565673828125,200.6605224609375,417.4360961914063,2403.53759765625,126.65965270996094,49.37131881713867,8.6,108
Sweet,277.44927978515625,190.50050354003903,404.1136779785156,2407.017822265625,132.19668579101562,54.30845260620117,8.6,108
Sweet,262.8466796875,180.3404693603516,374.8043212890625,2324.6572265625,119.04623413085938,51.34617233276367,8.6,108
Sweet,267.7142333984375,179.49380493164062,378.3569641113281,2268.976806640625,126.65965270996094,55.29587936401367,8.6,108
Sweet,261.22418212890625,176.95379638671875,371.2516784667969,2253.896728515625,121.12261962890624,51.34617233276367,8.6,108
Sweet,253.92288208007807,173.56712341308594,357.04107666015625,2106.575439453125,129.4281768798828,56.28330612182617,8.6,108
Sweet,250.6778564453125,176.1071319580078,350.8239440917969,2065.975341796875,122.5068817138672,53.32102584838867,8.6,108
Sweet,280.6943054199219,195.5805206298828,395.2320556640625,2475.458251953125,119.73835754394533,51.34617233276367,8.6,108
Sweet,271.7705078125,192.19384765625,389.0149230957031,2407.017822265625,112.81707000732422,46.40904235839844,8.6,108
Sweet,263.657958984375,184.5738220214844,382.79779052734375,2340.897216796875,124.58326721191406,52.33359909057617,8.6,108
Sweet,269.33673095703125,188.80715942382807,392.5675659179688,2336.25732421875,124.58326721191406,55.29587936401367,8.6,108
Sweet,278.2605285644531,193.88717651367188,391.6793823242188,2360.617431640625,116.96984100341795,50.35874557495117,8.6,108
Sweet,260.4129333496094,179.49380493164062,385.4622497558594,2179.656005859375,124.58326721191406,51.34617233276367,8.6,108
Sweet,258.7904052734375,183.72715759277344,374.8043212890625,2135.57568359375,123.8911361694336,52.33359909057617,8.6,108
Sweet,256.3566589355469,182.88047790527344,366.8108520507813,2185.4560546875,113.50920104980467,49.37131881713867,8.6,108
Sweet,253.11163330078125,178.6471405029297,364.1463928222656,2175.01611328125,118.3541030883789,52.33359909057617,8.6,108
Sweet,250.6778564453125,179.49380493164062,375.6924743652344,2227.21630859375,116.96984100341795,51.34617233276367,8.6,108
Sweet,252.3003692626953,176.95379638671875,359.70556640625,2258.53662109375,114.8934555053711,49.37131881713867,8.6,108
Sweet,242.5653076171875,169.3337860107422,353.4884338378906,2046.255126953125,116.96984100341795,49.37131881713867,8.6,108
Sweet,251.48912048339844,180.3404693603516,364.1463928222656,2185.4560546875,109.3564224243164,45.42161560058594,8.6,108
Sweet,312.333251953125,218.44058227539065,444.0809631347656,2715.580078125,139.11798095703125,57.27073287963867,8.0,109
Sweet,304.220703125,207.4338836669922,432.5348510742188,2659.899658203125,136.34945678710938,54.30845260620117,8.0,109
Sweet,304.220703125,198.9671936035156,405.0018310546875,2589.13916015625,133.58094787597656,54.30845260620117,8.0,109
Sweet,292.0518798828125,205.74053955078125,415.6597595214844,2506.778564453125,128.04391479492188,50.35874557495117,8.0,109
Sweet,313.1445007324219,211.667221069336,426.3177185058594,2628.579345703125,134.2730712890625,54.30845260620117,8.0,109
Sweet,266.9029541015625,183.72715759277344,361.4819030761719,2372.217529296875,122.5068817138672,49.37131881713867,8.0,109
Sweet,299.3531799316406,204.04721069335932,411.2189636230469,2533.458740234375,123.19900512695312,49.37131881713867,8.0,109
Sweet,287.1843566894531,197.2738494873047,412.1071166992188,2374.53759765625,133.58094787597656,55.29587936401367,8.0,109
Sweet,281.50555419921875,199.81385803222656,404.1136779785156,2419.77783203125,138.4258575439453,59.245582580566406,8.0,109
Sweet,294.48565673828125,201.5072021484375,412.9952697753906,2485.8984375,134.2730712890625,55.29587936401367,8.0,109
Sweet,267.7142333984375,188.80715942382807,393.4557189941406,2250.41650390625,123.19900512695312,52.33359909057617,8.0,109
Sweet,252.3003692626953,179.49380493164062,373.0279846191406,2236.49658203125,119.04623413085938,49.37131881713867,8.0,109
Sweet,261.22418212890625,183.72715759277344,383.6859436035156,2294.496826171875,119.04623413085938,48.38389205932617,8.0,109
Sweet,256.3566589355469,181.1871490478516,366.8108520507813,2098.45556640625,125.96752166748048,53.32102584838867,8.0,109
Sweet,260.4129333496094,177.80047607421875,365.0345458984375,2172.696044921875,125.27539825439452,56.28330612182617,8.0,109
Sweet,253.11163330078125,172.720458984375,349.935791015625,2134.415771484375,124.58326721191406,54.30845260620117,8.0,109
Sweet,270.1479797363281,179.49380493164062,359.70556640625,2083.375244140625,124.58326721191406,55.29587936401367,8.0,109
Sweet,276.6380310058594,187.11383056640625,390.7912292480469,2323.4970703125,120.43048858642578,53.32102584838867,8.0,109
Sweet,244.1878204345703,170.18045043945312,344.6068115234375,2115.855712890625,121.12261962890624,52.33359909057617,8.0,109
Sweet,262.0354309082031,185.4204864501953,373.0279846191406,2241.136474609375,120.43048858642578,54.30845260620117,8.0,109
Sweet,256.3566589355469,178.6471405029297,374.8043212890625,2187.776123046875,123.8911361694336,54.30845260620117,8.0,109
Sweet,260.4129333496094,177.80047607421875,365.0345458984375,2253.896728515625,119.73835754394533,50.35874557495117,8.0,109
Sweet,253.11163330078125,173.56712341308594,363.2582092285156,2075.25537109375,119.73835754394533,54.30845260620117,8.0,109
Sweet,262.0354309082031,181.1871490478516,365.0345458984375,2139.0556640625,124.58326721191406,55.29587936401367,8.0,109
Sweet,266.9029541015625,183.72715759277344,384.5740966796875,2241.136474609375,122.5068817138672,54.30845260620117,8.0,109
Sweet,249.05535888671875,175.26046752929688,374.8043212890625,2077.5751953125,120.43048858642578,53.32102584838867,8.0,109
Sweet,263.657958984375,187.9604949951172,390.7912292480469,2248.0966796875,116.96984100341795,52.33359909057617,8.0,109
Sweet,285.56182861328125,197.2738494873047,411.2189636230469,2354.8173828125,121.81475067138672,50.35874557495117,8.0,109
Sweet,277.44927978515625,199.81385803222656,413.8834533691406,2538.0986328125,120.43048858642578,53.32102584838867,8.0,109
Sweet,278.2605285644531,193.88717651367188,410.330810546875,2441.818115234375,121.12261962890624,50.35874557495117,8.0,109
Sweet,279.883056640625,198.1205291748047,404.1136779785156,2405.857666015625,123.19900512695312,49.37131881713867,8.0,109
Sweet,282.3168029785156,194.7338409423828,423.6532287597656,2402.377685546875,129.4281768798828,54.30845260620117,8.0,109
Sweet,257.9791564941406,176.95379638671875,375.6924743652344,2329.297119140625,119.73835754394533,49.37131881713867,8.6,110
Sweet,261.22418212890625,179.49380493164062,357.04107666015625,2178.49609375,109.3564224243164,42.45933532714844,8.6,110
Sweet,270.959228515625,189.65383911132807,382.79779052734375,2378.017578125,121.81475067138672,46.40904235839844,8.6,110
Sweet,277.44927978515625,193.88717651367188,406.7781372070313,2577.5390625,133.58094787597656,57.27073287963867,8.6,110
Sweet,253.11163330078125,171.873779296875,347.27130126953125,2081.055419921875,120.43048858642578,48.38389205932617,8.6,110
Sweet,244.1878204345703,171.873779296875,332.17254638671875,2162.255859375,114.20132446289062,46.40904235839844,8.6,110
Sweet,241.75405883789065,165.9470977783203,331.2843933105469,2020.73486328125,108.66429138183594,46.40904235839844,8.6,110
Sweet,268.5254821777344,181.1871490478516,394.3438720703125,2273.61669921875,125.27539825439452,52.33359909057617,8.6,110
Sweet,249.05535888671875,178.6471405029297,346.3831481933594,2130.935791015625,116.96984100341795,48.38389205932617,8.6,110
Sweet,275.8267822265625,186.26715087890625,372.1398315429688,2209.81640625,110.04855346679688,44.43418884277344,8.6,110
Sweet,220.6614227294922,156.6337432861328,293.9815979003906,1830.4935302734373,92.05319213867188,39.49705505371094,8.6,110
Sweet,240.9427947998047,167.64044189453125,349.935791015625,2046.255126953125,120.43048858642578,50.35874557495117,8.6,110
Sweet,247.432846069336,165.10043334960938,350.8239440917969,1968.5345458984373,119.04623413085938,51.34617233276367,8.6,110
Sweet,251.48912048339844,167.64044189453125,362.37005615234375,2106.575439453125,121.12261962890624,51.34617233276367,8.6,110
Sweet,227.9627227783203,162.5604248046875,334.8370361328125,1980.1346435546875,122.5068817138672,49.37131881713867,8.6,110
Sweet,255.5453948974609,175.26046752929688,381.0214538574219,2226.056396484375,112.81707000732422,51.34617233276367,8.6,110
Sweet,248.2440948486328,173.56712341308594,355.2647705078125,2150.65576171875,112.81707000732422,49.37131881713867,8.6,110
Sweet,247.432846069336,165.9470977783203,365.9226989746094,1990.57470703125,117.66197204589844,53.32102584838867,8.6,110
Sweet,249.8666076660156,174.41378784179688,354.3765869140625,2243.45654296875,118.3541030883789,51.34617233276367,8.6,110
Sweet,269.33673095703125,186.26715087890625,389.903076171875,2150.65576171875,114.20132446289062,47.39646911621094,8.6,110
Sweet,246.62158203125,166.7937774658203,369.475341796875,2214.456298828125,123.8911361694336,57.27073287963867,8.6,110
Sweet,219.85015869140625,149.8603973388672,312.63299560546875,1811.933349609375,108.66429138183594,50.35874557495117,8.6,110
Sweet,208.4925842285156,145.62704467773438,301.9750366210937,1714.49267578125,105.20364379882812,50.35874557495117,8.6,110
Sweet,215.7938842773437,146.47372436523438,315.2974853515625,1784.0931396484375,107.97216033935548,48.38389205932617,8.6,110
Sweet,196.32376098632807,138.85369873046875,292.20526123046875,1704.0526123046875,103.81938934326172,45.42161560058594,8.6,110
Sweet,206.87008666992188,144.78038024902344,292.20526123046875,1839.7735595703125,107.97216033935548,51.34617233276367,8.6,110
Sweet,254.734130859375,179.49380493164062,343.7186584472656,2186.6162109375,111.43280792236328,47.39646911621094,8.6,110
Sweet,264.4692077636719,182.0338134765625,381.0214538574219,2212.13623046875,111.43280792236328,43.44676208496094,8.6,110
Sweet,270.959228515625,178.6471405029297,370.363525390625,2289.85693359375,114.20132446289062,45.42161560058594,8.6,110
Sweet,246.62158203125,170.18045043945312,343.7186584472656,2169.216064453125,112.12493896484376,45.42161560058594,8.6,110
Sweet,261.22418212890625,177.80047607421875,373.0279846191406,2366.41748046875,122.5068817138672,54.30845260620117,8.6,110
Sweet,227.1514587402344,151.55372619628906,315.2974853515625,1832.8134765625,111.43280792236328,48.38389205932617,8.6,110
Sweet,260.4129333496094,182.88047790527344,392.5675659179688,2333.937255859375,132.88882446289062,57.27073287963867,9.0,111
Sweet,280.6943054199219,195.5805206298828,395.2320556640625,2374.53759765625,125.27539825439452,54.30845260620117,9.0,111
Sweet,309.8995056152344,218.44058227539065,434.3111572265625,2656.419677734375,132.88882446289062,51.34617233276367,9.0,111
Sweet,295.2969055175781,204.8938751220703,432.5348510742188,2438.337890625,144.65501403808594,58.25815582275391,9.0,111
Sweet,258.7904052734375,179.49380493164062,383.6859436035156,2093.8154296875,124.58326721191406,55.29587936401367,9.0,111
Sweet,259.6016845703125,181.1871490478516,373.9161682128906,2288.69677734375,123.8911361694336,52.33359909057617,9.0,111
Sweet,291.2406311035156,201.5072021484375,402.33734130859375,2343.21728515625,132.19668579101562,58.25815582275391,9.0,111
Sweet,320.44580078125,210.820556640625,421.87689208984375,2584.4990234375,138.4258575439453,53.32102584838867,9.0,111
Sweet,312.333251953125,210.820556640625,443.1927795410156,2671.499755859375,125.27539825439452,48.38389205932617,9.0,111
Sweet,270.1479797363281,187.11383056640625,386.3504333496094,2303.777099609375,127.3517837524414,54.30845260620117,9.0,111
Sweet,245.81033325195312,171.873779296875,349.0476379394531,2158.77587890625,122.5068817138672,53.32102584838867,9.0,111
Sweet,262.0354309082031,176.1071319580078,368.5871887207031,2268.976806640625,124.58326721191406,53.32102584838867,9.0,111
Sweet,241.75405883789065,175.26046752929688,358.8174133300781,2243.45654296875,119.04623413085938,52.33359909057617,9.0,111
Sweet,262.0354309082031,177.80047607421875,364.1463928222656,2302.616943359375,123.19900512695312,52.33359909057617,9.0,111
Sweet,279.883056640625,194.7338409423828,386.3504333496094,2360.617431640625,121.81475067138672,49.37131881713867,9.0,111
Sweet,283.1280822753906,191.34716796875,404.1136779785156,2299.136962890625,130.12030029296875,53.32102584838867,9.0,111
Sweet,256.3566589355469,179.49380493164062,368.5871887207031,2086.85546875,123.19900512695312,52.33359909057617,9.0,111
Sweet,245.81033325195312,173.56712341308594,343.7186584472656,2050.89501953125,115.58558654785156,49.37131881713867,9.0,111
Sweet,273.3930053710937,189.65383911132807,381.0214538574219,2206.336181640625,131.5045623779297,57.27073287963867,9.0,111
Sweet,271.7705078125,193.88717651367188,388.1267395019531,2344.377197265625,123.19900512695312,50.35874557495117,9.0,111
Sweet,278.2605285644531,187.9604949951172,394.3438720703125,2206.336181640625,125.27539825439452,51.34617233276367,9.0,111
Sweet,252.3003692626953,172.720458984375,365.0345458984375,2163.416015625,128.7360382080078,57.27073287963867,9.0,111
Sweet,247.432846069336,182.88047790527344,371.2516784667969,2282.896728515625,123.8911361694336,55.29587936401367,9.0,111
Sweet,259.6016845703125,188.80715942382807,397.89654541015625,2488.21826171875,119.04623413085938,48.38389205932617,9.0,111
Sweet,271.7705078125,193.0405120849609,390.7912292480469,2496.33837890625,121.81475067138672,49.37131881713867,9.0,111
Sweet,292.0518798828125,207.4338836669922,428.0940246582031,2512.57861328125,121.81475067138672,50.35874557495117,9.0,111
Sweet,288.8068542480469,202.35386657714844,420.9887390136719,2529.978759765625,119.73835754394533,49.37131881713867,9.0,111
Sweet,275.8267822265625,191.34716796875,398.7846984863281,2322.337158203125,128.04391479492188,54.30845260620117,9.0,111
Sweet,277.44927978515625,198.1205291748047,409.442626953125,2413.977783203125,125.27539825439452,51.34617233276367,9.0,111
Sweet,257.1679077148437,182.88047790527344,387.2385864257813,2221.416259765625,124.58326721191406,51.34617233276367,9.0,111
Sweet,253.92288208007807,177.80047607421875,376.5806579589844,2130.935791015625,114.20132446289062,48.38389205932617,9.0,111
Sweet,266.0917053222656,190.50050354003903,389.0149230957031,2253.896728515625,114.8934555053711,47.39646911621094,9.0,111
Sweet,291.2406311035156,199.81385803222656,418.3242492675781,2376.857421875,121.81475067138672,48.38389205932617,9.4,112
Sweet,266.9029541015625,190.50050354003903,387.2385864257813,2274.77685546875,125.27539825439452,51.34617233276367,9.4,112
Sweet,287.1843566894531,195.5805206298828,397.0083618164063,2347.857421875,122.5068817138672,49.37131881713867,9.4,112
Sweet,264.4692077636719,184.5738220214844,393.4557189941406,2300.296875,130.12030029296875,55.29587936401367,9.4,112
Sweet,269.33673095703125,186.26715087890625,387.2385864257813,2352.497314453125,137.7337188720703,57.27073287963867,9.4,112
Sweet,274.2042541503906,190.50050354003903,395.2320556640625,2257.376708984375,124.58326721191406,52.33359909057617,9.4,112
Sweet,286.3730773925781,200.6605224609375,419.21240234375,2410.497802734375,125.27539825439452,54.30845260620117,9.4,112
Sweet,292.8631286621094,204.8938751220703,426.3177185058594,2434.85791015625,123.8911361694336,49.37131881713867,9.4,112
Sweet,305.0319519042969,209.1272125244141,426.3177185058594,2651.779541015625,125.96752166748048,48.38389205932617,9.4,112
Sweet,285.56182861328125,188.80715942382807,394.3438720703125,2308.4169921875,127.3517837524414,51.34617233276367,9.4,112
Sweet,284.7505798339844,193.88717651367188,400.5610046386719,2277.0966796875,126.65965270996094,56.28330612182617,9.4,112
Sweet,260.4129333496094,181.1871490478516,381.0214538574219,2274.77685546875,121.81475067138672,56.28330612182617,9.4,112
Sweet,264.4692077636719,180.3404693603516,381.90960693359375,2242.296630859375,123.19900512695312,56.28330612182617,9.4,112
Sweet,244.9990692138672,167.64044189453125,356.1529235839844,2100.775390625,122.5068817138672,55.29587936401367,9.4,112
Sweet,233.6415100097656,163.4071044921875,331.2843933105469,1936.0543212890625,109.3564224243164,45.42161560058594,9.4,112
Sweet,249.8666076660156,176.1071319580078,359.70556640625,2031.1749267578125,121.81475067138672,50.35874557495117,9.4,112
Sweet,250.6778564453125,171.873779296875,346.3831481933594,2107.735595703125,113.50920104980467,45.42161560058594,9.4,112
Sweet,272.5817565917969,191.34716796875,400.5610046386719,2200.5361328125,119.73835754394533,51.34617233276367,9.4,112
Sweet,270.1479797363281,189.65383911132807,397.89654541015625,2323.4970703125,121.12261962890624,50.35874557495117,9.4,112
Sweet,270.959228515625,188.80715942382807,391.6793823242188,2397.73779296875,124.58326721191406,55.29587936401367,9.4,112
Sweet,273.3930053710937,186.26715087890625,380.13330078125,2267.816650390625,127.3517837524414,55.29587936401367,9.4,112
Sweet,274.2042541503906,190.50050354003903,392.5675659179688,2360.617431640625,128.7360382080078,51.34617233276367,9.4,112
Sweet,268.5254821777344,187.9604949951172,384.5740966796875,2282.896728515625,127.3517837524414,52.33359909057617,9.4,112
Sweet,270.959228515625,188.80715942382807,388.1267395019531,2386.1376953125,130.12030029296875,54.30845260620117,9.4,112
Sweet,263.657958984375,180.3404693603516,391.6793823242188,2322.337158203125,124.58326721191406,52.33359909057617,9.4,112
Sweet,244.9990692138672,165.10043334960938,350.8239440917969,2064.815185546875,121.81475067138672,52.33359909057617,9.4,112
Sweet,240.1315460205078,168.4871063232422,351.71209716796875,2172.696044921875,119.04623413085938,53.32102584838867,9.4,112
Sweet,238.509033203125,167.64044189453125,349.935791015625,2215.6162109375,116.96984100341795,52.33359909057617,9.4,112
Sweet,255.5453948974609,175.26046752929688,365.9226989746094,2333.937255859375,119.04623413085938,51.34617233276367,9.4,112
Sweet,253.11163330078125,171.873779296875,343.7186584472656,2181.97607421875,118.3541030883789,51.34617233276367,9.4,112
Sweet,271.7705078125,186.26715087890625,392.5675659179688,2436.01806640625,123.19900512695312,51.34617233276367,9.4,112
Sweet,267.7142333984375,187.11383056640625,390.7912292480469,2400.0576171875,125.27539825439452,52.33359909057617,9.4,112
Not Sweet,253.92288208007807,171.873779296875,355.2647705078125,1977.8145751953125,132.88882446289062,60.233009338378906,7.6,113
Not Sweet,247.432846069336,170.18045043945312,330.396240234375,2111.215576171875,110.74068450927734,46.40904235839844,7.6,113
Not Sweet,254.734130859375,178.6471405029297,334.8370361328125,2105.41552734375,115.58558654785156,51.34617233276367,7.6,113
Not Sweet,275.0155334472656,184.5738220214844,404.1136779785156,2410.497802734375,125.96752166748048,51.34617233276367,7.6,113
Not Sweet,260.4129333496094,180.3404693603516,357.04107666015625,2239.9765625,116.27771759033205,50.35874557495117,7.6,113
Not Sweet,254.734130859375,177.80047607421875,364.1463928222656,2202.856201171875,120.43048858642578,53.32102584838867,7.6,113
Not Sweet,240.9427947998047,169.3337860107422,353.4884338378906,1982.45458984375,125.27539825439452,54.30845260620117,7.6,113
Not Sweet,267.7142333984375,187.9604949951172,412.1071166992188,2258.53662109375,114.20132446289062,45.42161560058594,7.6,113
Not Sweet,245.81033325195312,173.56712341308594,358.8174133300781,1922.1341552734373,127.3517837524414,56.28330612182617,7.6,113
Not Sweet,262.8466796875,182.88047790527344,380.13330078125,2192.416259765625,127.3517837524414,53.32102584838867,7.6,113
Not Sweet,262.8466796875,186.26715087890625,383.6859436035156,2456.898193359375,121.12261962890624,54.30845260620117,7.6,113
Not Sweet,245.81033325195312,168.4871063232422,357.9292297363281,2014.934814453125,123.19900512695312,55.29587936401367,7.6,113
Not Sweet,265.28045654296875,182.0338134765625,374.8043212890625,2101.935546875,114.8934555053711,47.39646911621094,7.6,113
Not Sweet,236.0752716064453,160.86709594726562,341.0541687011719,1868.7738037109373,111.43280792236328,46.40904235839844,7.6,113
Not Sweet,251.48912048339844,171.873779296875,342.8305053710937,2094.975341796875,106.58790588378906,43.44676208496094,7.6,113
Not Sweet,273.3930053710937,186.26715087890625,385.4622497558594,2238.81640625,118.3541030883789,49.37131881713867,7.6,113
Not Sweet,252.3003692626953,169.3337860107422,356.1529235839844,2053.215087890625,116.96984100341795,50.35874557495117,7.6,113
Not Sweet,252.3003692626953,172.720458984375,367.6990356445313,2045.0950927734373,114.8934555053711,47.39646911621094,7.6,113
Not Sweet,253.92288208007807,179.49380493164062,368.5871887207031,2260.856689453125,105.8957748413086,42.45933532714844,7.6,113
Not Sweet,252.3003692626953,179.49380493164062,356.1529235839844,2285.216796875,107.28003692626952,46.40904235839844,7.6,113
Not Sweet,249.8666076660156,177.80047607421875,330.396240234375,2107.735595703125,102.43512725830078,42.45933532714844,7.6,113
Not Sweet,239.32028198242188,171.02711486816406,345.4949645996094,2183.135986328125,114.20132446289062,53.32102584838867,7.6,113
Not Sweet,250.6778564453125,177.80047607421875,345.4949645996094,2299.136962890625,121.12261962890624,53.32102584838867,7.6,113
Not Sweet,245.81033325195312,165.9470977783203,373.0279846191406,2215.6162109375,125.96752166748048,58.25815582275391,7.6,113
Not Sweet,220.6614227294922,150.70706176757812,295.7579040527344,1698.2525634765625,119.04623413085938,53.32102584838867,7.6,113
Not Sweet,254.734130859375,187.9604949951172,389.0149230957031,2384.9775390625,107.97216033935548,44.43418884277344,7.6,113
Not Sweet,235.26400756835932,170.18045043945312,359.70556640625,2159.93603515625,116.96984100341795,47.39646911621094,7.6,113
Not Sweet,240.9427947998047,167.64044189453125,359.70556640625,2054.375244140625,118.3541030883789,50.35874557495117,7.6,113
Not Sweet,232.8302459716797,165.9470977783203,331.2843933105469,1852.53369140625,121.81475067138672,52.33359909057617,7.6,113
Not Sweet,271.7705078125,182.0338134765625,386.3504333496094,2233.016357421875,112.12493896484376,45.42161560058594,7.6,113
Not Sweet,250.6778564453125,170.18045043945312,349.935791015625,2209.81640625,106.58790588378906,45.42161560058594,7.6,113
Not Sweet,237.69778442382807,167.64044189453125,337.50152587890625,2030.0150146484373,103.81938934326172,42.45933532714844,7.6,113
Not Sweet,265.28045654296875,182.88047790527344,391.6793823242188,2191.256103515625,112.81707000732422,47.39646911621094,7.4,114
Not Sweet,232.8302459716797,167.64044189453125,335.7251892089844,2161.095947265625,110.04855346679688,46.40904235839844,7.4,114
Not Sweet,240.1315460205078,171.02711486816406,349.935791015625,2152.975830078125,105.8957748413086,44.43418884277344,7.4,114
Not Sweet,206.058822631836,140.5470428466797,299.310546875,1679.6923828125,109.3564224243164,47.39646911621094,7.4,114
Not Sweet,227.9627227783203,155.78707885742188,311.74481201171875,1922.1341552734373,106.58790588378906,48.38389205932617,7.4,114
Not Sweet,220.6614227294922,156.6337432861328,302.8632202148437,1865.293701171875,105.20364379882812,44.43418884277344,7.4,114
Not Sweet,229.5852203369141,161.71376037597656,311.74481201171875,1969.6944580078125,109.3564224243164,46.40904235839844,7.4,114
Not Sweet,241.75405883789065,164.25376892089844,352.60028076171875,2159.93603515625,123.8911361694336,52.33359909057617,7.4,114
Not Sweet,229.5852203369141,163.4071044921875,345.4949645996094,1914.01416015625,115.58558654785156,49.37131881713867,7.4,114
Not Sweet,253.11163330078125,174.41378784179688,360.5937194824219,2215.6162109375,116.27771759033205,46.40904235839844,7.4,114
Not Sweet,236.8865203857422,161.71376037597656,325.0672607421875,1847.8936767578125,111.43280792236328,50.35874557495117,7.4,114
Not Sweet,230.396484375,153.2470703125,328.6199035644531,1930.2542724609373,110.74068450927734,46.40904235839844,7.4,114
Not Sweet,206.058822631836,139.7003631591797,290.428955078125,1566.0115966796875,113.50920104980467,48.38389205932617,7.4,114
Not Sweet,206.058822631836,143.9337158203125,279.77099609375,1778.2930908203125,87.20828247070312,40.48448181152344,7.4,114
Not Sweet,221.47267150878903,150.70706176757812,287.76446533203125,1713.3326416015625,98.28235626220705,40.48448181152344,7.4,114
Not Sweet,227.1514587402344,154.09373474121094,301.9750366210937,1985.9346923828125,98.28235626220705,42.45933532714844,7.4,114
Not Sweet,223.90643310546875,156.6337432861328,314.4093017578125,1930.2542724609373,95.51383972167967,42.45933532714844,7.4,114
Not Sweet,230.396484375,163.4071044921875,316.1856384277344,2047.4150390625,103.81938934326172,43.44676208496094,7.4,114
Not Sweet,236.0752716064453,162.5604248046875,329.508056640625,1947.654296875,116.27771759033205,48.38389205932617,7.4,114
Not Sweet,236.8865203857422,160.86709594726562,338.3896789550781,2053.215087890625,109.3564224243164,42.45933532714844,7.4,114
Not Sweet,223.09518432617188,146.47372436523438,312.63299560546875,1661.1322021484375,108.66429138183594,46.40904235839844,7.4,114
Not Sweet,194.7012481689453,136.31369018554688,268.2248840332031,1646.0521240234375,104.5115203857422,48.38389205932617,7.4,114
Not Sweet,224.7176971435547,152.40040588378906,307.30401611328125,1868.7738037109373,107.28003692626952,46.40904235839844,7.4,114
Not Sweet,206.87008666992188,144.78038024902344,281.5473327636719,1763.2130126953125,105.20364379882812,48.38389205932617,7.4,114
Not Sweet,219.85015869140625,149.01373291015625,325.0672607421875,1828.1734619140625,103.12725830078124,42.45933532714844,7.4,114
Not Sweet,250.6778564453125,171.02711486816406,350.8239440917969,2085.6953125,107.97216033935548,46.40904235839844,7.4,114
Not Sweet,228.7739715576172,153.2470703125,327.73175048828125,1706.37255859375,112.12493896484376,45.42161560058594,7.4,114
Not Sweet,231.20773315429688,161.71376037597656,313.5211486816406,1949.974365234375,98.97447967529295,42.45933532714844,7.4,114
Not Sweet,214.98263549804688,148.16705322265625,301.9750366210937,1787.5731201171875,108.66429138183594,45.42161560058594,7.4,114
Not Sweet,217.41639709472656,144.78038024902344,319.73828125,1751.6129150390625,107.28003692626952,46.40904235839844,7.4,114
Not Sweet,206.058822631836,141.39370727539062,296.6460876464844,1777.133056640625,94.82170867919922,40.48448181152344,7.4,114
Not Sweet,206.058822631836,141.39370727539062,285.9881286621094,1717.97265625,96.8980941772461,39.49705505371094,7.4,114
Not Sweet,270.959228515625,193.0405120849609,395.2320556640625,2230.696533203125,131.5045623779297,58.25815582275391,7.8,115
Not Sweet,264.4692077636719,174.41378784179688,389.903076171875,2378.017578125,133.58094787597656,53.32102584838867,7.8,115
Not Sweet,274.2042541503906,185.4204864501953,396.1202087402344,2360.617431640625,125.96752166748048,52.33359909057617,7.8,115
Not Sweet,275.8267822265625,191.34716796875,392.5675659179688,2311.89697265625,132.88882446289062,58.25815582275391,7.8,115
Not Sweet,287.99560546875,203.20053100585932,410.330810546875,2455.738037109375,123.8911361694336,48.38389205932617,7.8,115
Not Sweet,262.0354309082031,182.88047790527344,382.79779052734375,2278.2568359375,130.12030029296875,56.28330612182617,7.8,115
Not Sweet,280.6943054199219,188.80715942382807,389.903076171875,2437.177978515625,129.4281768798828,54.30845260620117,7.8,115
Not Sweet,297.73065185546875,201.5072021484375,413.8834533691406,2728.340087890625,132.19668579101562,53.32102584838867,7.8,115
Not Sweet,297.73065185546875,209.9738922119141,435.1993408203125,2589.13916015625,130.8124237060547,52.33359909057617,7.8,115
Not Sweet,312.333251953125,216.7472381591797,444.9691162109375,2690.059814453125,125.96752166748048,52.33359909057617,7.8,115
Not Sweet,269.33673095703125,190.50050354003903,393.4557189941406,2339.7373046875,121.81475067138672,52.33359909057617,7.8,115
Not Sweet,264.4692077636719,189.65383911132807,383.6859436035156,2280.576904296875,130.8124237060547,55.29587936401367,7.8,115
Not Sweet,304.220703125,207.4338836669922,425.4295349121094,2525.338623046875,137.7337188720703,55.29587936401367,7.8,115
Not Sweet,290.42938232421875,194.7338409423828,439.64013671875,2710.93994140625,130.8124237060547,54.30845260620117,7.8,115
Not Sweet,305.0319519042969,208.28054809570312,405.8899841308594,2587.97900390625,126.65965270996094,51.34617233276367,7.8,115
Not Sweet,292.0518798828125,205.74053955078125,424.5413818359375,2736.460205078125,132.19668579101562,55.29587936401367,7.8,115
Not Sweet,328.558349609375,219.2872467041016,444.9691162109375,2927.861572265625,141.19436645507812,52.33359909057617,7.8,115
Not Sweet,307.4657287597656,212.513900756836,455.6270446777344,2613.499267578125,139.11798095703125,56.28330612182617,7.8,115
Not Sweet,305.8432312011719,213.36056518554688,441.4164733886719,2616.979248046875,125.27539825439452,48.38389205932617,7.8,115
Not Sweet,292.8631286621094,204.8938751220703,430.7585144042969,2497.498291015625,130.12030029296875,53.32102584838867,7.8,115
Not Sweet,275.8267822265625,195.5805206298828,399.6728515625,2401.2177734375,121.81475067138672,54.30845260620117,7.8,115
Not Sweet,304.220703125,211.667221069336,410.330810546875,2460.378173828125,123.8911361694336,47.39646911621094,7.8,115
Not Sweet,275.8267822265625,193.88717651367188,414.7716064453125,2213.29638671875,134.2730712890625,54.30845260620117,7.8,115
Not Sweet,303.4094543457031,208.28054809570312,432.5348510742188,2895.38134765625,125.27539825439452,49.37131881713867,7.8,115
Not Sweet,314.7670288085937,207.4338836669922,437.8638305664063,2844.341064453125,137.04159545898438,56.28330612182617,7.8,115
Not Sweet,292.8631286621094,201.5072021484375,389.903076171875,2478.938232421875,129.4281768798828,53.32102584838867,7.8,115
Not Sweet,305.8432312011719,218.44058227539065,436.0874938964844,2869.861083984375,127.3517837524414,49.37131881713867,7.8,115
Not Sweet,321.257080078125,208.28054809570312,452.0744018554688,2420.937744140625,148.11566162109375,54.30845260620117,7.8,115
Not Sweet,296.108154296875,207.4338836669922,442.30462646484375,2536.938720703125,148.8077850341797,60.233009338378906,7.8,115
Not Sweet,305.8432312011719,219.2872467041016,453.8507385253906,2610.019287109375,126.65965270996094,50.35874557495117,7.8,115
Not Sweet,287.1843566894531,200.6605224609375,415.6597595214844,2520.698486328125,132.88882446289062,57.27073287963867,7.8,115
Not Sweet,289.6181030273437,205.74053955078125,428.9822082519531,2541.57861328125,126.65965270996094,50.35874557495117,7.8,115
Sweet,270.1479797363281,191.34716796875,404.1136779785156,2439.498046875,133.58094787597656,55.29587936401367,8.2,116
Sweet,278.2605285644531,195.5805206298828,404.1136779785156,2404.69775390625,129.4281768798828,58.25815582275391,8.2,116
Sweet,284.7505798339844,202.35386657714844,390.7912292480469,2420.937744140625,121.81475067138672,50.35874557495117,8.2,116
Sweet,283.9393310546875,199.81385803222656,427.2058715820313,2466.17822265625,134.2730712890625,58.25815582275391,8.2,116
Sweet,260.4129333496094,185.4204864501953,394.3438720703125,2329.297119140625,129.4281768798828,58.25815582275391,8.2,116
Sweet,298.5419311523437,209.9738922119141,392.5675659179688,2517.218505859375,117.66197204589844,45.42161560058594,8.2,116
Sweet,322.87957763671875,221.82725524902344,478.7192687988281,2717.900146484375,138.4258575439453,52.33359909057617,8.2,116
Sweet,292.0518798828125,198.9671936035156,410.330810546875,2393.09765625,135.65733337402344,60.233009338378906,8.2,116
Sweet,283.1280822753906,196.4271850585937,424.5413818359375,2539.2587890625,136.34945678710938,59.245582580566406,8.2,116
Sweet,274.2042541503906,195.5805206298828,418.3242492675781,2548.538818359375,131.5045623779297,57.27073287963867,8.2,116
Sweet,273.3930053710937,193.88717651367188,405.8899841308594,2429.057861328125,132.88882446289062,57.27073287963867,8.2,116
Sweet,300.1644287109375,204.8938751220703,401.4491882324219,2604.21923828125,126.65965270996094,53.32102584838867,8.2,116
Sweet,319.6345520019531,212.513900756836,416.5479431152344,2755.020263671875,125.96752166748048,50.35874557495117,8.2,116
Sweet,296.108154296875,202.35386657714844,436.97564697265625,2456.898193359375,141.19436645507812,55.29587936401367,8.2,116
Sweet,271.7705078125,192.19384765625,418.3242492675781,2494.018310546875,131.5045623779297,54.30845260620117,8.2,116
Sweet,279.883056640625,192.19384765625,395.2320556640625,2484.73828125,123.8911361694336,51.34617233276367,8.2,116
Sweet,293.67437744140625,201.5072021484375,403.2254943847656,2558.978759765625,128.04391479492188,51.34617233276367,8.2,116
Sweet,341.5384521484375,235.3739471435547,490.265380859375,2954.541748046875,137.04159545898438,48.38389205932617,8.2,116
Sweet,309.0882263183594,206.5872039794922,422.76507568359375,2364.097412109375,131.5045623779297,54.30845260620117,8.2,116
Sweet,296.108154296875,205.74053955078125,450.298095703125,2767.780517578125,133.58094787597656,53.32102584838867,8.2,116
Sweet,287.99560546875,203.20053100585932,421.87689208984375,2662.2197265625,126.65965270996094,47.39646911621094,8.2,116
Sweet,294.48565673828125,201.5072021484375,423.6532287597656,2629.739501953125,128.04391479492188,50.35874557495117,8.2,116
Sweet,281.50555419921875,193.88717651367188,412.9952697753906,2398.897705078125,125.96752166748048,50.35874557495117,8.2,116
Sweet,306.65447998046875,215.05389404296875,448.5217590332031,2557.81884765625,128.7360382080078,50.35874557495117,8.2,116
Sweet,302.59820556640625,215.90057373046875,446.7454223632813,2730.66015625,127.3517837524414,48.38389205932617,8.2,116
Sweet,308.2769775390625,208.28054809570312,443.1927795410156,2721.380126953125,136.34945678710938,51.34617233276367,8.2,116
Sweet,287.1843566894531,205.74053955078125,456.5152282714844,2703.97998046875,122.5068817138672,50.35874557495117,8.2,116
Sweet,297.73065185546875,202.35386657714844,406.7781372070313,2553.1787109375,111.43280792236328,43.44676208496094,8.2,116
Sweet,307.4657287597656,216.7472381591797,442.30462646484375,2628.579345703125,129.4281768798828,50.35874557495117,8.2,116
Sweet,299.3531799316406,209.1272125244141,445.8572692871094,2603.05908203125,147.4235382080078,60.233009338378906,8.2,116
Sweet,275.8267822265625,200.6605224609375,407.6663208007813,2608.859130859375,136.34945678710938,60.233009338378906,8.2,116
Sweet,307.4657287597656,209.9738922119141,447.6336059570313,2663.379638671875,139.11798095703125,57.27073287963867,8.2,116
Not Sweet,280.6943054199219,202.35386657714844,424.5413818359375,2518.378662109375,121.12261962890624,48.38389205932617,7.2,117
Not Sweet,300.9756774902344,205.74053955078125,417.4360961914063,2473.13818359375,142.57862854003906,59.245582580566406,7.2,117
Not Sweet,289.6181030273437,203.20053100585932,422.76507568359375,2502.138427734375,137.7337188720703,58.25815582275391,7.2,117
Not Sweet,284.7505798339844,195.5805206298828,413.8834533691406,2422.097900390625,139.8101043701172,60.233009338378906,7.2,117
Not Sweet,294.48565673828125,202.35386657714844,414.7716064453125,2583.339111328125,132.19668579101562,57.27073287963867,7.2,117
Not Sweet,298.5419311523437,205.74053955078125,417.4360961914063,2531.138671875,126.65965270996094,48.38389205932617,7.2,117
Not Sweet,293.67437744140625,204.8938751220703,423.6532287597656,2601.899169921875,141.19436645507812,58.25815582275391,7.2,117
Not Sweet,300.9756774902344,205.74053955078125,426.3177185058594,2386.1376953125,132.19668579101562,50.35874557495117,7.2,117
Not Sweet,277.44927978515625,191.34716796875,404.1136779785156,2303.777099609375,132.88882446289062,53.32102584838867,7.2,117
Not Sweet,259.6016845703125,184.5738220214844,375.6924743652344,2361.77734375,124.58326721191406,54.30845260620117,7.2,117
Not Sweet,240.1315460205078,169.3337860107422,350.8239440917969,2161.095947265625,110.04855346679688,49.37131881713867,7.2,117
Not Sweet,267.7142333984375,186.26715087890625,369.475341796875,2257.376708984375,119.04623413085938,50.35874557495117,7.2,117
Not Sweet,266.9029541015625,182.0338134765625,365.0345458984375,2279.416748046875,118.3541030883789,49.37131881713867,7.2,117
Not Sweet,292.0518798828125,200.6605224609375,404.1136779785156,2520.698486328125,123.19900512695312,49.37131881713867,7.2,117
Not Sweet,266.9029541015625,185.4204864501953,391.6793823242188,2227.21630859375,124.58326721191406,56.28330612182617,7.2,117
Not Sweet,275.8267822265625,188.80715942382807,390.7912292480469,2365.25732421875,126.65965270996094,54.30845260620117,7.2,117
Not Sweet,267.7142333984375,185.4204864501953,381.90960693359375,2251.57666015625,127.3517837524414,54.30845260620117,7.2,117
Not Sweet,266.0917053222656,187.9604949951172,381.0214538574219,2260.856689453125,122.5068817138672,51.34617233276367,7.2,117
Not Sweet,266.9029541015625,186.26715087890625,397.0083618164063,2359.457275390625,121.81475067138672,53.32102584838867,7.2,117
Not Sweet,255.5453948974609,176.95379638671875,376.5806579589844,2366.41748046875,124.58326721191406,55.29587936401367,7.2,117
Not Sweet,257.9791564941406,184.5738220214844,375.6924743652344,2224.896484375,113.50920104980467,48.38389205932617,7.2,117
Not Sweet,259.6016845703125,179.49380493164062,371.2516784667969,2245.776611328125,123.19900512695312,53.32102584838867,7.2,117
Not Sweet,299.3531799316406,209.1272125244141,428.9822082519531,2499.818359375,125.27539825439452,49.37131881713867,7.2,117
Not Sweet,251.48912048339844,175.26046752929688,374.8043212890625,2194.736083984375,120.43048858642578,53.32102584838867,7.2,117
Not Sweet,250.6778564453125,177.80047607421875,374.8043212890625,2266.65673828125,116.96984100341795,51.34617233276367,7.2,117
Not Sweet,270.959228515625,192.19384765625,394.3438720703125,2288.69677734375,116.96984100341795,46.40904235839844,7.2,117
Not Sweet,274.2042541503906,197.2738494873047,406.7781372070313,2397.73779296875,124.58326721191406,51.34617233276367,7.2,117
Not Sweet,261.22418212890625,182.0338134765625,381.0214538574219,2177.3359375,123.19900512695312,57.27073287963867,7.2,117
Not Sweet,264.4692077636719,184.5738220214844,392.5675659179688,2379.177490234375,125.96752166748048,53.32102584838867,7.2,117
Not Sweet,270.1479797363281,190.50050354003903,384.5740966796875,2478.938232421875,120.43048858642578,47.39646911621094,7.2,117
Not Sweet,266.9029541015625,189.65383911132807,397.0083618164063,2463.858154296875,129.4281768798828,55.29587936401367,7.2,117
Not Sweet,267.7142333984375,187.9604949951172,386.3504333496094,2226.056396484375,123.19900512695312,55.29587936401367,7.2,117
Sweet,248.2440948486328,176.1071319580078,366.8108520507813,2092.655517578125,119.73835754394533,51.34617233276367,8.2,118
Sweet,245.81033325195312,169.3337860107422,337.50152587890625,2020.73486328125,114.20132446289062,50.35874557495117,8.2,118
Sweet,263.657958984375,180.3404693603516,377.46881103515625,2292.177001953125,121.12261962890624,52.33359909057617,8.2,118
Sweet,255.5453948974609,176.1071319580078,350.8239440917969,2184.296142578125,117.66197204589844,50.35874557495117,8.2,118
Sweet,253.11163330078125,180.3404693603516,358.8174133300781,2166.89599609375,111.43280792236328,49.37131881713867,8.2,118
Sweet,280.6943054199219,193.0405120849609,392.5675659179688,2416.2978515625,119.04623413085938,51.34617233276367,8.2,118
Sweet,284.7505798339844,201.5072021484375,401.4491882324219,2489.37841796875,123.8911361694336,52.33359909057617,8.2,118
Sweet,274.2042541503906,195.5805206298828,417.4360961914063,2452.258056640625,130.8124237060547,56.28330612182617,8.2,118
Sweet,283.9393310546875,191.34716796875,408.5544738769531,2331.6171875,135.65733337402344,58.25815582275391,8.2,118
Sweet,270.1479797363281,185.4204864501953,396.1202087402344,2104.255615234375,132.19668579101562,57.27073287963867,8.2,118
Sweet,242.5653076171875,170.18045043945312,359.70556640625,1960.4144287109373,121.81475067138672,56.28330612182617,8.2,118
Sweet,266.9029541015625,181.1871490478516,395.2320556640625,2368.737548828125,122.5068817138672,51.34617233276367,8.2,118
Sweet,244.1878204345703,170.18045043945312,343.7186584472656,2016.0948486328125,113.50920104980467,48.38389205932617,8.2,118
Sweet,238.509033203125,163.4071044921875,327.73175048828125,1952.29443359375,115.58558654785156,48.38389205932617,8.2,118
Sweet,229.5852203369141,159.1737518310547,320.6264343261719,1901.2540283203125,109.3564224243164,49.37131881713867,8.2,118
Sweet,254.734130859375,172.720458984375,343.7186584472656,2089.17529296875,118.3541030883789,48.38389205932617,8.2,118
Sweet,251.48912048339844,171.873779296875,340.166015625,1994.0546875,112.12493896484376,45.42161560058594,8.2,118
Sweet,243.37657165527344,169.3337860107422,341.9423217773437,1941.8543701171875,124.58326721191406,52.33359909057617,8.2,118
Sweet,261.22418212890625,183.72715759277344,363.2582092285156,2191.256103515625,119.73835754394533,50.35874557495117,8.2,118
Sweet,265.28045654296875,185.4204864501953,379.2451171875,2418.617919921875,127.3517837524414,50.35874557495117,8.2,118
Sweet,264.4692077636719,182.0338134765625,369.475341796875,2322.337158203125,114.20132446289062,51.34617233276367,8.2,118
Sweet,262.8466796875,184.5738220214844,388.1267395019531,2243.45654296875,122.5068817138672,52.33359909057617,8.2,118
Sweet,262.8466796875,177.80047607421875,361.4819030761719,2286.376953125,113.50920104980467,46.40904235839844,8.2,118
Sweet,236.8865203857422,166.7937774658203,354.3765869140625,2191.256103515625,113.50920104980467,49.37131881713867,8.2,118
Sweet,238.509033203125,168.4871063232422,342.8305053710937,2148.3359375,105.8957748413086,46.40904235839844,8.2,118
Sweet,239.32028198242188,169.3337860107422,328.6199035644531,2075.25537109375,101.05087280273438,43.44676208496094,8.2,118
Sweet,243.37657165527344,167.64044189453125,355.2647705078125,2130.935791015625,114.8934555053711,50.35874557495117,8.2,118
Sweet,246.62158203125,170.18045043945312,352.60028076171875,2169.216064453125,112.81707000732422,50.35874557495117,8.2,118
Sweet,235.26400756835932,172.720458984375,347.27130126953125,2055.53515625,117.66197204589844,51.34617233276367,8.2,118
Sweet,249.8666076660156,179.49380493164062,379.2451171875,2304.93701171875,120.43048858642578,50.35874557495117,8.2,118
Sweet,265.28045654296875,186.26715087890625,385.4622497558594,2255.056640625,132.19668579101562,59.245582580566406,8.2,118
Sweet,281.50555419921875,197.2738494873047,417.4360961914063,2607.69921875,125.27539825439452,51.34617233276367,8.2,118
Not Sweet,270.959228515625,187.9604949951172,388.1267395019531,2328.13720703125,125.27539825439452,53.32102584838867,7.6,119
Not Sweet,251.48912048339844,181.1871490478516,349.0476379394531,2193.576171875,115.58558654785156,48.38389205932617,7.6,119
Not Sweet,286.3730773925781,201.5072021484375,390.7912292480469,2383.817626953125,123.19900512695312,51.34617233276367,7.6,119
Not Sweet,293.67437744140625,202.35386657714844,406.7781372070313,2518.378662109375,123.8911361694336,49.37131881713867,7.6,119
Not Sweet,305.0319519042969,217.59390258789065,449.409912109375,2719.06005859375,127.3517837524414,49.37131881713867,7.6,119
Not Sweet,301.78692626953125,210.820556640625,451.1862487792969,2695.85986328125,139.8101043701172,58.25815582275391,7.6,119
Not Sweet,314.7670288085937,216.7472381591797,452.0744018554688,2741.10009765625,139.8101043701172,55.29587936401367,7.6,119
Not Sweet,299.3531799316406,207.4338836669922,410.330810546875,2571.739013671875,119.73835754394533,47.39646911621094,7.6,119
Not Sweet,269.33673095703125,189.65383911132807,407.6663208007813,2413.977783203125,126.65965270996094,52.33359909057617,7.6,119
Not Sweet,267.7142333984375,190.50050354003903,388.1267395019531,2288.69677734375,119.73835754394533,49.37131881713867,7.6,119
Not Sweet,250.6778564453125,167.64044189453125,344.6068115234375,1976.654541015625,116.96984100341795,50.35874557495117,7.6,119
Not Sweet,248.2440948486328,172.720458984375,347.27130126953125,2018.4149169921875,119.04623413085938,51.34617233276367,7.6,119
Not Sweet,236.0752716064453,162.5604248046875,358.8174133300781,2076.415283203125,117.66197204589844,52.33359909057617,7.6,119
Not Sweet,244.9990692138672,176.95379638671875,344.6068115234375,2100.775390625,110.74068450927734,46.40904235839844,7.6,119
Not Sweet,281.50555419921875,199.81385803222656,402.33734130859375,2520.698486328125,124.58326721191406,50.35874557495117,7.6,119
Not Sweet,292.0518798828125,197.2738494873047,404.1136779785156,2300.296875,130.12030029296875,52.33359909057617,7.6,119
Not Sweet,284.7505798339844,201.5072021484375,412.1071166992188,2409.337646484375,130.8124237060547,56.28330612182617,7.6,119
Not Sweet,303.4094543457031,212.513900756836,436.97564697265625,2553.1787109375,134.2730712890625,52.33359909057617,7.6,119
Not Sweet,271.7705078125,185.4204864501953,409.442626953125,2444.137939453125,133.58094787597656,57.27073287963867,7.6,119
Not Sweet,282.3168029785156,193.88717651367188,395.2320556640625,2494.018310546875,125.96752166748048,54.30845260620117,7.6,119
Not Sweet,240.1315460205078,164.25376892089844,337.50152587890625,1934.894287109375,114.20132446289062,49.37131881713867,7.6,119
Not Sweet,256.3566589355469,179.49380493164062,367.6990356445313,2214.456298828125,119.73835754394533,53.32102584838867,7.6,119
Not Sweet,253.92288208007807,176.95379638671875,375.6924743652344,2227.21630859375,124.58326721191406,54.30845260620117,7.6,119
Not Sweet,242.5653076171875,171.02711486816406,352.60028076171875,2089.17529296875,112.81707000732422,49.37131881713867,7.6,119
Not Sweet,246.62158203125,167.64044189453125,350.8239440917969,2070.615234375,113.50920104980467,47.39646911621094,7.6,119
Not Sweet,241.75405883789065,166.7937774658203,334.8370361328125,2035.8150634765625,114.8934555053711,50.35874557495117,7.6,119
Not Sweet,244.1878204345703,169.3337860107422,360.5937194824219,2154.135986328125,119.73835754394533,55.29587936401367,7.6,119
Not Sweet,237.69778442382807,169.3337860107422,351.71209716796875,2192.416259765625,119.73835754394533,52.33359909057617,7.6,119
Not Sweet,275.0155334472656,193.0405120849609,397.89654541015625,2353.6572265625,126.65965270996094,52.33359909057617,7.6,119
Not Sweet,287.1843566894531,193.88717651367188,391.6793823242188,2256.216552734375,127.3517837524414,48.38389205932617,7.6,119
Not Sweet,256.3566589355469,172.720458984375,368.5871887207031,2096.135498046875,130.12030029296875,57.27073287963867,7.6,119
Not Sweet,253.92288208007807,173.56712341308594,362.37005615234375,2206.336181640625,119.04623413085938,54.30845260620117,7.6,119
Sweet,269.33673095703125,185.4204864501953,386.3504333496094,2397.73779296875,125.27539825439452,50.35874557495117,9.0,120
Sweet,253.92288208007807,182.0338134765625,349.935791015625,2152.975830078125,104.5115203857422,44.43418884277344,9.0,120
Sweet,282.3168029785156,198.1205291748047,426.3177185058594,2568.259033203125,131.5045623779297,53.32102584838867,9.0,120
Sweet,280.6943054199219,197.2738494873047,397.89654541015625,2548.538818359375,128.7360382080078,53.32102584838867,9.0,120
Sweet,292.8631286621094,198.9671936035156,415.6597595214844,2462.6982421875,130.12030029296875,50.35874557495117,9.0,120
Sweet,292.0518798828125,201.5072021484375,411.2189636230469,2663.379638671875,123.8911361694336,52.33359909057617,9.0,120
Sweet,290.42938232421875,202.35386657714844,411.2189636230469,2514.8984375,123.8911361694336,50.35874557495117,9.0,120
Sweet,273.3930053710937,187.9604949951172,404.1136779785156,2482.418212890625,125.96752166748048,51.34617233276367,9.0,120
Sweet,259.6016845703125,175.26046752929688,358.8174133300781,2108.8955078125,113.50920104980467,49.37131881713867,9.0,120
Sweet,256.3566589355469,180.3404693603516,346.3831481933594,2132.095703125,107.97216033935548,46.40904235839844,9.0,120
Sweet,246.62158203125,172.720458984375,366.8108520507813,2056.695068359375,117.66197204589844,53.32102584838867,9.0,120
Sweet,255.5453948974609,180.3404693603516,364.1463928222656,2173.85595703125,114.8934555053711,49.37131881713867,9.0,120
Sweet,253.92288208007807,180.3404693603516,372.1398315429688,2199.376220703125,111.43280792236328,48.38389205932617,9.0,120
Sweet,275.0155334472656,188.80715942382807,385.4622497558594,2239.9765625,115.58558654785156,49.37131881713867,9.0,120
Sweet,270.959228515625,189.65383911132807,389.0149230957031,2248.0966796875,127.3517837524414,55.29587936401367,9.0,120
Sweet,277.44927978515625,196.4271850585937,411.2189636230469,2432.537841796875,121.12261962890624,50.35874557495117,9.0,120
Sweet,277.44927978515625,185.4204864501953,393.4557189941406,2274.77685546875,131.5045623779297,55.29587936401367,9.0,120
Sweet,273.3930053710937,193.88717651367188,386.3504333496094,2452.258056640625,124.58326721191406,53.32102584838867,9.0,120
Sweet,270.959228515625,184.5738220214844,387.2385864257813,2354.8173828125,120.43048858642578,51.34617233276367,9.0,120
Sweet,253.11163330078125,174.41378784179688,367.6990356445313,2220.25634765625,123.8911361694336,50.35874557495117,9.0,120
Sweet,260.4129333496094,180.3404693603516,364.1463928222656,2172.696044921875,110.74068450927734,46.40904235839844,9.0,120
Sweet,228.7739715576172,165.10043334960938,344.6068115234375,2106.575439453125,117.66197204589844,54.30845260620117,9.0,120
Sweet,230.396484375,157.48040771484375,344.6068115234375,1974.3345947265625,114.20132446289062,53.32102584838867,9.0,120
Sweet,235.26400756835932,168.4871063232422,343.7186584472656,1987.0946044921875,112.12493896484376,50.35874557495117,9.0,120
Sweet,247.432846069336,172.720458984375,360.5937194824219,2056.695068359375,118.3541030883789,51.34617233276367,9.0,120
Sweet,252.3003692626953,178.6471405029297,375.6924743652344,2142.535888671875,113.50920104980467,51.34617233276367,9.0,120
Sweet,251.48912048339844,176.1071319580078,374.8043212890625,2191.256103515625,120.43048858642578,52.33359909057617,9.0,120
Sweet,260.4129333496094,182.88047790527344,374.8043212890625,2224.896484375,121.12261962890624,56.28330612182617,9.0,120
Sweet,287.1843566894531,205.74053955078125,417.4360961914063,2590.299072265625,117.66197204589844,47.39646911621094,9.0,120
Sweet,276.6380310058594,194.7338409423828,404.1136779785156,2389.61767578125,123.8911361694336,52.33359909057617,9.0,120
Sweet,266.9029541015625,187.11383056640625,397.89654541015625,2191.256103515625,122.5068817138672,53.32102584838867,9.0,120
Sweet,249.05535888671875,174.41378784179688,365.0345458984375,2197.05615234375,112.81707000732422,50.35874557495117,9.0,120
Sweet,283.1280822753906,196.4271850585937,395.2320556640625,2491.698486328125,121.12261962890624,47.39646911621094,8.6,121
Sweet,259.6016845703125,181.1871490478516,366.8108520507813,2230.696533203125,112.81707000732422,47.39646911621094,8.6,121
Sweet,236.0752716064453,166.7937774658203,334.8370361328125,2069.455322265625,107.28003692626952,46.40904235839844,8.6,121
Sweet,230.396484375,165.10043334960938,341.9423217773437,2014.934814453125,107.97216033935548,49.37131881713867,8.6,121
Sweet,231.20773315429688,167.64044189453125,345.4949645996094,2089.17529296875,114.20132446289062,47.39646911621094,8.6,121
Sweet,230.396484375,162.5604248046875,324.1791076660156,2057.855224609375,99.66661071777344,42.45933532714844,8.6,121
Sweet,252.3003692626953,171.873779296875,363.2582092285156,2126.295654296875,118.3541030883789,50.35874557495117,8.6,121
Sweet,262.8466796875,182.88047790527344,370.363525390625,2325.817138671875,118.3541030883789,46.40904235839844,8.6,121
Sweet,250.6778564453125,180.3404693603516,372.1398315429688,2123.9755859375,119.04623413085938,53.32102584838867,8.6,121
Sweet,265.28045654296875,185.4204864501953,373.9161682128906,2313.05712890625,117.66197204589844,50.35874557495117,8.6,121
Sweet,260.4129333496094,177.80047607421875,361.4819030761719,2313.05712890625,117.66197204589844,49.37131881713867,8.6,121
Sweet,259.6016845703125,181.1871490478516,356.1529235839844,2253.896728515625,116.27771759033205,46.40904235839844,8.6,121
Sweet,264.4692077636719,184.5738220214844,378.3569641113281,2383.817626953125,119.04623413085938,49.37131881713867,8.6,121
Sweet,253.92288208007807,176.95379638671875,364.1463928222656,2154.135986328125,122.5068817138672,54.30845260620117,8.6,121
Sweet,254.734130859375,174.41378784179688,383.6859436035156,2219.096435546875,123.19900512695312,53.32102584838867,8.6,121
Sweet,247.432846069336,173.56712341308594,354.3765869140625,2154.135986328125,110.74068450927734,46.40904235839844,8.6,121
Sweet,244.1878204345703,171.02711486816406,351.71209716796875,2199.376220703125,112.81707000732422,48.38389205932617,8.6,121
Sweet,227.1514587402344,159.1737518310547,314.4093017578125,1960.4144287109373,101.74300384521484,44.43418884277344,8.6,121
Sweet,237.69778442382807,166.7937774658203,341.0541687011719,2032.3349609375,112.12493896484376,48.38389205932617,8.6,121
Sweet,240.1315460205078,167.64044189453125,342.8305053710937,2030.0150146484373,112.12493896484376,50.35874557495117,8.6,121
Sweet,237.69778442382807,169.3337860107422,353.4884338378906,2025.3748779296875,122.5068817138672,56.28330612182617,8.6,121
Sweet,284.7505798339844,192.19384765625,374.8043212890625,2405.857666015625,118.3541030883789,47.39646911621094,8.6,121
Sweet,258.7904052734375,182.0338134765625,364.1463928222656,2224.896484375,125.96752166748048,52.33359909057617,8.6,121
Sweet,248.2440948486328,176.1071319580078,380.13330078125,2147.17578125,126.65965270996094,55.29587936401367,8.6,121
Sweet,251.48912048339844,181.1871490478516,368.5871887207031,2027.6949462890625,120.43048858642578,53.32102584838867,8.6,121
Sweet,254.734130859375,178.6471405029297,379.2451171875,2255.056640625,118.3541030883789,51.34617233276367,8.6,121
Sweet,248.2440948486328,172.720458984375,356.1529235839844,2085.6953125,115.58558654785156,52.33359909057617,8.6,121
Sweet,253.92288208007807,172.720458984375,364.1463928222656,2212.13623046875,118.3541030883789,48.38389205932617,8.6,121
Sweet,249.05535888671875,167.64044189453125,341.9423217773437,2049.735107421875,114.8934555053711,49.37131881713867,8.6,121
Sweet,237.69778442382807,165.9470977783203,334.8370361328125,2025.3748779296875,114.20132446289062,50.35874557495117,8.6,121
Sweet,238.509033203125,167.64044189453125,345.4949645996094,1987.0946044921875,110.74068450927734,50.35874557495117,8.6,121
Sweet,225.5289459228516,156.6337432861328,333.9488830566406,1838.613525390625,118.3541030883789,53.32102584838867,8.6,121
Sweet,291.2406311035156,204.04721069335932,413.8834533691406,2278.2568359375,134.2730712890625,55.29587936401367,8.6,122
Sweet,298.5419311523437,212.513900756836,419.21240234375,2459.218017578125,121.12261962890624,47.39646911621094,8.6,122
Sweet,291.2406311035156,202.35386657714844,405.0018310546875,2344.377197265625,137.7337188720703,56.28330612182617,8.6,122
Sweet,292.8631286621094,194.7338409423828,403.2254943847656,2344.377197265625,139.8101043701172,53.32102584838867,8.6,122
Sweet,264.4692077636719,178.6471405029297,381.90960693359375,2099.615478515625,134.2730712890625,52.33359909057617,8.6,122
Sweet,244.1878204345703,170.18045043945312,345.4949645996094,1992.8946533203125,130.12030029296875,52.33359909057617,8.6,122
Sweet,262.8466796875,180.3404693603516,357.04107666015625,2063.6552734375,123.8911361694336,51.34617233276367,8.6,122
Sweet,259.6016845703125,181.1871490478516,362.37005615234375,2171.535888671875,125.96752166748048,48.38389205932617,8.6,122
Sweet,266.9029541015625,188.80715942382807,369.475341796875,2186.6162109375,127.3517837524414,52.33359909057617,8.6,122
Sweet,269.33673095703125,187.11383056640625,389.0149230957031,2223.736328125,136.34945678710938,57.27073287963867,8.6,122
Sweet,266.0917053222656,186.26715087890625,364.1463928222656,2301.45703125,119.04623413085938,46.40904235839844,8.6,122
Sweet,277.44927978515625,189.65383911132807,399.6728515625,2441.818115234375,132.88882446289062,50.35874557495117,8.6,122
Sweet,247.432846069336,177.80047607421875,357.04107666015625,2141.375732421875,130.8124237060547,54.30845260620117,8.6,122
Sweet,259.6016845703125,178.6471405029297,371.2516784667969,2263.1767578125,132.88882446289062,54.30845260620117,8.6,122
Sweet,248.2440948486328,171.02711486816406,357.9292297363281,1995.2147216796875,131.5045623779297,55.29587936401367,8.6,122
Sweet,236.0752716064453,163.4071044921875,333.0606994628906,1915.174072265625,126.65965270996094,53.32102584838867,8.6,122
Sweet,234.4527587890625,160.02041625976562,325.0672607421875,1875.7337646484373,114.8934555053711,45.42161560058594,8.6,122
Sweet,225.5289459228516,158.32708740234375,324.1791076660156,1954.6143798828125,114.8934555053711,49.37131881713867,8.6,122
Sweet,262.0354309082031,179.49380493164062,351.71209716796875,2093.8154296875,118.3541030883789,44.43418884277344,8.6,122
Sweet,244.9990692138672,176.1071319580078,345.4949645996094,2184.296142578125,120.43048858642578,48.38389205932617,8.6,122
Sweet,269.33673095703125,187.11383056640625,384.5740966796875,2335.09716796875,131.5045623779297,52.33359909057617,8.6,122
Sweet,254.734130859375,176.1071319580078,363.2582092285156,2194.736083984375,127.3517837524414,49.37131881713867,8.6,122
Sweet,254.734130859375,179.49380493164062,382.79779052734375,2077.5751953125,127.3517837524414,51.34617233276367,8.6,122
Sweet,241.75405883789065,165.10043334960938,339.27783203125,1876.893798828125,124.58326721191406,54.30845260620117,8.6,122
Sweet,219.85015869140625,154.09373474121094,330.396240234375,1910.5340576171875,123.8911361694336,53.32102584838867,8.6,122
Sweet,251.48912048339844,171.02711486816406,342.8305053710937,2122.815673828125,109.3564224243164,45.42161560058594,8.6,122
Sweet,249.8666076660156,174.41378784179688,373.9161682128906,2193.576171875,121.12261962890624,49.37131881713867,8.6,122
Sweet,239.32028198242188,167.64044189453125,344.6068115234375,2158.77587890625,110.04855346679688,43.44676208496094,8.6,122
Sweet,244.9990692138672,168.4871063232422,335.7251892089844,1974.3345947265625,116.96984100341795,46.40904235839844,8.6,122
Sweet,250.6778564453125,176.1071319580078,350.8239440917969,2069.455322265625,114.20132446289062,44.43418884277344,8.6,122
Sweet,254.734130859375,176.1071319580078,366.8108520507813,2048.5751953125,125.27539825439452,52.33359909057617,8.6,122
Sweet,264.4692077636719,182.0338134765625,373.0279846191406,2103.095458984375,125.27539825439452,50.35874557495117,8.6,122
Sweet,266.0917053222656,195.5805206298828,370.363525390625,2359.457275390625,112.12493896484376,42.45933532714844,8.2,123
Sweet,287.1843566894531,204.8938751220703,415.6597595214844,2355.977294921875,131.5045623779297,52.33359909057617,8.2,123
Sweet,281.50555419921875,193.0405120849609,394.3438720703125,2310.737060546875,134.2730712890625,56.28330612182617,8.2,123
Sweet,278.2605285644531,201.5072021484375,411.2189636230469,2459.218017578125,131.5045623779297,53.32102584838867,8.2,123
Sweet,279.883056640625,195.5805206298828,408.5544738769531,2418.617919921875,140.5022430419922,51.34617233276367,8.2,123
Sweet,271.7705078125,193.0405120849609,397.89654541015625,2354.8173828125,138.4258575439453,56.28330612182617,8.2,123
Sweet,269.33673095703125,193.88717651367188,381.90960693359375,2332.777099609375,130.12030029296875,50.35874557495117,8.2,123
Sweet,284.7505798339844,193.88717651367188,391.6793823242188,2440.657958984375,136.34945678710938,55.29587936401367,8.2,123
Sweet,305.8432312011719,204.8938751220703,411.2189636230469,2529.978759765625,132.19668579101562,51.34617233276367,8.2,123
Sweet,267.7142333984375,184.5738220214844,387.2385864257813,2136.73583984375,128.7360382080078,52.33359909057617,8.2,123
Sweet,262.8466796875,176.95379638671875,353.4884338378906,2107.735595703125,125.27539825439452,53.32102584838867,8.2,123
Sweet,262.0354309082031,182.88047790527344,358.8174133300781,2237.656494140625,124.58326721191406,49.37131881713867,8.2,123
Sweet,268.5254821777344,190.50050354003903,376.5806579589844,2299.136962890625,130.12030029296875,53.32102584838867,8.2,123
Sweet,292.8631286621094,205.74053955078125,415.6597595214844,2592.619140625,141.88648986816406,53.32102584838867,8.2,123
Sweet,313.1445007324219,218.44058227539065,419.21240234375,2691.2197265625,125.96752166748048,47.39646911621094,8.2,123
Sweet,309.0882263183594,210.820556640625,430.7585144042969,2668.019775390625,141.19436645507812,53.32102584838867,8.2,123
Sweet,277.44927978515625,193.88717651367188,396.1202087402344,2338.5771484375,132.88882446289062,49.37131881713867,8.2,123
Sweet,280.6943054199219,195.5805206298828,401.4491882324219,2403.53759765625,128.04391479492188,49.37131881713867,8.2,123
Sweet,261.22418212890625,183.72715759277344,349.0476379394531,2169.216064453125,115.58558654785156,46.40904235839844,8.2,123
Sweet,267.7142333984375,187.9604949951172,372.1398315429688,2267.816650390625,129.4281768798828,50.35874557495117,8.2,123
Sweet,262.0354309082031,176.95379638671875,370.363525390625,2086.85546875,134.2730712890625,57.27073287963867,8.2,123
Sweet,240.9427947998047,171.873779296875,335.7251892089844,2012.6148681640625,118.3541030883789,51.34617233276367,8.2,123
Sweet,261.22418212890625,180.3404693603516,361.4819030761719,2229.536376953125,121.12261962890624,48.38389205932617,8.2,123
Sweet,272.5817565917969,189.65383911132807,382.79779052734375,2364.097412109375,123.8911361694336,50.35874557495117,8.2,123
Sweet,296.108154296875,202.35386657714844,412.9952697753906,2517.218505859375,136.34945678710938,54.30845260620117,8.2,123
Sweet,283.1280822753906,191.34716796875,381.0214538574219,2291.016845703125,132.19668579101562,50.35874557495117,8.2,123
Sweet,310.71075439453125,206.5872039794922,415.6597595214844,2378.017578125,146.03927612304688,60.233009338378906,8.2,123
Sweet,261.22418212890625,186.26715087890625,395.2320556640625,2315.376953125,140.5022430419922,57.27073287963867,8.2,123
Sweet,269.33673095703125,196.4271850585937,402.33734130859375,2315.376953125,124.58326721191406,48.38389205932617,8.2,123
Sweet,272.5817565917969,193.0405120849609,395.2320556640625,2173.85595703125,134.9652099609375,53.32102584838867,8.2,123
Sweet,265.28045654296875,182.88047790527344,377.46881103515625,2195.896240234375,132.19668579101562,57.27073287963867,8.2,123
Sweet,243.37657165527344,167.64044189453125,357.04107666015625,2070.615234375,122.5068817138672,54.30845260620117,8.2,123
Sweet,237.69778442382807,173.56712341308594,360.5937194824219,2072.935302734375,120.43048858642578,55.29587936401367,9.0,124
Sweet,248.2440948486328,169.3337860107422,370.363525390625,2056.695068359375,125.96752166748048,53.32102584838867,9.0,124
Sweet,225.5289459228516,167.64044189453125,333.9488830566406,2070.615234375,111.43280792236328,47.39646911621094,9.0,124
Sweet,253.11163330078125,178.6471405029297,361.4819030761719,2092.655517578125,123.19900512695312,52.33359909057617,9.0,124
Sweet,259.6016845703125,179.49380493164062,387.2385864257813,2200.5361328125,125.96752166748048,51.34617233276367,9.0,124
Sweet,255.5453948974609,177.80047607421875,351.71209716796875,2140.2158203125,121.81475067138672,48.38389205932617,9.0,124
Sweet,257.1679077148437,181.1871490478516,366.8108520507813,2190.09619140625,121.12261962890624,49.37131881713867,9.0,124
Sweet,244.9990692138672,176.1071319580078,357.9292297363281,2133.255615234375,127.3517837524414,53.32102584838867,9.0,124
Sweet,258.7904052734375,182.0338134765625,368.5871887207031,2219.096435546875,123.8911361694336,51.34617233276367,9.0,124
Sweet,270.1479797363281,190.50050354003903,387.2385864257813,2271.296630859375,132.88882446289062,52.33359909057617,9.0,124
Sweet,270.959228515625,187.11383056640625,373.0279846191406,2382.657470703125,122.5068817138672,48.38389205932617,9.0,124
Sweet,253.11163330078125,176.1071319580078,359.70556640625,2340.897216796875,117.66197204589844,47.39646911621094,9.0,124
Sweet,223.09518432617188,154.94041442871094,302.8632202148437,1778.2930908203125,121.81475067138672,50.35874557495117,9.0,124
Sweet,234.4527587890625,163.4071044921875,351.71209716796875,1984.774658203125,120.43048858642578,51.34617233276367,9.0,124
Sweet,232.8302459716797,165.10043334960938,326.84356689453125,1999.854736328125,110.04855346679688,45.42161560058594,9.0,124
Sweet,251.48912048339844,176.1071319580078,340.166015625,2111.215576171875,112.12493896484376,45.42161560058594,9.0,124
Sweet,250.6778564453125,175.26046752929688,369.475341796875,2244.616455078125,125.96752166748048,50.35874557495117,9.0,124
Sweet,253.11163330078125,175.26046752929688,336.6133728027344,2121.655517578125,115.58558654785156,47.39646911621094,9.0,124
Sweet,256.3566589355469,177.80047607421875,346.3831481933594,2173.85595703125,119.73835754394533,47.39646911621094,9.0,124
Sweet,270.1479797363281,183.72715759277344,358.8174133300781,2246.9365234375,122.5068817138672,47.39646911621094,9.0,124
Sweet,298.5419311523437,200.6605224609375,391.6793823242188,2471.978271484375,124.58326721191406,46.40904235839844,9.0,124
Sweet,240.9427947998047,171.02711486816406,343.7186584472656,1976.654541015625,134.2730712890625,58.25815582275391,9.0,124
Sweet,239.32028198242188,168.4871063232422,349.935791015625,2057.855224609375,124.58326721191406,53.32102584838867,9.0,124
Sweet,214.1713714599609,149.01373291015625,315.2974853515625,1730.7327880859375,126.65965270996094,56.28330612182617,9.0,124
Sweet,249.05535888671875,172.720458984375,355.2647705078125,2118.175537109375,114.20132446289062,46.40904235839844,9.0,124
Sweet,238.509033203125,162.5604248046875,349.0476379394531,2094.975341796875,116.27771759033205,48.38389205932617,9.0,124
Sweet,236.0752716064453,165.10043334960938,317.07379150390625,1991.734619140625,114.20132446289062,46.40904235839844,9.0,124
Sweet,236.8865203857422,165.10043334960938,332.17254638671875,2056.695068359375,114.8934555053711,48.38389205932617,9.0,124
Sweet,213.3601226806641,154.09373474121094,309.968505859375,1774.8131103515625,123.19900512695312,54.30845260620117,9.0,124
Sweet,241.75405883789065,168.4871063232422,356.1529235839844,2009.134765625,126.65965270996094,55.29587936401367,9.0,124
Sweet,236.8865203857422,165.10043334960938,363.2582092285156,2012.6148681640625,131.5045623779297,56.28330612182617,9.0,124
Sweet,269.33673095703125,185.4204864501953,399.6728515625,2238.81640625,132.88882446289062,54.30845260620117,9.0,124
Sweet,260.4129333496094,176.95379638671875,369.475341796875,2048.5751953125,119.04623413085938,46.40904235839844,8.0,125
Sweet,256.3566589355469,176.1071319580078,338.3896789550781,2115.855712890625,108.66429138183594,44.43418884277344,8.0,125
Sweet,255.5453948974609,182.0338134765625,359.70556640625,2103.095458984375,112.12493896484376,46.40904235839844,8.0,125
Sweet,265.28045654296875,185.4204864501953,354.3765869140625,2234.176513671875,110.74068450927734,44.43418884277344,8.0,125
Sweet,279.0718078613281,194.7338409423828,392.5675659179688,2289.85693359375,114.20132446289062,43.44676208496094,8.0,125
Sweet,305.8432312011719,210.820556640625,438.7519836425781,2526.49853515625,132.19668579101562,49.37131881713867,8.0,125
Sweet,283.9393310546875,195.5805206298828,395.2320556640625,2246.9365234375,126.65965270996094,48.38389205932617,8.0,125
Sweet,275.0155334472656,191.34716796875,384.5740966796875,2282.896728515625,125.96752166748048,48.38389205932617,8.0,125
Sweet,249.05535888671875,171.873779296875,353.4884338378906,1983.6146240234373,132.19668579101562,52.33359909057617,8.0,125
Sweet,248.2440948486328,176.95379638671875,358.8174133300781,2126.295654296875,115.58558654785156,49.37131881713867,8.0,125
Sweet,243.37657165527344,171.873779296875,356.1529235839844,2091.495361328125,120.43048858642578,50.35874557495117,8.0,125
Sweet,266.9029541015625,186.26715087890625,378.3569641113281,2162.255859375,121.12261962890624,48.38389205932617,8.0,125
Sweet,258.7904052734375,183.72715759277344,369.475341796875,2115.855712890625,130.12030029296875,53.32102584838867,8.0,125
Sweet,266.9029541015625,187.9604949951172,373.9161682128906,2228.37646484375,127.3517837524414,51.34617233276367,8.0,125
Sweet,243.37657165527344,171.873779296875,352.60028076171875,2019.5748291015625,132.88882446289062,55.29587936401367,8.0,125
Sweet,265.28045654296875,187.9604949951172,384.5740966796875,2266.65673828125,127.3517837524414,49.37131881713867,8.0,125
Sweet,237.69778442382807,164.25376892089844,316.1856384277344,1784.0931396484375,132.19668579101562,56.28330612182617,8.0,125
Sweet,237.69778442382807,169.3337860107422,334.8370361328125,1946.494384765625,109.3564224243164,41.47190856933594,8.0,125
Sweet,240.9427947998047,160.02041625976562,331.2843933105469,1694.7724609375,119.73835754394533,49.37131881713867,8.0,125
Sweet,237.69778442382807,166.7937774658203,323.2909240722656,1910.5340576171875,110.74068450927734,43.44676208496094,8.0,125
Sweet,241.75405883789065,167.64044189453125,344.6068115234375,2019.5748291015625,121.81475067138672,51.34617233276367,8.0,125
Sweet,256.3566589355469,182.88047790527344,349.935791015625,2188.93603515625,122.5068817138672,53.32102584838867,8.0,125
Sweet,249.8666076660156,171.02711486816406,361.4819030761719,2081.055419921875,127.3517837524414,54.30845260620117,8.0,125
Sweet,239.32028198242188,169.3337860107422,326.84356689453125,2006.8148193359373,126.65965270996094,55.29587936401367,8.0,125
Sweet,257.9791564941406,167.64044189453125,339.27783203125,2018.4149169921875,121.81475067138672,50.35874557495117,8.0,125
Sweet,240.9427947998047,166.7937774658203,320.6264343261719,1955.7744140625,122.5068817138672,52.33359909057617,8.0,125
Sweet,248.2440948486328,164.25376892089844,345.4949645996094,2125.1357421875,128.04391479492188,54.30845260620117,8.0,125
Sweet,210.11509704589844,149.01373291015625,264.6722412109375,1618.2119140625,119.73835754394533,53.32102584838867,8.0,125
Sweet,252.3003692626953,177.80047607421875,368.5871887207031,2052.05517578125,116.96984100341795,51.34617233276367,8.0,125
Sweet,223.09518432617188,158.32708740234375,324.1791076660156,1890.81396484375,125.96752166748048,53.32102584838867,8.0,125
Sweet,253.92288208007807,177.80047607421875,341.0541687011719,2106.575439453125,102.43512725830078,38.50962829589844,8.0,125
Sweet,245.81033325195312,174.41378784179688,347.27130126953125,2010.2947998046875,126.65965270996094,53.32102584838867,8.0,125
Sweet,253.11163330078125,176.1071319580078,361.4819030761719,2072.935302734375,128.7360382080078,53.32102584838867,8.2,126
Sweet,260.4129333496094,187.9604949951172,377.46881103515625,2274.77685546875,122.5068817138672,48.38389205932617,8.2,126
Sweet,279.883056640625,199.81385803222656,378.3569641113281,2403.53759765625,127.3517837524414,51.34617233276367,8.2,126
Sweet,358.5747985839844,235.3739471435547,474.2784423828125,2930.181640625,155.7290802001953,54.30845260620117,8.2,126
Sweet,311.5220031738281,209.1272125244141,429.870361328125,2562.458984375,157.8054656982422,55.29587936401367,8.2,126
Sweet,275.8267822265625,190.50050354003903,385.4622497558594,2338.5771484375,126.65965270996094,47.39646911621094,8.2,126
Sweet,269.33673095703125,187.11383056640625,375.6924743652344,2140.2158203125,122.5068817138672,50.35874557495117,8.2,126
Sweet,253.11163330078125,175.26046752929688,371.2516784667969,2250.41650390625,129.4281768798828,52.33359909057617,8.2,126
Sweet,267.7142333984375,182.88047790527344,355.2647705078125,2179.656005859375,121.12261962890624,48.38389205932617,8.2,126
Sweet,262.0354309082031,176.1071319580078,363.2582092285156,2139.0556640625,132.19668579101562,54.30845260620117,8.2,126
Sweet,240.9427947998047,171.873779296875,324.1791076660156,1998.6947021484373,110.04855346679688,45.42161560058594,8.2,126
Sweet,267.7142333984375,195.5805206298828,392.5675659179688,2324.6572265625,117.66197204589844,47.39646911621094,8.2,126
Sweet,283.1280822753906,198.9671936035156,401.4491882324219,2302.616943359375,133.58094787597656,55.29587936401367,8.2,126
Sweet,317.2007751464844,221.82725524902344,438.7519836425781,2728.340087890625,145.34713745117188,55.29587936401367,8.2,126
Sweet,335.04840087890625,226.0605926513672,457.40338134765625,2893.061279296875,146.7313995361328,51.34617233276367,8.2,126
Sweet,305.8432312011719,209.9738922119141,442.30462646484375,2460.378173828125,159.18972778320312,58.25815582275391,8.2,126
Sweet,301.78692626953125,210.820556640625,450.298095703125,2518.378662109375,143.962890625,55.29587936401367,8.2,126
Sweet,268.5254821777344,192.19384765625,386.3504333496094,2394.257568359375,123.8911361694336,48.38389205932617,8.2,126
Sweet,260.4129333496094,182.0338134765625,370.363525390625,2314.217041015625,128.7360382080078,54.30845260620117,8.2,126
Sweet,246.62158203125,170.18045043945312,336.6133728027344,2064.815185546875,120.43048858642578,50.35874557495117,8.2,126
Sweet,247.432846069336,171.02711486816406,338.3896789550781,1982.45458984375,116.27771759033205,48.38389205932617,8.2,126
Sweet,253.92288208007807,174.41378784179688,363.2582092285156,2082.21533203125,124.58326721191406,51.34617233276367,8.2,126
Sweet,250.6778564453125,177.80047607421875,343.7186584472656,2062.4951171875,113.50920104980467,45.42161560058594,8.2,126
Sweet,275.0155334472656,194.7338409423828,370.363525390625,2342.057373046875,116.27771759033205,45.42161560058594,8.2,126
Sweet,271.7705078125,194.7338409423828,365.0345458984375,2349.017333984375,112.12493896484376,44.43418884277344,8.2,126
Sweet,282.3168029785156,196.4271850585937,377.46881103515625,2388.45751953125,125.96752166748048,47.39646911621094,8.2,126
Sweet,305.8432312011719,214.2072296142578,437.8638305664063,2427.89794921875,147.4235382080078,54.30845260620117,8.2,126
Sweet,304.220703125,202.35386657714844,405.0018310546875,2359.457275390625,134.9652099609375,50.35874557495117,8.2,126
Sweet,312.333251953125,214.2072296142578,432.5348510742188,2585.658935546875,137.7337188720703,51.34617233276367,8.2,126
Sweet,293.67437744140625,204.8938751220703,425.4295349121094,2431.3779296875,131.5045623779297,49.37131881713867,8.2,126
Sweet,253.92288208007807,176.1071319580078,383.6859436035156,2187.776123046875,127.3517837524414,56.28330612182617,8.2,126
Sweet,243.37657165527344,166.7937774658203,344.6068115234375,1927.9342041015625,123.8911361694336,54.30845260620117,8.2,126
Sweet,253.92288208007807,173.56712341308594,323.2909240722656,1961.574462890625,110.04855346679688,44.43418884277344,9.2,127
Sweet,257.9791564941406,176.1071319580078,337.50152587890625,2017.2548828125,119.04623413085938,48.38389205932617,9.2,127
Sweet,251.48912048339844,177.80047607421875,379.2451171875,2242.296630859375,125.27539825439452,53.32102584838867,9.2,127
Sweet,228.7739715576172,153.2470703125,333.9488830566406,1943.0142822265625,129.4281768798828,56.28330612182617,9.2,127
Sweet,224.7176971435547,158.32708740234375,301.9750366210937,1852.53369140625,105.8957748413086,43.44676208496094,9.2,127
Sweet,261.22418212890625,186.26715087890625,373.9161682128906,2197.05615234375,113.50920104980467,44.43418884277344,9.2,127
Sweet,267.7142333984375,188.80715942382807,390.7912292480469,2304.93701171875,132.88882446289062,55.29587936401367,9.2,127
Sweet,268.5254821777344,184.5738220214844,386.3504333496094,2315.376953125,133.58094787597656,55.29587936401367,9.2,127
Sweet,249.05535888671875,170.18045043945312,349.935791015625,2177.3359375,125.96752166748048,51.34617233276367,9.2,127
Sweet,247.432846069336,171.02711486816406,314.4093017578125,1903.573974609375,103.12725830078124,41.47190856933594,9.2,127
Sweet,230.396484375,159.1737518310547,319.73828125,1969.6944580078125,118.3541030883789,51.34617233276367,9.2,127
Sweet,242.5653076171875,169.3337860107422,360.5937194824219,2089.17529296875,121.81475067138672,54.30845260620117,9.2,127
Sweet,239.32028198242188,166.7937774658203,330.396240234375,1991.734619140625,114.20132446289062,45.42161560058594,9.2,127
Sweet,233.6415100097656,163.4071044921875,354.3765869140625,1886.1739501953125,119.04623413085938,48.38389205932617,9.2,127
Sweet,215.7938842773437,154.94041442871094,309.0803527832031,1862.9737548828125,109.3564224243164,48.38389205932617,9.2,127
Sweet,257.1679077148437,175.26046752929688,333.0606994628906,2103.095458984375,106.58790588378906,42.45933532714844,9.2,127
Sweet,257.1679077148437,174.41378784179688,350.8239440917969,1974.3345947265625,133.58094787597656,55.29587936401367,9.2,127
Sweet,254.734130859375,176.1071319580078,357.04107666015625,2156.455810546875,125.96752166748048,52.33359909057617,9.2,127
Sweet,244.9990692138672,169.3337860107422,353.4884338378906,2079.895263671875,126.65965270996094,55.29587936401367,9.2,127
Sweet,234.4527587890625,162.5604248046875,344.6068115234375,2065.975341796875,112.81707000732422,47.39646911621094,9.2,127
Sweet,266.0917053222656,182.0338134765625,365.9226989746094,2190.09619140625,112.81707000732422,47.39646911621094,9.2,127
Sweet,240.9427947998047,161.71376037597656,333.9488830566406,1849.0535888671875,116.27771759033205,50.35874557495117,9.2,127
Sweet,215.7938842773437,148.16705322265625,300.19873046875,1873.413818359375,120.43048858642578,52.33359909057617,9.2,127
Sweet,206.87008666992188,142.24037170410156,293.0934143066406,1744.65283203125,117.66197204589844,50.35874557495117,9.2,127
Sweet,219.85015869140625,148.16705322265625,270.8893737792969,1613.5718994140625,101.05087280273438,42.45933532714844,9.2,127
Sweet,233.6415100097656,159.1737518310547,322.4027709960937,1941.8543701171875,109.3564224243164,44.43418884277344,9.2,127
Sweet,244.1878204345703,169.3337860107422,341.9423217773437,2085.6953125,119.73835754394533,51.34617233276367,9.2,127
Sweet,254.734130859375,179.49380493164062,345.4949645996094,2108.8955078125,119.04623413085938,46.40904235839844,9.2,127
Sweet,256.3566589355469,180.3404693603516,368.5871887207031,2207.496337890625,124.58326721191406,49.37131881713867,9.2,127
Sweet,255.5453948974609,175.26046752929688,372.1398315429688,2106.575439453125,121.81475067138672,48.38389205932617,9.2,127
Sweet,218.22764587402344,151.55372619628906,303.7513732910156,1686.6524658203125,117.66197204589844,50.35874557495117,9.2,127
Sweet,232.8302459716797,154.94041442871094,328.6199035644531,1890.81396484375,119.04623413085938,54.30845260620117,9.2,127
Sweet,262.8466796875,180.3404693603516,359.70556640625,2154.135986328125,115.58558654785156,45.42161560058594,9.0,128
Sweet,288.8068542480469,196.4271850585937,393.4557189941406,2337.417236328125,124.58326721191406,49.37131881713867,9.0,128
Sweet,269.33673095703125,192.19384765625,403.2254943847656,2294.496826171875,131.5045623779297,51.34617233276367,9.0,128
Sweet,270.1479797363281,192.19384765625,385.4622497558594,2264.336669921875,128.04391479492188,51.34617233276367,9.0,128
Sweet,279.0718078613281,198.9671936035156,406.7781372070313,2445.298095703125,138.4258575439453,58.25815582275391,9.0,128
Sweet,264.4692077636719,188.80715942382807,397.89654541015625,2405.857666015625,138.4258575439453,58.25815582275391,9.0,128
Sweet,284.7505798339844,199.81385803222656,405.8899841308594,2436.01806640625,130.8124237060547,50.35874557495117,9.0,128
Sweet,263.657958984375,189.65383911132807,370.363525390625,2345.537353515625,124.58326721191406,51.34617233276367,9.0,128
Sweet,264.4692077636719,187.11383056640625,371.2516784667969,2180.816162109375,119.04623413085938,48.38389205932617,9.0,128
Sweet,246.62158203125,176.1071319580078,375.6924743652344,2172.696044921875,129.4281768798828,55.29587936401367,9.0,128
Sweet,245.81033325195312,171.02711486816406,337.50152587890625,2062.4951171875,120.43048858642578,50.35874557495117,9.0,128
Sweet,288.8068542480469,202.35386657714844,399.6728515625,2317.697021484375,121.12261962890624,47.39646911621094,9.0,128
Sweet,266.9029541015625,187.9604949951172,370.363525390625,2346.697265625,123.8911361694336,52.33359909057617,9.0,128
Sweet,279.0718078613281,193.0405120849609,389.903076171875,2287.536865234375,124.58326721191406,47.39646911621094,9.0,128
Sweet,272.5817565917969,193.0405120849609,391.6793823242188,2255.056640625,130.12030029296875,55.29587936401367,9.0,128
Sweet,270.959228515625,193.0405120849609,390.7912292480469,2488.21826171875,137.04159545898438,55.29587936401367,9.0,128
Sweet,307.4657287597656,215.05389404296875,428.0940246582031,2650.61962890625,137.7337188720703,55.29587936401367,9.0,128
Sweet,260.4129333496094,182.88047790527344,389.903076171875,2299.136962890625,132.88882446289062,52.33359909057617,9.0,128
Sweet,277.44927978515625,189.65383911132807,397.0083618164063,2291.016845703125,128.7360382080078,48.38389205932617,9.0,128
Sweet,244.1878204345703,172.720458984375,353.4884338378906,2031.1749267578125,121.12261962890624,52.33359909057617,9.0,128
Sweet,236.8865203857422,162.5604248046875,337.50152587890625,1937.2142333984373,125.96752166748048,57.27073287963867,9.0,128
Sweet,238.509033203125,165.10043334960938,341.0541687011719,1989.4146728515625,124.58326721191406,54.30845260620117,9.0,128
Sweet,239.32028198242188,169.3337860107422,332.17254638671875,1963.89453125,114.8934555053711,47.39646911621094,9.0,128
Sweet,283.1280822753906,196.4271850585937,375.6924743652344,2361.77734375,127.3517837524414,48.38389205932617,9.0,128
Sweet,292.8631286621094,206.5872039794922,412.1071166992188,2651.779541015625,133.58094787597656,51.34617233276367,9.0,128
Sweet,292.8631286621094,202.35386657714844,414.7716064453125,2514.8984375,142.57862854003906,52.33359909057617,9.0,128
Sweet,309.0882263183594,215.90057373046875,423.6532287597656,2691.2197265625,139.8101043701172,54.30845260620117,9.0,128
Sweet,300.1644287109375,203.20053100585932,420.1005859375,2589.13916015625,146.03927612304688,52.33359909057617,9.0,128
Sweet,264.4692077636719,183.72715759277344,387.2385864257813,2185.4560546875,135.65733337402344,53.32102584838867,9.0,128
Sweet,251.48912048339844,175.26046752929688,363.2582092285156,2155.2958984375,125.96752166748048,53.32102584838867,9.0,128
Sweet,248.2440948486328,170.18045043945312,338.3896789550781,2114.695556640625,123.19900512695312,49.37131881713867,9.0,128
Sweet,255.5453948974609,172.720458984375,357.04107666015625,1968.5345458984373,121.12261962890624,48.38389205932617,9.0,128
Sweet,290.42938232421875,205.74053955078125,409.442626953125,2477.7783203125,130.12030029296875,50.35874557495117,9.8,129
Sweet,268.5254821777344,194.7338409423828,384.5740966796875,2468.498291015625,129.4281768798828,52.33359909057617,9.8,129
Sweet,277.44927978515625,198.9671936035156,405.8899841308594,2516.05859375,124.58326721191406,46.40904235839844,9.8,129
Sweet,267.7142333984375,185.4204864501953,380.13330078125,2207.496337890625,128.04391479492188,51.34617233276367,9.8,129
Sweet,268.5254821777344,186.26715087890625,375.6924743652344,2250.41650390625,119.04623413085938,48.38389205932617,9.8,129
Sweet,264.4692077636719,183.72715759277344,373.0279846191406,2188.93603515625,127.3517837524414,50.35874557495117,9.8,129
Sweet,266.0917053222656,183.72715759277344,379.2451171875,2204.016357421875,125.96752166748048,50.35874557495117,9.8,129
Sweet,270.959228515625,193.0405120849609,386.3504333496094,2373.37744140625,132.19668579101562,54.30845260620117,9.8,129
Sweet,274.2042541503906,187.9604949951172,373.0279846191406,2360.617431640625,125.27539825439452,49.37131881713867,9.8,129
Sweet,275.0155334472656,191.34716796875,379.2451171875,2249.256591796875,132.19668579101562,52.33359909057617,9.8,129
Sweet,283.9393310546875,195.5805206298828,407.6663208007813,2351.33740234375,136.34945678710938,53.32102584838867,9.8,129
Sweet,288.8068542480469,204.04721069335932,435.1993408203125,2561.298828125,132.88882446289062,49.37131881713867,9.8,129
Sweet,286.3730773925781,193.0405120849609,403.2254943847656,2311.89697265625,136.34945678710938,51.34617233276367,9.8,129
Sweet,251.48912048339844,178.6471405029297,365.9226989746094,2105.41552734375,124.58326721191406,50.35874557495117,9.8,129
Sweet,253.92288208007807,177.80047607421875,369.475341796875,2126.295654296875,125.27539825439452,52.33359909057617,9.8,129
Sweet,243.37657165527344,168.4871063232422,341.9423217773437,2038.135009765625,119.73835754394533,47.39646911621094,9.8,129
Sweet,258.7904052734375,175.26046752929688,363.2582092285156,2183.135986328125,120.43048858642578,48.38389205932617,9.8,129
Sweet,271.7705078125,187.9604949951172,384.5740966796875,2325.817138671875,128.04391479492188,47.39646911621094,9.8,129
Sweet,276.6380310058594,192.19384765625,388.1267395019531,2227.21630859375,125.27539825439452,48.38389205932617,9.8,129
Sweet,279.883056640625,196.4271850585937,400.5610046386719,2440.657958984375,130.12030029296875,51.34617233276367,9.8,129
Sweet,269.33673095703125,190.50050354003903,372.1398315429688,2246.9365234375,130.12030029296875,51.34617233276367,9.8,129
Sweet,269.33673095703125,186.26715087890625,380.13330078125,2330.457275390625,141.19436645507812,59.245582580566406,9.8,129
Sweet,269.33673095703125,187.9604949951172,381.0214538574219,2297.97705078125,130.8124237060547,54.30845260620117,9.8,129
Sweet,257.9791564941406,182.0338134765625,382.79779052734375,2335.09716796875,131.5045623779297,54.30845260620117,9.8,129
Sweet,240.1315460205078,168.4871063232422,335.7251892089844,2085.6953125,118.3541030883789,49.37131881713867,9.8,129
Sweet,226.3402099609375,158.32708740234375,320.6264343261719,1973.174560546875,116.27771759033205,47.39646911621094,9.8,129
Sweet,235.26400756835932,165.9470977783203,320.6264343261719,1969.6944580078125,113.50920104980467,46.40904235839844,9.8,129
Sweet,269.33673095703125,187.9604949951172,373.9161682128906,2207.496337890625,117.66197204589844,46.40904235839844,9.8,129
Sweet,282.3168029785156,200.6605224609375,403.2254943847656,2390.777587890625,128.7360382080078,51.34617233276367,9.8,129
Sweet,281.50555419921875,199.81385803222656,412.1071166992188,2418.617919921875,137.7337188720703,54.30845260620117,9.8,129
Sweet,299.3531799316406,207.4338836669922,417.4360961914063,2488.21826171875,138.4258575439453,54.30845260620117,9.8,129
Sweet,281.50555419921875,189.65383911132807,385.4622497558594,2390.777587890625,138.4258575439453,54.30845260620117,9.8,129
Sweet,289.6181030273437,204.8938751220703,421.87689208984375,2620.459228515625,146.03927612304688,60.233009338378906,9.4,130
Sweet,314.7670288085937,218.44058227539065,428.0940246582031,2840.86083984375,130.12030029296875,50.35874557495117,9.4,130
Sweet,303.4094543457031,218.44058227539065,444.9691162109375,2787.50048828125,133.58094787597656,50.35874557495117,9.4,130
Sweet,280.6943054199219,198.1205291748047,418.3242492675781,2513.738525390625,139.11798095703125,55.29587936401367,9.4,130
Sweet,271.7705078125,191.34716796875,373.9161682128906,2368.737548828125,134.2730712890625,55.29587936401367,9.4,130
Sweet,283.9393310546875,197.2738494873047,393.4557189941406,2444.137939453125,130.8124237060547,53.32102584838867,9.4,130
Sweet,262.0354309082031,185.4204864501953,370.363525390625,2332.777099609375,123.19900512695312,51.34617233276367,9.4,130
Sweet,282.3168029785156,198.9671936035156,406.7781372070313,2510.258544921875,128.04391479492188,52.33359909057617,9.4,130
Sweet,296.108154296875,208.28054809570312,429.870361328125,2505.618408203125,142.57862854003906,56.28330612182617,9.4,130
Sweet,305.8432312011719,215.90057373046875,432.5348510742188,2549.69873046875,131.5045623779297,52.33359909057617,9.4,130
Sweet,304.220703125,209.9738922119141,403.2254943847656,2396.57763671875,131.5045623779297,50.35874557495117,9.4,130
Sweet,302.59820556640625,209.9738922119141,416.5479431152344,2384.9775390625,137.04159545898438,50.35874557495117,9.4,130
Sweet,296.9194030761719,207.4338836669922,436.0874938964844,2596.09912109375,144.65501403808594,55.29587936401367,9.4,130
Sweet,305.0319519042969,211.667221069336,422.76507568359375,2655.259521484375,128.04391479492188,50.35874557495117,9.4,130
Sweet,287.99560546875,202.35386657714844,400.5610046386719,2496.33837890625,122.5068817138672,49.37131881713867,9.4,130
Sweet,266.9029541015625,183.72715759277344,380.13330078125,2164.575927734375,131.5045623779297,52.33359909057617,9.4,130
Sweet,244.9990692138672,175.26046752929688,354.3765869140625,2132.095703125,125.96752166748048,50.35874557495117,9.4,130
Sweet,257.9791564941406,177.80047607421875,357.9292297363281,2065.975341796875,130.12030029296875,55.29587936401367,9.4,130
Sweet,256.3566589355469,179.49380493164062,365.0345458984375,2091.495361328125,125.27539825439452,52.33359909057617,9.4,130
Sweet,256.3566589355469,174.41378784179688,362.37005615234375,2070.615234375,132.88882446289062,57.27073287963867,9.4,130
Sweet,300.9756774902344,203.20053100585932,380.13330078125,2310.737060546875,135.65733337402344,51.34617233276367,9.4,130
Sweet,260.4129333496094,184.5738220214844,377.46881103515625,2140.2158203125,127.3517837524414,48.38389205932617,9.4,130
Sweet,280.6943054199219,193.0405120849609,387.2385864257813,2227.21630859375,133.58094787597656,52.33359909057617,9.4,130
Sweet,279.883056640625,194.7338409423828,393.4557189941406,2310.737060546875,137.7337188720703,57.27073287963867,9.4,130
Sweet,300.1644287109375,193.0405120849609,390.7912292480469,2241.136474609375,137.04159545898438,55.29587936401367,9.4,130
Sweet,279.883056640625,199.81385803222656,406.7781372070313,2458.05810546875,144.65501403808594,57.27073287963867,9.4,130
Sweet,268.5254821777344,179.49380493164062,397.89654541015625,2316.537109375,132.88882446289062,53.32102584838867,9.4,130
Sweet,244.9990692138672,174.41378784179688,367.6990356445313,2205.17626953125,131.5045623779297,51.34617233276367,9.4,130
Sweet,244.9990692138672,174.41378784179688,352.60028076171875,2121.655517578125,121.81475067138672,51.34617233276367,9.4,130
Sweet,249.8666076660156,175.26046752929688,365.0345458984375,2181.97607421875,128.04391479492188,55.29587936401367,9.4,130
Sweet,238.509033203125,171.02711486816406,349.0476379394531,2133.255615234375,120.43048858642578,52.33359909057617,9.4,130
Sweet,266.9029541015625,178.6471405029297,360.5937194824219,2205.17626953125,121.81475067138672,50.35874557495117,9.4,130
